adresse;name;signatur
0x00401000;xyAreValid;BOOLEnum xyAreValid(ViewportRenderState * this, uint x, uint y)
0x00401040;translateXYToTile;int translateXYToTile(ViewportRenderState * this, int x, int y)
0x00401060;processEntityDamageToBuildingCollateralThunk;void processEntityDamageToBuildingCollateralThunk(TileMapState * this, undefined4 tile, undefined4 x_2, undefined4 y_2, undefined4 damage, undefined4 playerID, undefined4 unused)
0x00401090;isSameTeam;BOOLEnum isSameTeam(GameStateStructures * this, int playerID1, int playerID2)
0x004010b0;isAIPlayer;BOOLEnum isAIPlayer(GameSynchronyState * this, int playerID)
0x004010e0;clearEntityArrayAndSec1077;void clearEntityArrayAndSec1077(EntityState * this)
0x00401150;playerHasEntityOfType;BOOLEnum playerHasEntityOfType(EntityState * this, int playerID, EntityType entityType)
0x004011d0;setProjectileEntityValues2;void setProjectileEntityValues2(EntityState * this, int entityID, EntityType entityType)
0x004012f0;setEntityParameters;void setEntityParameters(EntityState * this, int entityID, undefined4 entityType, int gmLookupValue)
0x00401380;drawEntityEffect;void drawEntityEffect(EntityState * this, int entityID, undefined4 entityType, int graphicType1, int graphicType2)
0x00401400;markEntityDestroyed;void markEntityDestroyed(EntityState * this, int param_1)
0x00401430;tickEntityDecayCounter;void tickEntityDecayCounter(EntityState * this, int param_1)
0x00401460;doSomethingWithOtherEntitiesOnTile;void doSomethingWithOtherEntitiesOnTile(EntityState * this, uint entityID)
0x00401540;getFireEntityIDAtTile;int getFireEntityIDAtTile(EntityState * this, int tile)
0x00401570;updateAllFireEntitiesAtTile;int updateAllFireEntitiesAtTile(EntityState * this, int tile)
0x004015d0;processFireDamageToUnitsAtTile;void processFireDamageToUnitsAtTile(EntityState * this, int tile, int playerID, int fireLowIntensity)
0x00401620;recountActiveFires;void recountActiveFires(EntityState * this)
0x00401690;flagUnitsWithActiveEntity;void flagUnitsWithActiveEntity(EntityState * this)
0x004016e0;somethingWithSeparateAreas1;int somethingWithSeparateAreas1(EntityState * this, int unitID)
0x00401880;refreshPoisonCloudNearUnit;void refreshPoisonCloudNearUnit(EntityState * this, int param_1)
0x00401910;assignPoisonCloudTargetEntity;void assignPoisonCloudTargetEntity(EntityState * this, int param_1)
0x004019d0;destroyEntitiesOnTile;void destroyEntitiesOnTile(EntityState * this, int tile)
0x00401a50;isBrazierNearby;undefined4 isBrazierNearby(EntityState * this, int unitX, int unitY, int unitZ)
0x00401ae0;reassignEntitiesOwner;void reassignEntitiesOwner(EntityState * this, int param_1, undefined4 param_2)
0x00401b20;swapEntityOwnership;void swapEntityOwnership(EntityState * this, int param_1, int param_2)
0x00401b60;destroyEntitiesPart2;void destroyEntitiesPart2(EntityState * this, int param_1)
0x00401ba0;UpdateArrowEntity;void UpdateArrowEntity(void)
0x00401c30;UpdateCatapultProjectileEntity;void UpdateCatapultProjectileEntity(void)
0x00401cc0;UpdatePebbleEntity;void UpdatePebbleEntity(void)
0x00401d20;UpdateFirethrowSecondaryEntity;void UpdateFirethrowSecondaryEntity(void)
0x00401d70;UpdateArrowsSecondaryEntity;void UpdateArrowsSecondaryEntity(void)
0x00401db0;UpdateCrossbowArrowEntity;void UpdateCrossbowArrowEntity(void)
0x00401e20;UpdateEntity_20_37;void UpdateEntity_20_37(void)
0x00401ea0;UpdateEntity_21;void UpdateEntity_21(void)
0x00401ff0;UpdateEntity_PoisonCloud;void UpdateEntity_PoisonCloud(void)
0x00402180;UpdateEntity_CowFlying;void UpdateEntity_CowFlying(void)
0x00402260;UpdateEntity_26;void UpdateEntity_26(void)
0x00402330;UpdateEntity_27;void UpdateEntity_27(void)
0x004023a0;UpdateEntity_28;void UpdateEntity_28(void)
0x004023f0;UpdateEntity_29;uint UpdateEntity_29(void)
0x004024f0;UpdateEntity_30;void UpdateEntity_30(void)
0x00402580;UpdateEntity_31;void UpdateEntity_31(void)
0x00402620;UpdateEntity_32;void UpdateEntity_32(void)
0x00402660;UpdateEntity_40;void UpdateEntity_40(void)
0x00402730;UpdateEntity_41;void UpdateEntity_41(void)
0x00402820;UpdateEntity_42_43;void UpdateEntity_42_43(void)
0x00402900;UpdateFlag_1_2_4_Entity;void UpdateFlag_1_2_4_Entity(void)
0x00402a20;UpdateFlag3Entity;void UpdateFlag3Entity(void)
0x00402ab0;UpdateBrazierEntity;void UpdateBrazierEntity(void)
0x00402ae0;updateEntityMicroMovement;void updateEntityMicroMovement(EntityState * this, int param_1)
0x00402bd0;angleToRotationFrameIndex;undefined angleToRotationFrameIndex(void)
0x00402c50;math_atan_1;int math_atan_1(EntityState * this, int entityType, double param_3, int param_4, int heightDifference)
0x00402da0;computeVelocity;int computeVelocity(EntityState * this, undefined4 param_2, double param_3, int param_4, int param_5)
0x00402e20;computeLineOfSightDistance;uint computeLineOfSightDistance(EntityState * this, int x, int y, int height, int targetX, int targetY, int targetHeight, int param_7)
0x004036f0;calculateEntityDrawOffset;void calculateEntityDrawOffset(EntityState * this, int entityID)
0x00403790;initializeSeagullMovementVector;void initializeSeagullMovementVector(EntityState * this, int ID_1077, int param_2, int param_3, int param_4, int param_5)
0x004038a0;SetCurrentEntityID3000;void SetCurrentEntityID3000(void)
0x004038b0;SetFlagEntityColor;void SetFlagEntityColor(void)
0x00403900;removeEntityFromTileLinkedList;void removeEntityFromTileLinkedList(EntityState * this, int param_1)
0x00403980;Constructor_EntityState;EntityState * Constructor_EntityState(EntityState * this)
0x004039b0;activateProjectileEntity;int activateProjectileEntity(EntityState * this, int entityID)
0x004039f0;deleteEntity;void deleteEntity(EntityState * this, uint entityID)
0x00403a20;initializeProjectileVelocities;void initializeProjectileVelocities(EntityState * this, int entityID, int x, int y, int height, int targetX, int targetY, int targetZ)
0x00403ff0;handleProjectileWallBounce;void handleProjectileWallBounce(EntityState * this, int param_1)
0x00404a10;arrowShootingRelated;int arrowShootingRelated(EntityState * this, int microX, int microY, int height, int destMicroX, int destMicroY, int destHeight)
0x00404a70;deleteSeagull;void deleteSeagull(void)
0x00404ae0;spawnProjectileEntity;uint spawnProjectileEntity(EntityState * this, int unitID, undefined4 playerID1, uint ownerColorUnk, int microX, int microY, int totalHeight, int targetX, int targetY, int targetZUnk, EntityType entityType, int param_11)
0x00405130;SomeFireSpreadFunction;uint SomeFireSpreadFunction(int param_1, int x, int y, int param_4, int param_5)
0x004052e0;IgniteFireAtMiniTile;uint IgniteFireAtMiniTile(int playerID, int miniTileX, int miniTileY, int tileHeightMin8, int two, int fireIntensity)
0x004054e0;AFireSpreadFunction;void AFireSpreadFunction(int playerID, int x, int y, int height, int param_5, int param_6)
0x00405680;UpdateFireEntity;void UpdateFireEntity(void)
0x00405b70;UpdateFirethrowEntity;void UpdateFirethrowEntity(void)
0x00405c00;UpdateHeadsOnSpikesEntity;void UpdateHeadsOnSpikesEntity(void)
0x00405cf0;setProjectileTargetPosition;void setProjectileTargetPosition(EntityState * this, int entityID, int x, int y, int height, int targetX, int targetY, int targetZ)
0x00405da0;spawnProjectileImpactDebris;void spawnProjectileImpactDebris(EntityState * this, int param_1)
0x00406650;createSeagull;int createSeagull(EntityState * this, int x, int y)
0x00406900;processSeaGulls;void processSeaGulls(EntityState * this, int seagullID)
0x00406fd0;UpdateEntityType8;void UpdateEntityType8(void)
0x00407130;IgniteFireAtMiniTile_Convenience;void IgniteFireAtMiniTile_Convenience(int playerID, int miniTileX, int miniTileY, int tileHeightMin8, int two)
0x00407160;SetPlaceOnFire;void SetPlaceOnFire(int playerID, int x, int y, int height, int param_5)
0x00407190;processEntityHitBuildingOrUnit;undefined4 processEntityHitBuildingOrUnit(EntityState * this, int entityID)
0x004081e0;updateProjectileHeightAndCollision;void updateProjectileHeightAndCollision(EntityState * this, uint entityID, undefined4 param_2, int param_3, int param_4)
0x00408250;UpgradeFirst25Entities;void UpgradeFirst25Entities(void)
0x004082a0;spawnEntityEffect2;uint spawnEntityEffect2(EntityState * this, undefined4 microX, undefined4 microY, undefined4 height, undefined4 entityType, int gmLookupValue)
0x004083a0;spawnEntityEffect1;uint spawnEntityEffect1(EntityState * this, short x, short y, undefined4 height, undefined4 entityType, int graphicType1, int graphicType2)
0x004084a0;moveProjectileEntity;BOOLEnum moveProjectileEntity(EntityState * this, int entityID)
0x00408770;handleMapVersionUpgrade;void handleMapVersionUpgrade(EntityState * this, PackagedFileMagicNum receivedMapVersion, PackagedFileMagicNum packagerMapVersion)
0x004087c0;updateEntities;void updateEntities(EntityState * this)
0x00408e10;zeroBinkPtrAndLoadBinkSoundSystem;void zeroBinkPtrAndLoadBinkSoundSystem(BinkControlClass * this, HDIGDRIVER drvrPtr)
0x00408e30;stopBinkPlayback;void stopBinkPlayback(BinkControlClass * this, int binkObjIndex)
0x00408e70;setBinkSndStreamAndStartTime;void setBinkSndStreamAndStartTime(BinkControlClass * this, int binkObjIndex, SHC_SoundStream soundStreamIndexUnk)
0x00408eb0;stopAllBinkPlayback;void stopAllBinkPlayback(BinkControlClass * this)
0x00408ed0;playBINK;void playBINK(BinkControlClass * this, int binkObjIndex, char * binkFileName, DWORD param_3, DWORD param_4, int xPos, int yPos, DWORD param_7)
0x00408fc0;copyBinkToVideoBuffer;void copyBinkToVideoBuffer(BinkControlClass * this, dword param_1)
0x00409200;processBinkFrames;void processBinkFrames(BinkControlClass * this)
0x004092b0;stopAllBinkPlaybackThunk;void stopAllBinkPlaybackThunk(BinkControlClass * this)
0x004092c0;computeHealthPercentage;int computeHealthPercentage(DirectionAlgorithmState * this, int param_1, int param_2)
0x004092e0;computeTileXOffset;int computeTileXOffset(ViewportRenderState * this, int param_1, int param_2)
0x00409300;processDamageToBuildingThunk;void processDamageToBuildingThunk(TileMapState * this, undefined4 targetedTile, undefined4 targetedTileX, undefined4 targetedTileY, undefined4 damage, undefined4 param_5, undefined4 playerID, BOOLEnum aiBuildDelayRelated)
0x00409330;getBuildingResourceAmountByUid;undefined4 getBuildingResourceAmountByUid(BuildingsState * this, int buildingID, int param_2, ResourceType param_3)
0x00409370;convertCommandBuildingTypeToBuildingType;undefined convertCommandBuildingTypeToBuildingType(void)
0x00409930;convertBuildingTypeToCommandBuildingType;MappersEnum convertBuildingTypeToCommandBuildingType(BuildingsState * this, BuildingType buildingType)
0x00409db0;getBuildingHeightForBuildingID;undefined getBuildingHeightForBuildingID(void)
0x00409e80;getBuildingHeightForBuildingID2;undefined4 getBuildingHeightForBuildingID2(BuildingsState * this, int buildingID)
0x00409f50;getSpriteID;int getSpriteID(BuildingsState * this, MappersEnum commandBuildingType)
0x00409ff0;getSpriteID2;int getSpriteID2(BuildingsState * this, MappersEnum commandBuildingType)
0x0040a020;clearBuildings;void clearBuildings(BuildingsState * this)
0x0040a060;displayPopularityAndGoldPopups;void displayPopularityAndGoldPopups(BuildingsState * this, int buildingID, int param_2, int param_3, undefined4 param_4)
0x0040a260;spawnCrowForBuilding;int spawnCrowForBuilding(BuildingsState * this, int buildingID)
0x0040a400;isFearFactorBuilding;uint isFearFactorBuilding(BuildingsState * this, int buildingID)
0x0040a4a0;isReligiousBuilding;uint isReligiousBuilding(BuildingsState * this, int buildingID)
0x0040a4e0;copyPlayerDataArrayValues;void copyPlayerDataArrayValues(BuildingsState * this, int playerID, int playerID2)
0x0040a8a0;chooseProductionItemType;int chooseProductionItemType(BuildingsState * this, int playerID, BuildingType buildingType)
0x0040a950;getEmptyBuildingCount;int getEmptyBuildingCount(BuildingsState * this, int playerID, BuildingType buildingType)
0x0040a9b0;countBuildingsForPlayer;int countBuildingsForPlayer(BuildingsState * this, PlayerID playerID, BuildingType buildingType, int includeBool)
0x0040aa10;countFarms;int countFarms(BuildingsState * this, PlayerID playerID, int param_2)
0x0040aa80;findFirstBuildingOfType;int findFirstBuildingOfType(BuildingsState * this, int playerID, BuildingType buildingType)
0x0040aad0;findFirstBuildingIDForPlayerAndType;int findFirstBuildingIDForPlayerAndType(BuildingsState * this, int playerID, BuildingType buildingType)
0x0040ab30;findNextBuildingForPlayerAndType;int findNextBuildingForPlayerAndType(BuildingsState * this, PlayerID playerID, BuildingType buildingType, int buildingID)
0x0040ab90;findNextBuildingIDForOwnerAndType;int findNextBuildingIDForOwnerAndType(BuildingsState * this, int param_1, int param_2, int param_3)
0x0040ac00;findNextBuildingForPlayerAndOneOfThreeTypes;int findNextBuildingForPlayerAndOneOfThreeTypes(BuildingsState * this, int param_1, int param_2, int param_3, int param_4, int param_5)
0x0040ac80;canNavigateToDefensiveBuilding;int canNavigateToDefensiveBuilding(BuildingsState * this, int playerID, int buildingXPosition, int buildingYPosition, int buildingID)
0x0040adb0;findNextReachableDefensiveBuildingForPlayer;int findNextReachableDefensiveBuildingForPlayer(BuildingsState * this, int param_1, int param_2, int param_3, int param_4)
0x0040aef0;pickARandomBuildingOfType;int pickARandomBuildingOfType(BuildingsState * this, int playerID, BuildingType buildingType)
0x0040afb0;pickARandomBuildingIDOfTheseThreeTypes;int pickARandomBuildingIDOfTheseThreeTypes(BuildingsState * this, int playerID, BuildingType buildingType1, BuildingType buildingType2, BuildingType buildingType3)
0x0040b090;pickARandomPositiveFearFactorBuilding;int pickARandomPositiveFearFactorBuilding(BuildingsState * this, int playerID)
0x0040b1a0;findClosestInnBuildingID;int findClosestInnBuildingID(BuildingsState * this, int unitID)
0x0040b260;recomputeAllFearFactors;void recomputeAllFearFactors(BuildingsState * this)
0x0040b4e0;findBuildingOfTypeForPlayer;undefined4 findBuildingOfTypeForPlayer(BuildingsState * this, int playerID, BuildingType buildingType)
0x0040b540;removeSiegeBuildings;void removeSiegeBuildings(BuildingsState * this, int attackWave, int playerID)
0x0040b5d0;setBuildingInitialEntryTileTry;void setBuildingInitialEntryTileTry(BuildingsState * this, int buildingID, undefined4 param_2)
0x0040b660;prepareCampgroundCoords;undefined4 prepareCampgroundCoords(BuildingsState * this, int playerID)
0x0040b720;hasBuildingEntranceFlagForOrientation;undefined4 hasBuildingEntranceFlagForOrientation(BuildingsState * this, int buildingID)
0x0040b7b0;hasBuildingExitFlagForOrientation;undefined4 hasBuildingExitFlagForOrientation(BuildingsState * this, int buildingID)
0x0040b840;isBuildingPathBlockerOrDamageable;uint isBuildingPathBlockerOrDamageable(BuildingsState * this, uint param_1, int param_2)
0x0040b900;getBuildingHasHealthProperty;BOOLEnum getBuildingHasHealthProperty(BuildingsState * this, uint buildingID)
0x0040b980;hasHumanPlayerUnitsOnBuilding;BOOLEnum hasHumanPlayerUnitsOnBuilding(BuildingsState * this, int buildingID)
0x0040ba10;setupBuildingEntrancesOffset;undefined setupBuildingEntrancesOffset(void)
0x0040bc40;setupNextCandidateLocationComputeOffsets2;void setupNextCandidateLocationComputeOffsets2(BuildingsState * this, int size, int nudge, int try, int offset)
0x0040be70;buildingHasSpaceForResource;BOOLEnum buildingHasSpaceForResource(BuildingsState * this, int buildingID, ResourceType resourceType)
0x0040bee0;extendResourceCountdownForPlayerBuildingsOfType;void extendResourceCountdownForPlayerBuildingsOfType(BuildingsState * this, BuildingType buildingType, int someCountdown, int playerID)
0x0040bf40;canBuildingStoreTheAmount;int canBuildingStoreTheAmount(BuildingsState * this, int buildingID, ResourceType resourceType, int storageLimit)
0x0040bfa0;getResourceCountThatCanBeDeposited;undefined getResourceCountThatCanBeDeposited(void)
0x0040bfd0;getBuildingStorageTypeForResourceType;undefined getBuildingStorageTypeForResourceType(void)
0x0040bfe0;getStorageBuildingForResourceTypeAndAmount;int getStorageBuildingForResourceTypeAndAmount(BuildingsState * this, ResourceType resourceType, int amount, int owner)
0x0040c060;getArmoryIDIfSpaceLeft;uint getArmoryIDIfSpaceLeft(BuildingsState * this, uint buildingID, undefined4 resourceID, int playerID, int resourceCount)
0x0040c0d0;computeArmoryRemainingCapacity;int computeArmoryRemainingCapacity(BuildingsState * this, int buildingID)
0x0040c130;computeResourceSumForBuilding;uint computeResourceSumForBuilding(BuildingsState * this, int buildingID)
0x0040c1a0;hasLessWoodThanTheCostOfAWoodcuttersHutAndNoWoodcutters;uint hasLessWoodThanTheCostOfAWoodcuttersHutAndNoWoodcutters(BuildingsState * this, int playerID, int param_2)
0x0040c1f0;getResourceSpace;int getResourceSpace(BuildingsState * this, int param_1, int * resourceType)
0x0040c300;countPlayerResources;void countPlayerResources(BuildingsState * this, int playerID)
0x0040c4b0;recomputePlayerDataStocksBasedOnStorageBuildings;void recomputePlayerDataStocksBasedOnStorageBuildings(BuildingsState * this)
0x0040c5f0;getBuildingCost;void getBuildingCost(BuildingsState * this, MappersEnum commandBuildingType, int * pStone, int * pGold)
0x0040c800;getPriceForDisbandedUnitType;void getPriceForDisbandedUnitType(BuildingsState * this, UnitType unitType, int * outPrice)
0x0040c9b0;resourceGainForKillingPitAndPitchDitch;void resourceGainForKillingPitAndPitchDitch(BuildingsState * this, BuildingType buildingType, int * ptrRequiredStone, int * ptrRequiredGold)
0x0040c9f0;subtractPitchAndMoatFromStartingGoldInSiegeThatMode;void subtractPitchAndMoatFromStartingGoldInSiegeThatMode(BuildingsState * this)
0x0040cac0;hasEnoughGoldForMoat;uint hasEnoughGoldForMoat(BuildingsState * this)
0x0040cb10;getFarmThatHasTile;int getFarmThatHasTile(BuildingsState * this, int tile)
0x0040cb90;isFarmTileReadyForWheatStageChange;undefined4 isFarmTileReadyForWheatStageChange(BuildingsState * this, int param_1)
0x0040cc30;growWheat;void growWheat(BuildingsState * this, int buildingID)
0x0040cf20;updateWheatFieldTileGraphics;void updateWheatFieldTileGraphics(BuildingsState * this, int buildingID)
0x0040d090;harmWheatFarmsOfPlayer;void harmWheatFarmsOfPlayer(BuildingsState * this, int playerID)
0x0040d120;setupBarracksCampgroundPositions;void setupBarracksCampgroundPositions(BuildingsState * this, int buildingID)
0x0040d400;setupMercenaryPostCampgroundPositions;void setupMercenaryPostCampgroundPositions(BuildingsState * this, int playerID)
0x0040d6e0;isSpaceAvailableAtUnitRallyPoint;undefined4 isSpaceAvailableAtUnitRallyPoint(BuildingsState * this, int playerID, int value0to6, int unitID)
0x0040d9c0;getKeepLocationForAIUnit;undefined4 getKeepLocationForAIUnit(BuildingsState * this, int playerID, int param_2, int unitID)
0x0040dc70;createEntityForAssemblyPointsForActiveTabType;void createEntityForAssemblyPointsForActiveTabType(BuildingsState * this)
0x0040e040;setupEngineersGuildParagroundPositions;void setupEngineersGuildParagroundPositions(BuildingsState * this, int playerID)
0x0040e120;findFreeEngineerAssemblyTile;int findFreeEngineerAssemblyTile(BuildingsState * this, int playerIndex, int param_2)
0x0040e330;setupTunnelersGuildCampgroundPositions;void setupTunnelersGuildCampgroundPositions(BuildingsState * this, int param_1)
0x0040e410;findFreeTunnelerAssemblyTile;undefined4 findFreeTunnelerAssemblyTile(BuildingsState * this, int param_1, int param_2)
0x0040e610;findFreeCathedralAssemblyTile;undefined4 findFreeCathedralAssemblyTile(BuildingsState * this, int param_1, int param_2)
0x0040e740;setTileRefsForOilSmelter;void setTileRefsForOilSmelter(BuildingsState * this, int buildingID)
0x0040e900;isEngineerNotAtAssignedWorkTile;undefined4 isEngineerNotAtAssignedWorkTile(BuildingsState * this, int param_1, int param_2, int param_3)
0x0040e990;getActiveEngineerForBuilding;uint getActiveEngineerForBuilding(BuildingsState * this, int buildingID)
0x0040ea00;setNewOnFarmDestination;undefined4 setNewOnFarmDestination(BuildingsState * this, int buildingID)
0x0040ebf0;growHops;void growHops(BuildingsState * this, int buildingID)
0x0040edf0;updateHopsFieldTileGraphics;void updateHopsFieldTileGraphics(BuildingsState * this, int buildingID)
0x0040ef40;harmHopFarmsOfPlayer;void harmHopFarmsOfPlayer(BuildingsState * this, int param_1)
0x0040efd0;updateBuildingAreaTileGraphics;ushort * updateBuildingAreaTileGraphics(BuildingsState * this, int param_1)
0x0040f040;setDairyFarmCheeseCounter;void setDairyFarmCheeseCounter(BuildingsState * this, int param_1)
0x0040f090;harmAppleFarmTreesOfPlayer;void harmAppleFarmTreesOfPlayer(BuildingsState * this, int param_1)
0x0040f1e0;setSignpostDataForBuildings;void setSignpostDataForBuildings(BuildingsState * this)
0x0040f240;destroySignpostData;undefined destroySignpostData(void)
0x0040f360;updateBuildingSignpostCounter;int updateBuildingSignpostCounter(BuildingsState * this, int param_1, int param_2)
0x0040f3d0;setBuildingToAppleFarm;void setBuildingToAppleFarm(BuildingsState * this, int buildingID)
0x0040f3f0;clearBuildingValueWhenStateIsTwo;void clearBuildingValueWhenStateIsTwo(BuildingsState * this)
0x0040f420;getBuildingFlag3;int getBuildingFlag3(BuildingsState * this, int param_1)
0x0040f440;getBuildingFlag1;int getBuildingFlag1(BuildingsState * this, int param_1)
0x0040f460;determinePeasantSitPosition;undefined4 determinePeasantSitPosition(BuildingsState * this, int campfireID, int availablePeasants)
0x0040f4f0;refreshAllBuildingTileDisplays;void refreshAllBuildingTileDisplays(BuildingsState * this)
0x0040f540;hasWorker;undefined hasWorker(void)
0x0040f5c0;assignWorkerToBuilding;void assignWorkerToBuilding(BuildingsState * this, int buildingID, int unitID, int workerIndex)
0x0040f620;updateNeededEmployeeCount;void updateNeededEmployeeCount(BuildingsState * this, int buildingID)
0x0040f700;getBuildingPriority;int getBuildingPriority(BuildingsState * this, int buildingType, int hasBurningBuilding)
0x0040f750;updateAllBuildingsSnoozedState;void updateAllBuildingsSnoozedState(BuildingsState * this, int playerID, int buildingType)
0x0040f8a0;applySnoozedStateBasedOnPlayerData;void applySnoozedStateBasedOnPlayerData(BuildingsState * this)
0x0040f9d0;processBuildingIDsNeedPeasantsQueue;void processBuildingIDsNeedPeasantsQueue(BuildingsState * this, undefined4 playerID)
0x0040fc40;updateLordLadyJesterAndGhostUnits;void updateLordLadyJesterAndGhostUnits(BuildingsState * this, int playerID)
0x00410200;getRequiredEngineerCountForSiegeBuilding;undefined4 getRequiredEngineerCountForSiegeBuilding(BuildingsState * this, int buildingID)
0x00410290;updateVisuallyActiveState;void updateVisuallyActiveState(BuildingsState * this, int buildingID)
0x00410320;updateRepairCostAndReturnIfDamaged;BOOLEnum updateRepairCostAndReturnIfDamaged(BuildingsState * this, int buildingIndex)
0x00410440;canUnitReachBuildingPerimeter;undefined4 canUnitReachBuildingPerimeter(BuildingsState * this, int param_1, int param_2)
0x004105f0;canUnitReachAdjacentTile;undefined4 canUnitReachAdjacentTile(BuildingsState * this, int param_1, int param_2)
0x004106d0;processDamageToUnitsOnBuilding;void processDamageToUnitsOnBuilding(BuildingsState * this, int buildingID, int damageBonus)
0x00410800;spawnRandomFireEffectOnBuilding;void spawnRandomFireEffectOnBuilding(BuildingsState * this, int buildingID, undefined4 playerID)
0x00410920;getBuildingFlammabilityFactor;undefined getBuildingFlammabilityFactor(void)
0x004109f0;extinguishBuildingFire;void extinguishBuildingFire(BuildingsState * this, int buildingID)
0x00410b10;findClosestReachableAlliedBuilding;int findClosestReachableAlliedBuilding(BuildingsState * this, int param_1)
0x00410c40;playerHasBurningBuilding;undefined4 playerHasBurningBuilding(BuildingsState * this, int playerID)
0x00410ca0;UpdateHovel;void UpdateHovel(void)
0x00410d20;UpdateWoodcuttersHut;void UpdateWoodcuttersHut(void)
0x00410ee0;UpdatePitchRig;void UpdatePitchRig(void)
0x004113c0;UpdateMercenaryPost;void UpdateMercenaryPost(void)
0x00411480;UpdateBarracks;void UpdateBarracks(void)
0x00411540;UpdateOutpostBuilding;void UpdateOutpostBuilding(void)
0x00412360;UpdateStockpile;void UpdateStockpile(void)
0x00412730;UpdateArmory;void UpdateArmory(void)
0x00412d50;UpdateFletchersWorkshop;void UpdateFletchersWorkshop(void)
0x004130d0;UpdateBlacksmithsWorkshop;void UpdateBlacksmithsWorkshop(void)
0x004138d0;UpdatePoleturnersWorkshop;void UpdatePoleturnersWorkshop(void)
0x00413dc0;UpdateArmorersWorkshop;void UpdateArmorersWorkshop(void)
0x004140b0;UpdateTannersWorkshop;void UpdateTannersWorkshop(void)
0x00414720;UpdateBakery;void UpdateBakery(void)
0x00414b60;UpdateBrewery;void UpdateBrewery(void)
0x00415110;UpdateGranary;void UpdateGranary(void)
0x004156f0;UpdateInn;void UpdateInn(void)
0x00415a80;UpdateApothecary;void UpdateApothecary(void)
0x00415bf0;UpdateTunnelersGuild;void UpdateTunnelersGuild(void)
0x00415c90;UpdateMarketplace;void UpdateMarketplace(void)
0x00415e80;UpdateOilSmelter;void UpdateOilSmelter(void)
0x00416540;UpdateWheatFarm;void UpdateWheatFarm(void)
0x00416630;UpdateHopsFarm;void UpdateHopsFarm(void)
0x00416720;UpdateAppleFarm;void UpdateAppleFarm(void)
0x004167e0;UpdateDairyFarm;void UpdateDairyFarm(void)
0x00416f80;UpdateMill;void UpdateMill(void)
0x004173d0;validateBuildingTetheredUnits;void validateBuildingTetheredUnits(BuildingsState * this, int buildingID)
0x00417450;removeTetheredUnitFromBuilding;void removeTetheredUnitFromBuilding(BuildingsState * this, int buildingID, int unitID)
0x004174e0;UpdateStables;void UpdateStables(void)
0x00417740;UpdateBuildingShared2;void UpdateBuildingShared2(void)
0x004177e0;UpdateCathedral;void UpdateCathedral(void)
0x004178e0;UpdateKeepManorHouse;void UpdateKeepManorHouse(void)
0x004179b0;UpdateKeepStoneKeep;void UpdateKeepStoneKeep(void)
0x00417aa0;UpdateKeepStronghold;void UpdateKeepStronghold(void)
0x00417b90;UpdateDrawBridge;void UpdateDrawBridge(void)
0x00417fd0;UpdateTunnel;void UpdateTunnel(void)
0x004180e0;UpdateBuildingShared1;void UpdateBuildingShared1(void)
0x00418100;UpdateCampGround;void UpdateCampGround(void)
0x004184a0;UpdateParadeGround2;void UpdateParadeGround2(void)
0x004184d0;UpdateParadeGround3;void UpdateParadeGround3(void)
0x00418500;UpdateParadeGround4;void UpdateParadeGround4(void)
0x00418530;UpdateBadBuildingGallows;void UpdateBadBuildingGallows(void)
0x00418640;UpdateBadBuildingStocks;void UpdateBadBuildingStocks(void)
0x00418740;UpdateGoodBuildingMaypole;void UpdateGoodBuildingMaypole(void)
0x00418880;UpdateGoodBuildingGarden;void UpdateGoodBuildingGarden(void)
0x004188c0;UpdatePlacedSiegeTower;void UpdatePlacedSiegeTower(void)
0x00418900;UpdateWellOrWaterpot;void UpdateWellOrWaterpot(void)
0x004189a0;UpdateKeepDoorLeft;void UpdateKeepDoorLeft(void)
0x00418a60;UpdateKeepDoorRight;void UpdateKeepDoorRight(void)
0x00418b20;UpdateKeepDoor;void UpdateKeepDoor(void)
0x00418c80;UpdateTower1;void UpdateTower1(void)
0x00418ec0;getRequiredEngineersCount;int getRequiredEngineersCount(BuildingsState * this, int buildingID)
0x00418f70;UpdateBadBuildingCessPitOrDancingBearUnk;void UpdateBadBuildingCessPitOrDancingBearUnk(void)
0x00418f90;UpdateBadBuildingBurningStake;void UpdateBadBuildingBurningStake(void)
0x004190d0;UpdateBadBuildingGibbet;void UpdateBadBuildingGibbet(void)
0x00419190;UpdateBadBuildingDungeon;void UpdateBadBuildingDungeon(void)
0x00419290;UpdateBadBuildingStretchingRack;void UpdateBadBuildingStretchingRack(void)
0x00419340;UpdateBadBuildingRackFlogging;void UpdateBadBuildingRackFlogging(void)
0x00419370;UpdateBadBuildingChoppingBlock;void UpdateBadBuildingChoppingBlock(void)
0x00419420;UpdateBadBuildingDunkingStool;void UpdateBadBuildingDunkingStool(void)
0x00419630;UpdateGoodBuildingStatue;void UpdateGoodBuildingStatue(void)
0x00419670;UpdateGoodBuildingShrine;void UpdateGoodBuildingShrine(void)
0x004196d0;UpdateDancingBear;void UpdateDancingBear(void)
0x00419780;initBuildingCosts;void initBuildingCosts(BuildingsState * this)
0x004197c0;updatePathLinkageLayerForAllBuildings;void updatePathLinkageLayerForAllBuildings(BuildingsState * this)
0x00419800;processDamageFromKillingPit;void processDamageFromKillingPit(BuildingsState * this, int unitID)
0x00419960;updatePathLinkageTileMap;void updatePathLinkageTileMap(BuildingsState * this, int param_1)
0x00419a30;initializeGatePathfindingForOwner;void initializeGatePathfindingForOwner(BuildingsState * this, int param_1)
0x00419ac0;rebuildTileLogicLayerForGatesAndWalls;void rebuildTileLogicLayerForGatesAndWalls(BuildingsState * this)
0x00419be0;rebuildTileLogicLayerForKeeps;void rebuildTileLogicLayerForKeeps(BuildingsState * this)
0x00419c70;updatePathLinkageForGatesKeepsSiegeTowers;void updatePathLinkageForGatesKeepsSiegeTowers(BuildingsState * this)
0x00419d70;updateEnemyBuildings;void updateEnemyBuildings(BuildingsState * this, int playerID)
0x00419eb0;aiFindBuildingToAttack;int aiFindBuildingToAttack(BuildingsState * this, int param_1, int param_2, int param_3, int param_4)
0x00419fa0;findClosestEnemyBuildingWithinRadius;int findClosestEnemyBuildingWithinRadius(BuildingsState * this, int param_1, int param_2, int param_3, int param_4)
0x0041a060;SetUndamagedBuildingHealthToValue;void SetUndamagedBuildingHealthToValue(void)
0x0041a0a0;UpgradeFirst9Buildings;void UpgradeFirst9Buildings(void)
0x0041a0d0;UpgradeBuildingField1;void UpgradeBuildingField1(void)
0x0041a100;UpgradeBuildingFlag1;void UpgradeBuildingFlag1(void)
0x0041a140;UpgradeBuildingProperties1;void UpgradeBuildingProperties1(int version)
0x0041a2b0;SetDairyCheeseToZero;void SetDairyCheeseToZero(void)
0x0041a2e0;UpgradeTowerLogicLayer;void UpgradeTowerLogicLayer(void)
0x0041a340;SetHovelBuildOrder;void SetHovelBuildOrder(void)
0x0041a390;SetBuildingsEmployeeCountToValue;void SetBuildingsEmployeeCountToValue(void)
0x0041a3c0;UpgradeBuildingField2;void UpgradeBuildingField2(void)
0x0041a3f0;UpgradeSolitaryMapBuildingField3;void UpgradeSolitaryMapBuildingField3(void)
0x0041a420;UpgradeLogicAndDisplayLayerForDairyFarms;void UpgradeLogicAndDisplayLayerForDairyFarms(void)
0x0041a460;DestroyDrawbridgesInFirst10Buildings;void DestroyDrawbridgesInFirst10Buildings(void)
0x0041a520;UpgradePitchDitchBuildingIntoPitchDitchObject;void UpgradePitchDitchBuildingIntoPitchDitchObject(void)
0x0041a5c0;UpgradeKillingPitField;void UpgradeKillingPitField(void)
0x0041a5f0;UpgradeBuildingField4;void UpgradeBuildingField4(void)
0x0041a620;ClearBuildings1000AndHigher;void ClearBuildings1000AndHigher(void)
0x0041a650;UpgradeKnightsAndStables;void UpgradeKnightsAndStables(void)
0x0041a710;UpgradeOutpostField;void UpgradeOutpostField(void)
0x0041a740;SwapInts;void SwapInts(undefined4 * param_1, undefined4 * param_2)
0x0041a760;constructBuildingsState;BuildingsState * constructBuildingsState(BuildingsState * this)
0x0041a7a0;destroyBuilding;void destroyBuilding(BuildingsState * this, int buildingID)
0x0041a860;destroyBuildings;void destroyBuildings(BuildingsState * this, int playerID)
0x0041a8d0;swapOwnersOfCastle;void swapOwnersOfCastle(BuildingsState * this, int param_1, int param_2)
0x0041ade0;determineBuildingEntranceFromKeepArea;undefined4 determineBuildingEntranceFromKeepArea(BuildingsState * this, int buildingID, int workerIndexPlus1, BOOLEnum flag)
0x0041b2b0;determineBuildingEntranceFromCustomArea;undefined4 determineBuildingEntranceFromCustomArea(BuildingsState * this, int buildingID, int param_2, int param_3, int x, int y)
0x0041b7c0;computeBuildingEntranceFlagsForOrientations;void computeBuildingEntranceFlagsForOrientations(BuildingsState * this, int param_1)
0x0041b890;findQuarryPileLocation;void findQuarryPileLocation(BuildingsState * this, undefined4 playerID, int x, int y, int buildingSize, int pileSize, int tryUnk, MappersEnum commandBuildingType)
0x0041b940;hasBuildingAsNeighbour;BOOLEnum hasBuildingAsNeighbour(BuildingsState * this, int playerID, int x, int y, int size, BuildingType type)
0x0041ba00;findParticularBuilding;int findParticularBuilding(BuildingsState * this, undefined4 param_1, int x, int y, int buildingSize, BuildingType buildingType, int buildingID)
0x0041bab0;findAccessibleAreaNearBuildingLocation;int findAccessibleAreaNearBuildingLocation(undefined4 this, int x, int y, int buildingSize)
0x0041bb30;addResourceToStockpile;undefined4 addResourceToStockpile(BuildingsState * this, int buildingID, int buildingUID, ResourceType resourceType, int amount, int maxCapacity, int recomputeResources)
0x0041bc10;addResourceToGranary;void addResourceToGranary(BuildingsState * this, ResourceType resourceType, int playerID, int amount)
0x0041bca0;addResourceToArmory;void addResourceToArmory(BuildingsState * this, ResourceType resourceType, int playerID, int amount)
0x0041bd70;processResourceLoss;void processResourceLoss(BuildingsState * this, int playerID, ResourceType resourceType, int amount, int param_4)
0x0041bf50;subtractResourcesStoredInBuilding;void subtractResourcesStoredInBuilding(BuildingsState * this, int buildingID)
0x0041bfd0;processPlacementResourceLossForBuildingType;void processPlacementResourceLossForBuildingType(BuildingsState * this, int playerID, BuildingType buildingType, int param_3)
0x0041c190;processWallBuildingLoss;void processWallBuildingLoss(BuildingsState * this, int playerID, int highCount, int lowCount, int zero)
0x0041c240;applyFoodLossPercentageToPlayer;void applyFoodLossPercentageToPlayer(BuildingsState * this, int param_1, int param_2)
0x0041c310;processResourceGain;BOOLEnum processResourceGain(BuildingsState * this, int playerID, ResourceType resourceType, int amount)
0x0041c570;applyGateOrDrawbridgeOpenCloseChange;void applyGateOrDrawbridgeOpenCloseChange(BuildingsState * this, int buildingID, BOOLEnum param_2, BOOLEnum param_3)
0x0041c6f0;sortBuildingIDsNeedPeasantsQueue;void sortBuildingIDsNeedPeasantsQueue(BuildingsState * this, int playerID)
0x0041c810;lightUpBuilding;undefined4 lightUpBuilding(BuildingsState * this, int buildingID, int burnerPlayerID, int spareGrounds)
0x0041ca00;UpdateOxTether;void UpdateOxTether(void)
0x0041cc70;UpdateIronMine;void UpdateIronMine(void)
0x0041d510;UpdateQuarry;void UpdateQuarry(void)
0x0041e240;UpdateFireBallistaBuilding;void UpdateFireBallistaBuilding(void)
0x0041e650;UpdateKillingPit;void UpdateKillingPit(void)
0x0041e870;UpdateTower2;void UpdateTower2(void)
0x0041eb00;UpdateTower3;void UpdateTower3(void)
0x0041eda0;UpdateTower4;void UpdateTower4(void)
0x0041f110;UpdateTower5;void UpdateTower5(void)
0x0041f3b0;UpdateCatapultBuilding;void UpdateCatapultBuilding(void)
0x0041f7c0;UpdateTrebutchetBuilding;void UpdateTrebutchetBuilding(void)
0x0041fc90;UpdateSiegeTowerBuilding;void UpdateSiegeTowerBuilding(void)
0x00420120;UpdateBatteringRamBuilding;void UpdateBatteringRamBuilding(void)
0x004205b0;UpdateShieldBuilding;void UpdateShieldBuilding(void)
0x00420a30;UpdateDogCage;void UpdateDogCage(void)
0x00420bf0;upgradeBuildingsForMapVersion;void upgradeBuildingsForMapVersion(BuildingsState * this, PackagedFileMagicNum receivedMapVersion, PackagedFileMagicNum packagerMapVersion)
0x00420d20;setupBuildingData;int setupBuildingData(BuildingsState * this, int playerID, uint x, uint y, undefined4 averageHeight, BuildingType buildingType, uint width, int playerID_dup, int variationIndex)
0x00421890;deleteBuilding;void deleteBuilding(BuildingsState * this, uint buildingID)
0x00421990;destroyBuildingAndLinkedDuplicates;void destroyBuildingAndLinkedDuplicates(BuildingsState * this, uint param_1)
0x00421a40;buildingIsAccessible;int buildingIsAccessible(BuildingsState * this, int buildingID, int amountUnk)
0x00421be0;resolveBuildingEntryAccessibility;char resolveBuildingEntryAccessibility(BuildingsState * this, int buildingID, int param_2, int x, int y)
0x00421d70;giveBackResourceForDestroyedBuilding;void giveBackResourceForDestroyedBuilding(BuildingsState * this, int buildingIDORIfNegResourceType, int playerID, int param_3)
0x00422230;getBuildingThatCanStoreThisResource;int getBuildingThatCanStoreThisResource(BuildingsState * this, ResourceType resourceType, int amount, int playerID)
0x00422370;getArmoryWithSpaceLeft;uint getArmoryWithSpaceLeft(BuildingsState * this, uint targetBuildingID, undefined4 producedItemTypeUnk, int playerID, int resourceToDeposit)
0x00422396;FUN_00422396;undefined FUN_00422396(void)
0x00422400;findQuarryPileThatIsCloseAndHasMostStone;int findQuarryPileThatIsCloseAndHasMostStone(BuildingsState * this, int playerID, int x, int y, int unitID)
0x004224f0;updateGateDrawBridgeOpenCloseLogic;void updateGateDrawBridgeOpenCloseLogic(BuildingsState * this)
0x00422b80;checkBuildingsNeedPeasants;void checkBuildingsNeedPeasants(BuildingsState * this, int playerID)
0x00422c60;spreadFireRandomlyToBuildings;void spreadFireRandomlyToBuildings(BuildingsState * this, int param_1, int param_2)
0x00422e20;updateBuildings;void updateBuildings(BuildingsState * this)
0x00423370;UpdateHuntersPost;void UpdateHuntersPost(void)
0x004238b0;UpdateGateHouseLarge;void UpdateGateHouseLarge(void)
0x00423cd0;UpdateGateHouseSmall;void UpdateGateHouseSmall(void)
0x004240d0;UpdateWoodGate1;void UpdateWoodGate1(void)
0x00424220;recomputeAccessibilityForAllBuildings;void recomputeAccessibilityForAllBuildings(BuildingsState * this)
0x00424270;updateHeatmapBasedOnBuildingAccessibility;void updateHeatmapBasedOnBuildingAccessibility(BuildingsState * this, int playerID)
0x00424310;applyVersionUpgradeAccessibilityRecompute;void applyVersionUpgradeAccessibilityRecompute(BuildingsState * this, PackagedFileMagicNum receivedMapVersion, PackagedFileMagicNum packagerMapVersion)
0x00424320;renderInGameText;void renderInGameText(TextManager * this, char * textAddress, int xParam, int yParam, TextAlignment alignment, uint color1, uint color2, int fontSize, BOOLEnum keepOffsetX)
0x00424360;renderTextToScreen2;void renderTextToScreen2(TextManager * this, char * textAddress, int xParam, int yParam, TextAlignment alignment, BGR24 color, int fontSize, BOOLEnum keepOffsetX)
0x00424390;renderText;void renderText(TextManager * this, eTextSections textGroupIndex, int textNumInGroup, int xPosition, int yPosition, TextAlignment textShift, uint color, uint param_7, int fontSize, BOOLEnum param_9)
0x004243e0;renderText2;void renderText2(TextManager * this, eTextSections textOffsetIndex, int textNumInGroup, int xParam, int yParam, TextAlignment alignment, uint color, int fontSize, BOOLEnum keepOffsetX)
0x00424420;renderInGameText2;void renderInGameText2(TextManager * this, eTextSections textOffsetIndex, int textNumInGroup, int xParam, int yParam, TextAlignment alignment, uint color1, uint color2, int fontSize, BOOLEnum keepOffsetX, int blendStrength)
0x00424470;renderTextFromTextGroup;void renderTextFromTextGroup(TextManager * this, eTextSections offsetIndex, int numInGroup, int xParam, int yParam, TextAlignment alignment, uint color, int fontSize, BOOLEnum keepOffsetX, int blendStrength)
0x004244c0;renderMultilineText2;void renderMultilineText2(TextManager * this, eTextSections param_1, int param_2, int param_3, int param_4)
0x00424500;renderMultilineTextUnk;void renderMultilineTextUnk(TextManager * this, eTextSections textOffsetIndex, int textNumInGroup, int xPos, int yPos, int maxWidth, uint color, int fontSize, int blendStrength)
0x00424540;renderMultilineText2Unk;void renderMultilineText2Unk(TextManager * this, eTextSections textOffsetIndex, int textNumInGroup, int xPos, int yPos, int maxWidth, uint color, int fontSize)
0x00424580;renderMultilineText3Unk;void renderMultilineText3Unk(TextManager * this, eTextSections textOffsetIndex, int textNumInGroup, int xPos, int yPos, int maxWidth, uint color1, uint color2, int fontSize, int blendStrength)
0x004245d0;renderMultilineText4Unk;void renderMultilineText4Unk(TextManager * this, eTextSections textOffsetIndex, int textNumInGroup, int xPos, int yPos, int maxWidth, uint color, int fontSize, int blendStrength)
0x00424620;renderNumber;void renderNumber(TextManager * this, int number, int xPosition, int yPosition, uint color1, uint color2, int fontSize, BOOLEnum keepOffsetX)
0x00424650;renderLeftAlignedNumberToScreen;void renderLeftAlignedNumberToScreen(TextManager * this, int number, int xParam, int yParam, uint color, int fontSize, BOOL keepOffsetX)
0x00424680;renderNumberToScreen;void renderNumberToScreen(TextManager * this, int number, int xParam, int yParam, TextAlignment alignment, uint color, int fontSize, BOOLEnum keepOffsetX)
0x004246b0;computeTextWidthForTextGroup;int computeTextWidthForTextGroup(TextManager * this, eTextSections textOffsetIndex, int textNumInGroup, int fontSize)
0x004246e0;renderNonInteractingButtonBackground;void renderNonInteractingButtonBackground(AlphaAndButtonSurface * this, int blendStrength)
0x00424700;endSpeechStreamsAndResetLoopFlags;void endSpeechStreamsAndResetLoopFlags(SoundSystem * this)
0x00424720;MenuView_IntroLogos_Prepare;void MenuView_IntroLogos_Prepare(void)
0x00424770;MenuView_IntroLogos_DoInitial;void MenuView_IntroLogos_DoInitial(void)
0x004247a0;MenuView_IntroLogos_DoEveryFrame;void MenuView_IntroLogos_DoEveryFrame(void)
0x00424990;MenuItemActionHandler_IntroLogos_General;void MenuItemActionHandler_IntroLogos_General(int unused, ...)
0x00424a50;MenuView_IntroVideo_Prepare;void MenuView_IntroVideo_Prepare(void)
0x00424ad0;MenuView_IntroVideo_DoEveryFrame;void MenuView_IntroVideo_DoEveryFrame(void)
0x00424b10;MenuView_GameStartEnterName_DoEveryFrame;void MenuView_GameStartEnterName_DoEveryFrame(void)
0x00424bd0;LoadTGX_shc_back;void LoadTGX_shc_back(void)
0x00424be0;DrawOuterMenuBorder;void DrawOuterMenuBorder(void)
0x00424c40;MenuView_MainMenu_Prepare;void MenuView_MainMenu_Prepare(void)
0x00424cd0;MenuView_MainMenu_DoInitial;void MenuView_MainMenu_DoInitial(void)
0x00424da0;MenuView_MainMenu_DoEveryFrame;void MenuView_MainMenu_DoEveryFrame(void)
0x00424f50;MenuItemRenderFunction_MainMenu_Main;void MenuItemRenderFunction_MainMenu_Main(int param_1, ...)
0x004251a0;MenuItemActionHandler_MainMenu_Main;void MenuItemActionHandler_MainMenu_Main(int param_1, ...)
0x00425500;MenuView_HistoricCampaignSelect_Prepare;void MenuView_HistoricCampaignSelect_Prepare(void)
0x00425580;MenuView_HistoricCampaignSelect_DoEveryFrame;void MenuView_HistoricCampaignSelect_DoEveryFrame(void)
0x004255d0;MenuItemRenderFunction_HistoricCampaignSelect_Main;void MenuItemRenderFunction_HistoricCampaignSelect_Main(int param_1, ...)
0x00425720;MenuItemActionHandler_HistoricCampaignSelect_Main;void MenuItemActionHandler_HistoricCampaignSelect_Main(int param_1, ...)
0x004259d0;MenuView_UnusedEconomicGametypeSelect_Prepare;void MenuView_UnusedEconomicGametypeSelect_Prepare(void)
0x00425a40;MenuView_UnusedEconomicGametypeSelect_DoInitial;void MenuView_UnusedEconomicGametypeSelect_DoInitial(void)
0x00425ad0;MenuItemRenderFunction_UnusedEconomicGametypeSelect_Main;void MenuItemRenderFunction_UnusedEconomicGametypeSelect_Main(int param_1, ...)
0x00425c20;MenuItemActionHandler_UnusedEconomicGametypeSelect_Main;void MenuItemActionHandler_UnusedEconomicGametypeSelect_Main(int param_1, ...)
0x00425ea0;MenuView_CustomScenarios_Prepare;void MenuView_CustomScenarios_Prepare(void)
0x00425f60;MenuView_General_DoInitial_BlackBoxDefaultBorderAndPicture;void MenuView_General_DoInitial_BlackBoxDefaultBorderAndPicture(void)
0x00425ff0;MenuView_CustomScenarios_DoEveryFrame;void MenuView_CustomScenarios_DoEveryFrame(void)
0x00426060;MenuItemRenderFunction_CustomScenarios_Main;void MenuItemRenderFunction_CustomScenarios_Main(int param_1, ...)
0x004261e0;MenuView_Credits_Prepare;void MenuView_Credits_Prepare(void)
0x004262b0;MenuView_Credits_DoInitial;void MenuView_Credits_DoInitial(void)
0x00426340;MenuView_Credits_DoEveryFrame;void MenuView_Credits_DoEveryFrame(void)
0x00426570;MenuView_UnusedDemoBuyItScreen_Prepare;void MenuView_UnusedDemoBuyItScreen_Prepare(void)
0x00426600;MenuView_UnusedDemoBuyItScreen_DoInitial;void MenuView_UnusedDemoBuyItScreen_DoInitial(void)
0x004266a0;MenuView_UnusedDemoBuyItScreen_DoEveryFrame;void MenuView_UnusedDemoBuyItScreen_DoEveryFrame(void)
0x004266e0;MenuModalRenderFunction_UnusedSetName;void MenuModalRenderFunction_UnusedSetName(int x, int y, int width, int height)
0x00426750;MenuItemRenderFunction_UnusedSetName_ButtonsUnk;void MenuItemRenderFunction_UnusedSetName_ButtonsUnk(int param_1, ...)
0x004267f0;MenuItemActionHandler_UnusedSetName_ButtonsUnk;void MenuItemActionHandler_UnusedSetName_ButtonsUnk(int param_1, ...)
0x00426830;MenuView_HistoricMissionSelect_Prepare;void MenuView_HistoricMissionSelect_Prepare(void)
0x004268c0;MenuView_MissionSelect_DoEveryFrame;void MenuView_MissionSelect_DoEveryFrame(void)
0x004269e0;MenuItemRenderFunction_HistoricMissionSelect_MissionRows;void MenuItemRenderFunction_HistoricMissionSelect_MissionRows(int param_1, ...)
0x00426b80;MenuItemActionHandler_HistoricMissionSelect_General;void MenuItemActionHandler_HistoricMissionSelect_General(int param_1, ...)
0x00426c50;MenuView_UnusedEconomicMissionSelect_Prepare;void MenuView_UnusedEconomicMissionSelect_Prepare(void)
0x00426ca0;MenuItemRenderFunction_HistoricAndEconomicMissionSelect_NextAndBackHands;void MenuItemRenderFunction_HistoricAndEconomicMissionSelect_NextAndBackHands(int param_1, ...)
0x00426d30;MenuItemRenderFunction_UnusedEconomicMissionSelect_MissionSelect;void MenuItemRenderFunction_UnusedEconomicMissionSelect_MissionSelect(int param_1, ...)
0x00426ed0;MenuItemActionHandler_UnusedEconomicMissionSelect_General;void MenuItemActionHandler_UnusedEconomicMissionSelect_General(int param_1, ...)
0x00426f80;MenuView_UnusedSomeMissionStartUnk_Prepare;void MenuView_UnusedSomeMissionStartUnk_Prepare(void)
0x00426fb0;MenuItemRenderFunction_UnusedSomeMissionStartUnk_General;void MenuItemRenderFunction_UnusedSomeMissionStartUnk_General(int param_1, ...)
0x00427080;MenuItemActionHandler_UnusedSomeMissionStartUnk_General;void MenuItemActionHandler_UnusedSomeMissionStartUnk_General(int param_1, ...)
0x00427110;MenuView_MpConnection_Prepare;void MenuView_MpConnection_Prepare(void)
0x00427180;MainMenu_Unknown21_Prepare;void MainMenu_Unknown21_Prepare(void)
0x004271e0;MenuView_General_DoEveryFrame_FirstGfxCentered;void MenuView_General_DoEveryFrame_FirstGfxCentered(void)
0x00427210;AModalDialogIsActiveButIsNotQuitting;BOOLEnum AModalDialogIsActiveButIsNotQuitting(void)
0x00427240;MenuView_Unknown61ReturnToSkrimishMenuUnk_DoInitial;void MenuView_Unknown61ReturnToSkrimishMenuUnk_DoInitial(void)
0x004272c0;MenuView_Unknown61ReturnToSkrimishMenuUnk_DoEveryFrame;void MenuView_Unknown61ReturnToSkrimishMenuUnk_DoEveryFrame(void)
0x00427320;MenuView_LobbyMenu_Prepare;void MenuView_LobbyMenu_Prepare(void)
0x004274f0;InitSkirmishLobbyData;void InitSkirmishLobbyData(void)
0x004276f0;MenuView_General_DoInitial_DefaultMainMenuStructure;void MenuView_General_DoInitial_DefaultMainMenuStructure(void)
0x00427740;MenuItemRenderFunction_LobbyMenu_MapSelectHeader;void MenuItemRenderFunction_LobbyMenu_MapSelectHeader(int param_1, ...)
0x00427810;MenuItemRenderFunction_LobbyMenu_PlayerListAndNpcButtons;void MenuItemRenderFunction_LobbyMenu_PlayerListAndNpcButtons(int param_1, ...)
0x00428050;ResetAiVariationArrayValue;void ResetAiVariationArrayValue(int playerID)
0x00428150;MenuItemRenderFunction_General_MenuMiniMap;void MenuItemRenderFunction_General_MenuMiniMap(int param_1, ...)
0x00428480;PutPlayerIntoRandomSlot;void PutPlayerIntoRandomSlot(int param_1)
0x004285c0;RemovePositionOfPlayer;void RemovePositionOfPlayer(int playerID)
0x004285f0;MenuItemRenderFunction_LobbyMenu_MapDesc;void MenuItemRenderFunction_LobbyMenu_MapDesc(int param_1, ...)
0x00428980;MenuItemActionHandler_LobbyMenu_MapDescScrollbar;void MenuItemActionHandler_LobbyMenu_MapDescScrollbar(int param_1, int param_2, int * minValue, int * maxValue, int * currentValue)
0x00428a60;MenuItemRenderFunction_LobbyMenu_MapDescScrollbar;void MenuItemRenderFunction_LobbyMenu_MapDescScrollbar(int param_1, int thumbYPos, int param_3, int thumbHeight, BOOLEnum isDragged)
0x00428ac0;MenuItemRenderFunction_General_AdvancedGameOptions;void MenuItemRenderFunction_General_AdvancedGameOptions(int param_1, ...)
0x00429630;QueueChangeGameIntensityOrBalance;void QueueChangeGameIntensityOrBalance(void)
0x00429650;CallbackSetMultiplayerSpeedLevel;void CallbackSetMultiplayerSpeedLevel(void)
0x00429710;SetupSkirmishBalanceAndOrIntensity;void SetupSkirmishBalanceAndOrIntensity(void)
0x00429a40;MenuItemActionHandler_General_AdvancedGameOptions;void MenuItemActionHandler_General_AdvancedGameOptions(int param_1, ...)
0x0042a480;MenuItemRenderFunction_LobbyMenu_SkirmishTypeAndBalance;void MenuItemRenderFunction_LobbyMenu_SkirmishTypeAndBalance(int param_1, ...)
0x0042a840;MenuItemActionHandler_LobbyMenu_SkirmishTypeAndBalance;void MenuItemActionHandler_LobbyMenu_SkirmishTypeAndBalance(int param_1, ...)
0x0042a8e0;SetAIPlayerNickNames;void SetAIPlayerNickNames(void)
0x0042ac40;MenuItemRenderFunction_LobbyMenu_Unknown;void MenuItemRenderFunction_LobbyMenu_Unknown(int param_1, ...)
0x0042ac60;GetPlayerPosition;int GetPlayerPosition(int playerID)
0x0042ac90;MenuItemRenderFunction_LobbyMenu_ChatBox;void MenuItemRenderFunction_LobbyMenu_ChatBox(int param_1, ...)
0x0042ae90;MenuItemRenderFunction_LobbyMenu_NonBoxedButtons;void MenuItemRenderFunction_LobbyMenu_NonBoxedButtons(int param_1, ...)
0x0042b470;MenuItemActionHandler_LobbyMenu_MapSelectTable;void MenuItemActionHandler_LobbyMenu_MapSelectTable(int param_1, ...)
0x0042b4c0;MenuItemRenderFunction_LobbyMenu_MapSelectTable;void MenuItemRenderFunction_LobbyMenu_MapSelectTable(int param_1, ...)
0x0042b7b0;MenuItemActionHandler_LobbyMenu_MapSelectScrollbar;void MenuItemActionHandler_LobbyMenu_MapSelectScrollbar(int param_1, int param_2, int * minValue, int * maxValue, int * currentValue)
0x0042b8f0;MenuItemRenderFunction_LobbyMenu_MapSelectScrollbar;void MenuItemRenderFunction_LobbyMenu_MapSelectScrollbar(int param_1, int thumbYPos, int param_3, int thumbHeight, BOOLEnum isDragged)
0x0042b960;MenuView_UnusedSelectRandomNumberOfEnemies_DoEveryFrame;void MenuView_UnusedSelectRandomNumberOfEnemies_DoEveryFrame(void)
0x0042ba50;MenuItemActionHandler_UnusedSelectRandomNumberOfEnemies_Main;void MenuItemActionHandler_UnusedSelectRandomNumberOfEnemies_Main(int param_1, ...)
0x0042bb70;MenuView_General_Prepare_SwordShieldAndBorder;void MenuView_General_Prepare_SwordShieldAndBorder(void)
0x0042bb90;MenuView_SelectCrusade_DoInitial;void MenuView_SelectCrusade_DoInitial(void)
0x0042bbf0;MenuView_SelectCrusade_DoEveryFrame;void MenuView_SelectCrusade_DoEveryFrame(void)
0x0042bf00;MenuItemActionHandler_SelectCrusade_Main;void MenuItemActionHandler_SelectCrusade_Main(int param_1, ...)
0x0042c060;MenuItemRenderFunction_SelectCrusade_Main;void MenuItemRenderFunction_SelectCrusade_Main(int param_1, ...)
0x0042c090;MenuView_Unknown33_DoEveryFrame;void MenuView_Unknown33_DoEveryFrame(void)
0x0042c190;ClearSiegeInformationArray2;void ClearSiegeInformationArray2(void)
0x0042c1e0;SomeSiegeUnitsComputation;void SomeSiegeUnitsComputation(int param_1)
0x0042c540;SomeSiegeRelatedCopying;void SomeSiegeRelatedCopying(int param_1)
0x0042c620;LaunchSinglePlayerGameUnk;void LaunchSinglePlayerGameUnk(int param_1)
0x0042d140;MenuItemRenderFunction_SingleplayerMapChoice_ButtonsAndHands;void MenuItemRenderFunction_SingleplayerMapChoice_ButtonsAndHands(int param_1, ...)
0x0042d640;MenuItemActionHandler_SingleplayerMapChoice_ButtonsAndHands;void MenuItemActionHandler_SingleplayerMapChoice_ButtonsAndHands(int param_1, ...)
0x0042d9a0;MenuItemRenderFunction_SingleplayerMapChoice_MapTable;void MenuItemRenderFunction_SingleplayerMapChoice_MapTable(int param_1, ...)
0x0042dbb0;MenuItemRenderFunction_SingleplayerMapChoice_MapTableHeader;void MenuItemRenderFunction_SingleplayerMapChoice_MapTableHeader(int param_1, ...)
0x0042dc60;MenuItemRenderFunction_SingleplayerMapChoice_Scrollbar;void MenuItemRenderFunction_SingleplayerMapChoice_Scrollbar(int param_1, int thumbYPos, int param_3, int thumbHeight, BOOLEnum isDragged)
0x0042dcb0;MenuView_UnusedOldTitleMenu_Prepare;void MenuView_UnusedOldTitleMenu_Prepare(void)
0x0042dd00;MenuView_UnusedOldTitleMenu_DoInitial;void MenuView_UnusedOldTitleMenu_DoInitial(void)
0x0042de20;MenuItemRenderFunction_UnusedOldTitleMenu_ExitButton;void MenuItemRenderFunction_UnusedOldTitleMenu_ExitButton(int param_1, ...)
0x0042deb0;MenuItemRenderFunction_UnusedOldTitleMenu_ContinueButton;void MenuItemRenderFunction_UnusedOldTitleMenu_ContinueButton(int param_1, ...)
0x0042df40;MenuItemRenderFunction_UnusedOldTitleMenu_TestMapButton;void MenuItemRenderFunction_UnusedOldTitleMenu_TestMapButton(int param_1, ...)
0x0042dfd0;MenuView_MapEditorProperties_Prepare;void MenuView_MapEditorProperties_Prepare(void)
0x0042e0d0;MenuView_MapEditorProperties_DoEveryFrame;void MenuView_MapEditorProperties_DoEveryFrame(void)
0x0042e900;MenuItemRenderFunction_MapEditorProperties_MainButtons;void MenuItemRenderFunction_MapEditorProperties_MainButtons(int param_1, ...)
0x0042ebc0;MenuItemRenderFunction_MapEditorProperties_MapDescriptionBox;void MenuItemRenderFunction_MapEditorProperties_MapDescriptionBox(int param_1, ...)
0x0042edf0;MenuItemActionHandler_MapEditorProperties_MapDescriptionBox;void MenuItemActionHandler_MapEditorProperties_MapDescriptionBox(void)
0x0042ee80;MenuItemActionHandler_MapEditorProperties_MapDescriptionScrollbar;void MenuItemActionHandler_MapEditorProperties_MapDescriptionScrollbar(int param_1, int param_2, int * minValue, int * maxValue, int * currentValue)
0x0042ef80;MenuItemRenderFunction_MapEditorProperties_MapDescriptionScrollbar;void MenuItemRenderFunction_MapEditorProperties_MapDescriptionScrollbar(int param_1, int thumbYPos, int param_3, int thumbHeight, BOOLEnum isDragged)
0x0042efe0;MenuView_NewMapMaptype_Prepare;void MenuView_NewMapMaptype_Prepare(void)
0x0042f010;InitializeBasicMap;void InitializeBasicMap(void)
0x0042f140;MenuItemRenderFunction_NewMapMaptype_Buttons;void MenuItemRenderFunction_NewMapMaptype_Buttons(int param_1, ...)
0x0042f2b0;MenuItemActionHandler_NewMapMaptype_Buttons;void MenuItemActionHandler_NewMapMaptype_Buttons(int param_1, ...)
0x0042f3d0;MenuView_NewMapMapsize_Prepare;void MenuView_NewMapMapsize_Prepare(void)
0x0042f3f0;MenuView_NewMapMapsize_DoEveryFrame;void MenuView_NewMapMapsize_DoEveryFrame(void)
0x0042f7f0;MenuItemRenderFunction_NewMapMapsize_Buttons;void MenuItemRenderFunction_NewMapMapsize_Buttons(int param_1, ...)
0x0042f940;MenuItemActionHandler_NewMapMapsize_Buttons;void MenuItemActionHandler_NewMapMapsize_Buttons(int param_1, ...)
0x0042faa0;MenuView_UnusedChooseAvailableKeeps_Prepare;void MenuView_UnusedChooseAvailableKeeps_Prepare(void)
0x0042fac0;MenuView_UnusedChooseAvailableKeeps_DoEveryFrame;void MenuView_UnusedChooseAvailableKeeps_DoEveryFrame(void)
0x0042fec0;MenuItemRenderFunction_UnusedChooseAvailableKeeps_Main;void MenuItemRenderFunction_UnusedChooseAvailableKeeps_Main(int param_1, ...)
0x00430050;MenuItemActionHandler_UnusedChooseAvailableKeeps_Main;void MenuItemActionHandler_UnusedChooseAvailableKeeps_Main(int param_1, ...)
0x00430100;MenuView_General_DoInitial_ScreenToBlack;void MenuView_General_DoInitial_ScreenToBlack(void)
0x00430150;MenuView_UnusedChooseGameType_DoEveryFrame;void MenuView_UnusedChooseGameType_DoEveryFrame(void)
0x00430550;MenuItemRenderFunctio_UnusedChooseGameType_Mainn;void MenuItemRenderFunctio_UnusedChooseGameType_Mainn(int param_1, ...)
0x004305d0;MenuItemActionHandler_UnusedChooseGameType_Main;void MenuItemActionHandler_UnusedChooseGameType_Main(int param_1, ...)
0x00430690;MenuView_UnusedCreateSiege_Prepare;void MenuView_UnusedCreateSiege_Prepare(void)
0x004306d0;MenuView_UnusedCreateSiege_DoEveryFrame;void MenuView_UnusedCreateSiege_DoEveryFrame(void)
0x00430bf0;MenuItemRenderFunction_UnusedCreateSiege_SiegeThat;void MenuItemRenderFunction_UnusedCreateSiege_SiegeThat(int param_1, ...)
0x00430cc0;MenuView_MapEditorLandscaping_Prepare;void MenuView_MapEditorLandscaping_Prepare(void)
0x00430ce0;MenuView_MapEditorLandscaping_DoInitial;void MenuView_MapEditorLandscaping_DoInitial(void)
0x004313c0;MenuView_MapEditorLandscaping_DoEveryFrame;void MenuView_MapEditorLandscaping_DoEveryFrame(void)
0x00431460;MenuItemActionHandler_MapEditorLandscaping_CategoryButtons;void MenuItemActionHandler_MapEditorLandscaping_CategoryButtons(int param_1, ...)
0x004314e0;MenuItemActionHandler_MapEditorLandscaping_GeneralButtons;void MenuItemActionHandler_MapEditorLandscaping_GeneralButtons(MappersEnum param_1, ...)
0x00431990;ResetSomeValuesFunctionUnk;void ResetSomeValuesFunctionUnk(void)
0x00431a90;MenuView_BuildMenu_Prepare;void MenuView_BuildMenu_Prepare(void)
0x00431b60;MenuView_BuildMenu_DoInitial;void MenuView_BuildMenu_DoInitial(void)
0x00433030;MenuView_BuildMenu_DoEveryFrame;void MenuView_BuildMenu_DoEveryFrame(void)
0x00433200;MenuItemActionHandler_BuildMenu_SomeKeepAndGranaryCheckUnk;void MenuItemActionHandler_BuildMenu_SomeKeepAndGranaryCheckUnk(int param_1, ...)
0x00433230;MenuItemActionHandler_InGameMenu_UnknownBinkRelated;void MenuItemActionHandler_InGameMenu_UnknownBinkRelated(int param_1, ...)
0x00433260;RenderScribeFrame;void RenderScribeFrame(void)
0x00433370;MenuItemActionHandler_InGameMenu_ProcessScribeAnimationChange;void MenuItemActionHandler_InGameMenu_ProcessScribeAnimationChange(int param_1, ...)
0x00433560;SetTaxesSetting_unknown;void SetTaxesSetting_unknown(int taxesSettingUnk)
0x004335a0;MenuItemActionHandler_InGameMenu_ViewToKeeps;void MenuItemActionHandler_InGameMenu_ViewToKeeps(int param_1, ...)
0x00433780;RenderGoldValue;void RenderGoldValue(void)
0x00433bc0;RenderConnectAndPathLinkageInfoTextDisplayElement;void RenderConnectAndPathLinkageInfoTextDisplayElement(int posX, int posY, DWORD tileType)
0x00433c20;TransformAndRenderPercentage;void TransformAndRenderPercentage(int xPos, int yPos, int valueUnk, BOOLEnum otherImageFlagUnk)
0x00433d00;RenderBottomLeftDateDisplayElement;void RenderBottomLeftDateDisplayElement(int posX, int posY, DWORD elementState)
0x00433da0;RenderStartingGoodDisplayElement;void RenderStartingGoodDisplayElement(int posX, int posY, DWORD elementState)
0x00434120;MenuItemActionHandler_InGameMenu_Scrolling;void MenuItemActionHandler_InGameMenu_Scrolling(int param_1, ...)
0x00434230;MenuItemRenderFunction_BuildMenu_BuildingKeepSubcategoryButton;void MenuItemRenderFunction_BuildMenu_BuildingKeepSubcategoryButton(int param_1, ...)
0x00434260;MenuItemActionHandler_General_Unknown2;void MenuItemActionHandler_General_Unknown2(int param_1, ...)
0x00434270;MenuItemActionHandler_InGameMenu_MiniMapInteraction;void MenuItemActionHandler_InGameMenu_MiniMapInteraction(int param_1, ...)
0x00434300;MenuItemRenderFunction_BuildMenu_MiniMapInteraction;void MenuItemRenderFunction_BuildMenu_MiniMapInteraction(int param_1, ...)
0x00434340;SetTribesStateField_0x1C;void SetTribesStateField_0x1C(undefined4 param_1)
0x00434350;MenuItemActionHandler_InGameMenu_PeasantBuildAndRightClickMenuSelection;void MenuItemActionHandler_InGameMenu_PeasantBuildAndRightClickMenuSelection(int param_1, ...)
0x004347f0;SomeUnitAndViewportCheck;undefined4 SomeUnitAndViewportCheck(int unitID)
0x004348d0;MenuItemActionHandler_InGameMenu_UnitSelectionAndControlsUnk;void MenuItemActionHandler_InGameMenu_UnitSelectionAndControlsUnk(int param_1, ...)
0x00437cc0;HandleWallTerrainMouseDrag;void HandleWallTerrainMouseDrag(void)
0x00437ed0;MenuItemActionHandler_InGameMenu_TriggerPlaceWallCommand;void MenuItemActionHandler_InGameMenu_TriggerPlaceWallCommand(void)
0x004380e0;PlayPlacementWarning;void PlayPlacementWarning(BuildingFailReasonEnum param_1)
0x004381d0;PlaceUnit;void PlaceUnit(void)
0x004387d0;MenuItemActionHandler_BuildMenu_DeleteAction;void MenuItemActionHandler_BuildMenu_DeleteAction(int param_1, ...)
0x00438b60;MenuItemActionHandler_InGameMenu_RightClickMenuAndMaybeResets;void MenuItemActionHandler_InGameMenu_RightClickMenuAndMaybeResets(int param_1, ...)
0x00438be0;MenuItemRenderFunction_BuildMenu_UnitActionButtons;void MenuItemRenderFunction_BuildMenu_UnitActionButtons(int mapperValue, ...)
0x00439160;MenuItemRenderFunction_BuildMenu_CurrentlySelectedTroops;void MenuItemRenderFunction_BuildMenu_CurrentlySelectedTroops(int param_1, ...)
0x00439390;MenuItemRenderFunction_BuildMenu_CurrentlySelectedTroopsDeselectHelper;void MenuItemRenderFunction_BuildMenu_CurrentlySelectedTroopsDeselectHelper(int param_1, ...)
0x004393c0;MenuItemActionHandler_BuildMenu_CurrentlySelectedTroops;void MenuItemActionHandler_BuildMenu_CurrentlySelectedTroops(int slotID, ...)
0x00439440;RenderBuildingMenu_WorkshopWeaponProduction;void RenderBuildingMenu_WorkshopWeaponProduction(void)
0x00439730;HandleBuildingSelectionSpeech;void HandleBuildingSelectionSpeech(int buildingIndexUnk)
0x00439890;MenuItemActionHandler_BuildingAndStatusMenu_StopBuildingOrPeasantBinkPlayback;void MenuItemActionHandler_BuildingAndStatusMenu_StopBuildingOrPeasantBinkPlayback(void)
0x004398b0;MenuView_BuildingAndStatusMenu_DoInitial;void MenuView_BuildingAndStatusMenu_DoInitial(void)
0x0043a850;MenuItemActionHandler_BuildingAndStatusMenu_Unknown_Countdown;void MenuItemActionHandler_BuildingAndStatusMenu_Unknown_Countdown(void)
0x0043a860;MenuItemActionHandler_BuildingAndStatusMenu_BuildingHelpTextButton;void MenuItemActionHandler_BuildingAndStatusMenu_BuildingHelpTextButton(void)
0x0043a880;MenuItemRenderFunction_BuildingAndStatusMenu_BuildingHelpTextButton;void MenuItemRenderFunction_BuildingAndStatusMenu_BuildingHelpTextButton(int param_1, ...)
0x0043a8c0;MenuItemRenderFunction_BuildingAndStatusMenu_BarracksAndMercenaryPostHelpText;void MenuItemRenderFunction_BuildingAndStatusMenu_BarracksAndMercenaryPostHelpText(int param_1, ...)
0x0043a8d0;RenderBuildingMenu_RecruitingBuilding;void RenderBuildingMenu_RecruitingBuilding(void)
0x0043a8e0;MenuItemRenderFunction_BuildingAndStatusMenu_AvailablePeasantsTextUpperRight;void MenuItemRenderFunction_BuildingAndStatusMenu_AvailablePeasantsTextUpperRight(int param_1, ...)
0x0043a960;MenuItemRenderFunction_BuildingAndStatusMenu_AvailablePeasantsTextDownRight;void MenuItemRenderFunction_BuildingAndStatusMenu_AvailablePeasantsTextDownRight(int param_1, ...)
0x0043a9f0;RenderBuildingMenu_Keep;void RenderBuildingMenu_Keep(void)
0x0043af40;RenderBuildingMenu_Inn;void RenderBuildingMenu_Inn(void)
0x0043b3b0;RenderBuildingMenu_Granary;void RenderBuildingMenu_Granary(void)
0x0043b910;RenderBuildingMenu_Fletcher;void RenderBuildingMenu_Fletcher(void)
0x0043b950;RenderBuildingMenu_Blacksmith;void RenderBuildingMenu_Blacksmith(void)
0x0043b990;RenderBuildingMenu_Poleturner;void RenderBuildingMenu_Poleturner(void)
0x0043b9d0;RenderBuildingMenu_Armourer;void RenderBuildingMenu_Armourer(void)
0x0043ba80;RenderBuildingMenu_Tanner;void RenderBuildingMenu_Tanner(void)
0x0043bb30;RenderBuildingMenu_Bakery;void RenderBuildingMenu_Bakery(void)
0x0043bb70;RenderBuildingMenu_Brewery;void RenderBuildingMenu_Brewery(void)
0x0043bbb0;RenderBuildingMenu_Outpost;void RenderBuildingMenu_Outpost(void)
0x0043bd60;RenderBuildingMenu_House;void RenderBuildingMenu_House(void)
0x0043bde0;RenderBuildingMenu_WoodcutterShut;void RenderBuildingMenu_WoodcutterShut(void)
0x0043be20;RenderBuildingMenu_OxThether;void RenderBuildingMenu_OxThether(void)
0x0043bea0;RenderBuildingMenu_Quarry;void RenderBuildingMenu_Quarry(void)
0x0043bee0;RenderBuildingMenu_Ironmine;void RenderBuildingMenu_Ironmine(void)
0x0043bf20;RenderBuildingMenu_PitchRig;void RenderBuildingMenu_PitchRig(void)
0x0043bf60;RenderBuildingMenu_HuntersHut;void RenderBuildingMenu_HuntersHut(void)
0x0043bfa0;RenderBuildingMenu_Apothecary;void RenderBuildingMenu_Apothecary(void)
0x0043c0a0;RenderBuildingMenu_Wheatfarm;void RenderBuildingMenu_Wheatfarm(void)
0x0043c0e0;RenderBuildingMenu_Hopfarm;void RenderBuildingMenu_Hopfarm(void)
0x0043c120;RenderBuildingMenu_Applefarm;void RenderBuildingMenu_Applefarm(void)
0x0043c160;RenderBuildingMenu_Diaryfarm;void RenderBuildingMenu_Diaryfarm(void)
0x0043c1a0;RenderBuildingMenu_Mill;void RenderBuildingMenu_Mill(void)
0x0043c1e0;RenderBuildingMenu_ChapelAndChurch;void RenderBuildingMenu_ChapelAndChurch(void)
0x0043c6a0;RenderBuildingMenu_Stockpile;void RenderBuildingMenu_Stockpile(void)
0x0043c840;RenderBuildingMenu_Armory;void RenderBuildingMenu_Armory(void)
0x0043c9f0;RenderBuildingMenu_Quarry_Stonepile;void RenderBuildingMenu_Quarry_Stonepile(void)
0x0043ca70;RenderBuildingMenu_Engineersguild;void RenderBuildingMenu_Engineersguild(void)
0x0043cb00;RenderBuildingMenu_Tunnelersguild;void RenderBuildingMenu_Tunnelersguild(void)
0x0043cb90;RenderBuildingMenu_Cathedral;void RenderBuildingMenu_Cathedral(void)
0x0043cc30;RenderPeasantMenu_CurrentActionUnk;void RenderPeasantMenu_CurrentActionUnk(int unitID, int xPos, int yPos)
0x0043cdb0;RenderBuildingMenu_Marketplace;void RenderBuildingMenu_Marketplace(void)
0x0043ce30;RenderBuildingMenu_Marketplace_Stonks;void RenderBuildingMenu_Marketplace_Stonks(void)
0x0043d070;RenderBuildingMenu_Marketplace_Food;void RenderBuildingMenu_Marketplace_Food(void)
0x0043d120;RenderBuildingMenu_Marketplace_Resource;void RenderBuildingMenu_Marketplace_Resource(void)
0x0043d1d0;RenderBuildingMenu_Marketplace_Weapons;void RenderBuildingMenu_Marketplace_Weapons(void)
0x0043d280;RenderBuildingMenu_Marketplace_Trade;void RenderBuildingMenu_Marketplace_Trade(void)
0x0043d420;RenderBuildingMenu_Well;void RenderBuildingMenu_Well(void)
0x0043d460;RenderBuildingMenu_WaterPot;void RenderBuildingMenu_WaterPot(void)
0x0043d4a0;RenderBuildingMenu_Oilsmelter;void RenderBuildingMenu_Oilsmelter(void)
0x0043d520;RenderBuildingMenu_Stables;void RenderBuildingMenu_Stables(void)
0x0043d690;RenderBuildingMenu_Drawbridge;void RenderBuildingMenu_Drawbridge(void)
0x0043d6d0;RenderBuildingMenu_Unused_PosternGate;void RenderBuildingMenu_Unused_PosternGate(void)
0x0043d710;RenderBuildingMenu_TunnelEntrance;void RenderBuildingMenu_TunnelEntrance(void)
0x0043d750;RenderBuildingMenu_Signpost;void RenderBuildingMenu_Signpost(void)
0x0043d790;RenderBuildingMenu_KillingPit;void RenderBuildingMenu_KillingPit(void)
0x0043d7d0;RenderBuildingMenu_Campfire;void RenderBuildingMenu_Campfire(void)
0x0043d850;RenderBuildingMenu_Gallows;void RenderBuildingMenu_Gallows(void)
0x0043d890;RenderBuildingMenu_Stocks;void RenderBuildingMenu_Stocks(void)
0x0043d8d0;RenderBuildingMenu_Unused_Witchhoist;void RenderBuildingMenu_Unused_Witchhoist(void)
0x0043d910;RenderBuildingMenu_Maypole;void RenderBuildingMenu_Maypole(void)
0x0043d950;RenderBuildingMenu_Gardens;void RenderBuildingMenu_Gardens(void)
0x0043d990;RenderBuildingMenu_TrainingGrounds;void RenderBuildingMenu_TrainingGrounds(void)
0x0043d9d0;RenderBuildingMenu_CessPit;void RenderBuildingMenu_CessPit(void)
0x0043da10;RenderBuildingMenu_BurningStake;void RenderBuildingMenu_BurningStake(void)
0x0043da50;RenderBuildingMenu_Gibbet;void RenderBuildingMenu_Gibbet(void)
0x0043da90;RenderBuildingMenu_Dungeon;void RenderBuildingMenu_Dungeon(void)
0x0043dad0;RenderBuildingMenu_StretchingRack;void RenderBuildingMenu_StretchingRack(void)
0x0043db10;RenderBuildingMenu_Unused_FloggingRack;void RenderBuildingMenu_Unused_FloggingRack(void)
0x0043db50;RenderBuildingMenu_ChoppingBlock;void RenderBuildingMenu_ChoppingBlock(void)
0x0043db90;RenderBuildingMenu_DunkingStool;void RenderBuildingMenu_DunkingStool(void)
0x0043dbd0;RenderBuildingMenu_DogCage;void RenderBuildingMenu_DogCage(void)
0x0043dc60;RenderBuildingMenu_Statue;void RenderBuildingMenu_Statue(void)
0x0043dd30;RenderBuildingMenu_Shrine;void RenderBuildingMenu_Shrine(void)
0x0043dd70;RenderBuildingMenu_Unused_BeeHive;void RenderBuildingMenu_Unused_BeeHive(void)
0x0043ddb0;RenderBuildingMenu_DancingBear;void RenderBuildingMenu_DancingBear(void)
0x0043ddf0;RenderBuildingMenu_Unused_Pond;void RenderBuildingMenu_Unused_Pond(void)
0x0043de30;RenderBuildingMenu_Unused_BearCave;void RenderBuildingMenu_Unused_BearCave(void)
0x0043de70;RenderBuildingMenu_Siegetent_Catapult;void RenderBuildingMenu_Siegetent_Catapult(void)
0x0043df40;RenderBuildingMenu_Siegetent_Fireballista;void RenderBuildingMenu_Siegetent_Fireballista(void)
0x0043e010;RenderBuildingMenu_Siegetent_Trebuchet;void RenderBuildingMenu_Siegetent_Trebuchet(void)
0x0043e0e0;RenderBuildingMenu_Siegetent_Siegetower;void RenderBuildingMenu_Siegetent_Siegetower(void)
0x0043e1b0;RenderBuildingMenu_Siegetent_BatteringRam;void RenderBuildingMenu_Siegetent_BatteringRam(void)
0x0043e280;RenderBuildingMenu_Siegetent_Shield;void RenderBuildingMenu_Siegetent_Shield(void)
0x0043e350;RenderBuildingMenu_RenderTowerAndGateHealth;void RenderBuildingMenu_RenderTowerAndGateHealth(void)
0x0043e490;MenuItemActionHandler_BuildingAndStatusMenu_StatusMenuButtons;void MenuItemActionHandler_BuildingAndStatusMenu_StatusMenuButtons(int param_1, ...)
0x0043e4e0;MenuItemRenderFunction_BuildingAndStatusMenu_StatusMainMenuButtons;void MenuItemRenderFunction_BuildingAndStatusMenu_StatusMainMenuButtons(int param_1, ...)
0x0043e540;SomePopularityRelatedComputation;int SomePopularityRelatedComputation(void)
0x0043e5a0;SomeFearFactorComputation;undefined SomeFearFactorComputation(void)
0x0043e5f0;SomeGoldRelatedComputation;int SomeGoldRelatedComputation(void)
0x0043e6c0;RenderStatusMenu_Popularity;void RenderStatusMenu_Popularity(void)
0x0043f2b0;MenuItemActionHandler_BuildingAndStatusMenu_PopularityMenuSwitchButtonUnk;void MenuItemActionHandler_BuildingAndStatusMenu_PopularityMenuSwitchButtonUnk(void)
0x0043f2c0;MenuItemRenderFunction_BuildingAndStatusMenu_PopularityMenuSwitchButton;void MenuItemRenderFunction_BuildingAndStatusMenu_PopularityMenuSwitchButton(int param_1, ...)
0x0043f2f0;RenderStatusMenu_FearFactor;void RenderStatusMenu_FearFactor(void)
0x0043f6a0;RenderStatusMenu_Population;void RenderStatusMenu_Population(void)
0x0043fac0;RenderStatusMenu_Food;void RenderStatusMenu_Food(void)
0x0043fbb0;MenuItemActionHandler_BuildingAndStatusMenu_DisableFoodType;void MenuItemActionHandler_BuildingAndStatusMenu_DisableFoodType(int param_1, ...)
0x0043fbf0;MenuItemRenderFunction_BuildingAndStatusMenu_DisableFoodType;void MenuItemRenderFunction_BuildingAndStatusMenu_DisableFoodType(int foodType, ...)
0x0043fc80;MenuItemActionHandler_BuildingAndStatusMenu_ArmySwitchButton;void MenuItemActionHandler_BuildingAndStatusMenu_ArmySwitchButton(void)
0x0043fca0;MenuItemRenderFunction_BuildingAndStatusMenu_ArmyStatusSwitchButton;void MenuItemRenderFunction_BuildingAndStatusMenu_ArmyStatusSwitchButton(void)
0x0043fcb0;MenuItemRenderFunction_BuildingAndStatusMenu_ArmyStatusReturn;void MenuItemRenderFunction_BuildingAndStatusMenu_ArmyStatusReturn(int param_1, ...)
0x0043fd30;RenderStatusMenu_Resources;void RenderStatusMenu_Resources(void)
0x0043fe10;RenderStatusMenu_Religion;void RenderStatusMenu_Religion(void)
0x004401a0;RenderStatusMenu_Weapons;void RenderStatusMenu_Weapons(void)
0x00440280;MenuItemActionHandler_BuildingAndStatusMenu_ReturnToBuildMenu;void MenuItemActionHandler_BuildingAndStatusMenu_ReturnToBuildMenu(int param_1, ...)
0x00440360;CountPlayerUnitsByType;void CountPlayerUnitsByType(void)
0x004403d0;MenuView_UnusedHelpTextEditor_Prepare;void MenuView_UnusedHelpTextEditor_Prepare(void)
0x00440400;MenuView_UnusedHelpTextEditor_DoEveryFrame;void MenuView_UnusedHelpTextEditor_DoEveryFrame(void)
0x00440410;MenuItemFunction_General_Unknown;void MenuItemFunction_General_Unknown(int param_1, ...)
0x00440420;MenuItemActionHandler_UnusedOldTitleMenu_General;void MenuItemActionHandler_UnusedOldTitleMenu_General(int param_1, ...)
0x00440430;SetCursorDependingOnProgramState;HCURSOR SetCursorDependingOnProgramState(void)
0x00440560;MenuView_GameStartEnterName_Prepare;void MenuView_GameStartEnterName_Prepare(void * param_1)
0x004406f0;MenuView_GameStartEnterName_DoInitial;void MenuView_GameStartEnterName_DoInitial(void)
0x00440770;MenuItemActionHandler_CustomScenarios_Main;void MenuItemActionHandler_CustomScenarios_Main(int param_1, ...)
0x004409c0;MenuView_Unknown61ReturnToSkrimishMenuUnk_Prepare;void MenuView_Unknown61ReturnToSkrimishMenuUnk_Prepare(void)
0x00440a50;MenuItemActionHandler_LobbyMenu_MapSelectHeader;void MenuItemActionHandler_LobbyMenu_MapSelectHeader(int param_1, ...)
0x00440e50;MenuItemActionHandler_LobbyMenu_PlayerListAndNpcButtons;void MenuItemActionHandler_LobbyMenu_PlayerListAndNpcButtons(int param_1, ...)
0x004410d0;DisplayMapDescriptionAndAllocatePlayersToSlots;void DisplayMapDescriptionAndAllocatePlayersToSlots(void)
0x00441270;LaunchSkirmishGame;void LaunchSkirmishGame(int whichCastle)
0x00442640;MenuItemActionHandler_LobbyMenu_LobbyscreenStartButtonClick;void MenuItemActionHandler_LobbyMenu_LobbyscreenStartButtonClick(int param_1, ...)
0x00442c30;MenuItemActionHandler_SingleplayerMapChoice_MapTable;void MenuItemActionHandler_SingleplayerMapChoice_MapTable(int param_1, ...)
0x00442f40;MenuItemActionHandler_SingleplayerMapChoice_Scrollbar;void MenuItemActionHandler_SingleplayerMapChoice_Scrollbar(int param_1, int param_2, int * minValue, int * maxValue, int * currentValue)
0x00443070;MenuItemActionHandler_MapEditorProperties_MainButtons;void MenuItemActionHandler_MapEditorProperties_MainButtons(int param_1, ...)
0x004437e0;MenuItemActionHandler_UnusedCreateSiege_SiegeThat;void MenuItemActionHandler_UnusedCreateSiege_SiegeThat(int param_1, ...)
0x00443a30;MenuItemActionHandler_MapEditorLandscaping_QueueCommandCallback;void MenuItemActionHandler_MapEditorLandscaping_QueueCommandCallback(void)
0x00444410;MenuItemActionHandler_General_ToolbarButtonPressed;void MenuItemActionHandler_General_ToolbarButtonPressed(MappersEnum buttonID)
0x00444b80;MenuItemActionHandler_InGameMenu_MainButtons;void MenuItemActionHandler_InGameMenu_MainButtons(int param_1, ...)
0x004451c0;MenuItemActionHandler_InGameMenu_TriggerPlaceBuildingCommand;void MenuItemActionHandler_InGameMenu_TriggerPlaceBuildingCommand(int param_1, ...)
0x00446920;MenuItemActionHandler_BuildMenu_UnitActionButtons;void MenuItemActionHandler_BuildMenu_UnitActionButtons(int param_1, ...)
0x00446c00;MenuView_BuildingAndStatusMenu_Prepare;void MenuView_BuildingAndStatusMenu_Prepare(void)
0x004476b0;MenuItemRenderFunction_BuildingAndStatusMenu_BuildingWorkStatus;void MenuItemRenderFunction_BuildingAndStatusMenu_BuildingWorkStatus(int param_1, ...)
0x00447a50;RenderStatusMenu_Chimp;void RenderStatusMenu_Chimp(void)
0x00447cf0;RenderBuildingMenu_Gatehouse;void RenderBuildingMenu_Gatehouse(void)
0x00447d30;RenderBuildingMenu_Tower;void RenderBuildingMenu_Tower(void)
0x00447dc0;RenderStatusMenu_Overview;void RenderStatusMenu_Overview(void)
0x00447fa0;RenderStatusMenu_Army;void RenderStatusMenu_Army(void)
0x004482f0;MenuView_LobbyMenu_DoEveryFrame;void MenuView_LobbyMenu_DoEveryFrame(void)
0x00448d40;MenuView_SingleplayerMapChoice_Prepare;void MenuView_SingleplayerMapChoice_Prepare(void)
0x00448e90;MenuView_SingleplayerMapChoice_DoEveryFrame;void MenuView_SingleplayerMapChoice_DoEveryFrame(void)
0x00449290;MenuItemActionHandler_SingleplayerMapChoice_MapTableHeader;void MenuItemActionHandler_SingleplayerMapChoice_MapTableHeader(int param_1, ...)
0x004494e0;MenuView_BuildingAndStatusMenu_DoEveryFrame;void MenuView_BuildingAndStatusMenu_DoEveryFrame(void)
0x00449b20;freeMemoryAt;void freeMemoryAt(SFXState * this)
0x00449b30;loadWavSounds;void loadWavSounds(SFXState * this, char * param_1)
0x00449c40;setUpSFXToPlayUnk;void setUpSFXToPlayUnk(SFXState * this, SoundEffectID sfxOffsetInArray)
0x00449cc0;setSoundWithVariation;void setSoundWithVariation(SFXState * this, int unknownSfxID, int volumePercentage)
0x00449d50;scheduleSFXVariation;void scheduleSFXVariation(SFXState * this, int sfxGroupID, int variationIndex)
0x00449dc0;playSFXAtLocation;void playSFXAtLocation(SFXState * this, int xPosition, int yPosition, eSFX sfxOffsetInArray)
0x00449f10;playSFXAtLocationFullVolume;void playSFXAtLocationFullVolume(SFXState * this, int xPosition, int yPosition, int sfxOffsetInArray)
0x00449ff0;resetScheduledSoundRequests;void resetScheduledSoundRequests(SFXState * this)
0x0044a050;Constructor_SFXState_resetAmbientEventCounters;undefined Constructor_SFXState_resetAmbientEventCounters(void)
0x0044a0d0;notifyAmbientSoundEvent;void notifyAmbientSoundEvent(SFXState * this, int ambientSoundType)
0x0044a0f0;playAmbientSoundStreamUnk;void playAmbientSoundStreamUnk(SFXState * this, AmbientSFXType ambientSoundIndexUnk)
0x0044a1b0;playAmbientSoundStream2Unk;void playAmbientSoundStream2Unk(SFXState * this, int ambientSoundIndexUnk)
0x0044a240;getSoundVolumeForFilename;int getSoundVolumeForFilename(SFXState * this, char * soundFileName)
0x0044a290;playUnitSpeechEffect;void playUnitSpeechEffect(SFXState * this, uint speechEffectID)
0x0044a3a0;playSpeechSFX;void playSpeechSFX(SFXState * this, SpeechEffectID speechID)
0x0044a460;playWAVSFX;void playWAVSFX(SFXState * this, CHAR_CONST * wav_filename)
0x0044a500;playOnSpeechSfxStream;void playOnSpeechSfxStream(SFXState * this, char * filename)
0x0044a5a0;playSpeechSFXFile;void playSpeechSFXFile(SFXState * this, char * filename)
0x0044a620;playVictoryMusic678;void playVictoryMusic678(SFXState * this)
0x0044a6e0;playSFXWeAreUnderAttack;void playSFXWeAreUnderAttack(SFXState * this)
0x0044a720;ResetGreatestLordGenieSpeechState;void ResetGreatestLordGenieSpeechState(void)
0x0044a830;ComputePlayerPoints1;int ComputePlayerPoints1(int playerID)
0x0044aa70;UpdateUnitValueLoss;void UpdateUnitValueLoss(int value)
0x0044aa80;UpdateUnitLossData;void UpdateUnitLossData(int lossValue, int playerID)
0x0044aaa0;UpdateDestroyedBuildingCountData;void UpdateDestroyedBuildingCountData(int param_1)
0x0044aab0;UpdateUnitLossSpeechFeedback_RelativeValueForGenie;int UpdateUnitLossSpeechFeedback_RelativeValueForGenie(int larger, int smaller)
0x0044ab70;Constructor_SFXState;SFXState * Constructor_SFXState(SFXState * this)
0x0044abb0;tweakVolume;void tweakVolume(SFXState * this, int param_1, float param_2, int currentStreamID)
0x0044ae90;readVolumeFileAndSetupSoundVolumes;void readVolumeFileAndSetupSoundVolumes(SFXState * this)
0x0044b210;playUnitSpeech;void playUnitSpeech(SFXState * this, UnitType unitType, int actionID)
0x0044b680;ComputePlayerRanking;int ComputePlayerRanking(int playerID)
0x0044b760;GetPlayerAtRank;int GetPlayerAtRank(int rankingPosition)
0x0044b7d0;IfAiGreatestLordGetAiType;int IfAiGreatestLordGetAiType(void)
0x0044b800;GetLowestRankedAlivePlayer;void GetLowestRankedAlivePlayer(void)
0x0044b840;UpdateUnitLossSpeechFeedback;void UpdateUnitLossSpeechFeedback(void)
0x0044bca0;loadSFX;void loadSFX(SFXState * this, int param_1)
0x0044bce0;updateAmbientSoundStream;void updateAmbientSoundStream(SFXState * this)
0x0044c400;ComputeCurrentPlayerRanking;void ComputeCurrentPlayerRanking(void)
0x0044c410;PlaySFXVoices;void PlaySFXVoices(void)
0x0044c740;soundRelatedMethod1;void soundRelatedMethod1(SFXState * this)
0x0044c7e0;Destructor_TextureRenderCore;void Destructor_TextureRenderCore(TextureRenderCore * this)
0x0044c850;drawLoadingBarUnk;void drawLoadingBarUnk(TextureRenderCore * this, GmID currentGmId, int barLengthUnk)
0x0044c8f0;transformGmColorTableFromRGB555To565IfRequired;void transformGmColorTableFromRGB555To565IfRequired(TextureRenderCore * this, int gmID)
0x0044c940;transformRawWithMarkerUnkToRGB555To565;void transformRawWithMarkerUnkToRGB555To565(TextureRenderCore * this, int imageOffset, int imageSize)
0x0044c9c0;transformTgxFromRGB555ToRGB565;void transformTgxFromRGB555ToRGB565(TextureRenderCore * this, ushort * tgxDataPtr, int tgxByteSize)
0x0044cae0;transformTileObjectToRGB565;undefined transformTileObjectToRGB565(void)
0x0044cb60;transformRawToRGB555To565;void transformRawToRGB555To565(TextureRenderCore * this, int imageOffset, int imageSize)
0x0044cbe0;transformBGR24ToScreenColor;RGB15 transformBGR24ToScreenColor(TextureRenderCore * this, BGR24 color)
0x0044cc30;clearSomeMemory;void clearSomeMemory(TextureRenderCore * this)
0x0044cca0;setMapSurfaceHeightRange;void setMapSurfaceHeightRange(TextureRenderCore * this, int start, int end)
0x0044ccc0;setMapSurfaceHeightRangeUnk;void setMapSurfaceHeightRangeUnk(TextureRenderCore * this)
0x0044ccd0;temporarySaveMapSurfaceHeightRangeUnk;void temporarySaveMapSurfaceHeightRangeUnk(TextureRenderCore * this)
0x0044ccf0;restoreMapSurfaceHeightRangeFromTemporaryUnk;void restoreMapSurfaceHeightRangeFromTemporaryUnk(TextureRenderCore * this)
0x0044cd10;setScreenMenuSurfaceHeightRange;void setScreenMenuSurfaceHeightRange(TextureRenderCore * this, int start, int end)
0x0044cd30;setScreenMenuSurfaceHeightRangeToResolution;void setScreenMenuSurfaceHeightRangeToResolution(TextureRenderCore * this)
0x0044cd40;drawBitmapFace;void drawBitmapFace(TextureRenderCore * this, int bitmapFaceIndex, int xPos, int yPos)
0x0044ce00;renderFacesSmallUnk;void renderFacesSmallUnk(TextureRenderCore * this, int facesIndex, int drawX, int drawY)
0x0044ceb0;drawBitmapFaceWithBlendUnk;void drawBitmapFaceWithBlendUnk(TextureRenderCore * this, int bitmapFaceIndex, int xPos, int yPos, int colorOrBlendOrGammaUnk)
0x0044d3d0;renderFunctionResponsibleForManyGameObjects;void renderFunctionResponsibleForManyGameObjects(TextureRenderCore * this, int drawX, int drawY, int imageWidth, int imageHeight, ushort * imageAddress)
0x0044e510;InitBlendFilterArraysUnk;void InitBlendFilterArraysUnk(void)
0x0044e630;renderInterfaceOrBuildingOccupationArea;void renderInterfaceOrBuildingOccupationArea(TextureRenderCore * this, int x, int y, int width, int height, ushort * imageDataPtr, int blendStrengthUnk)
0x0044f020;renderBlendedBlackBox;void renderBlendedBlackBox(TextureRenderCore * this, int drawX, int drawY, int drawXEnd, int drawYEnd, int blendStrengthUnk)
0x0044f170;renderGmWithPreparedAlphaMask;void renderGmWithPreparedAlphaMask(TextureRenderCore * this, int x, int y, int width, int height, ushort * imageDataPtr, int blendStrength)
0x0044f6f0;renderTgxWithColorUnk;void renderTgxWithColorUnk(TextureRenderCore * this, int xPos, int yPos, int width, int height, ushort * imageSource, ushort fillColorUnk)
0x0044f850;renderTgxWithColorAndBlendingUnk;void renderTgxWithColorAndBlendingUnk(TextureRenderCore * this, int xPos, int yPos, int width, int height, ushort * imageSource, ushort fillColorUnk, int blendStrengthUnk)
0x0044fbf0;renderUnitAnimationUnk;void renderUnitAnimationUnk(TextureRenderCore * this, int xPosition, int yPosition, int width, int height, byte * imageAddress)
0x00451e00;renderUnitAnimationWithBlendingUnk;void renderUnitAnimationWithBlendingUnk(TextureRenderCore * this, int xPosition, int yPosition, int width, int height, byte * imageAddress, int blendStrengthUnk)
0x00452900;RenderTerrainTilesCenterPiece;void RenderTerrainTilesCenterPiece(void)
0x00453600;ApplyBlending;void ApplyBlending(int param_1)
0x00453b00;BlitMapImageWithVerticalClip;void BlitMapImageWithVerticalClip(void)
0x00454080;BlitMapImageWithVerticalClipAndYOffset;void BlitMapImageWithVerticalClipAndYOffset(void)
0x00454620;loadGfxFile;int loadGfxFile(TextureRenderCore * this, char * tgxFileName)
0x00454700;loadGFX8;int loadGFX8(TextureRenderCore * this, char * gfx8Filename)
0x004547c0;loadGfxAtBufferEnd;int loadGfxAtBufferEnd(TextureRenderCore * this, char * fileName)
0x004548d0;CheckGfxResourceExists;undefined CheckGfxResourceExists(void)
0x00454900;renderLoadedGfx;void renderLoadedGfx(TextureRenderCore * this, int loadedGfxIndex, int xPos, int yPos)
0x00454960;setRenderingRectToGameResolution;void setRenderingRectToGameResolution(TextureRenderCore * this)
0x00454990;setRenderingRect;void setRenderingRect(TextureRenderCore * this, int xPos, int yPos, int width, int heigth)
0x004549c0;checkIfGfxTgxStartsWithTransparentPixels;BOOLEnum checkIfGfxTgxStartsWithTransparentPixels(TextureRenderCore * this, int gfxIndex)
0x004549f0;renderGfxTgxWithBlending;void renderGfxTgxWithBlending(TextureRenderCore * this, int gfxIndex, int x, int y, int blendStrengthUnk)
0x00454a60;drawTgxOnFlaggedSurface;void drawTgxOnFlaggedSurface(TextureRenderCore * this, int xPos, int yPos, int gfxWidth, int gfxHeight, ushort * tgxSourcePtr)
0x00454cb0;loadCampaignMapGfxUnk;void loadCampaignMapGfxUnk(TextureRenderCore * this)
0x00454ee0;setMenuTabIndexUnk;void setMenuTabIndexUnk(TextureRenderCore * this, int indexToSetToMinusOne)
0x00454ef0;setActiveMenuTabIndexToZero;void setActiveMenuTabIndexToZero(TextureRenderCore * this)
0x00454f00;moveOverlappingMenuPartsToMapSurface;void moveOverlappingMenuPartsToMapSurface(TextureRenderCore * this)
0x00455050;Constructor_TextureRenderCore;TextureRenderCore * Constructor_TextureRenderCore(TextureRenderCore * this, int processedImageDataBufferSize, int gmAndGfxImageDataBufferSize, int unknownMemSize)
0x00455250;transformUncompressedImageWithMarkerUnkToRGB565;void transformUncompressedImageWithMarkerUnkToRGB565(TextureRenderCore * this, int imageIndex)
0x00455270;transformTgxCompressedImageToRGB565;void transformTgxCompressedImageToRGB565(TextureRenderCore * this, int imageIndex)
0x00455290;transformTilesetToRGB565;void transformTilesetToRGB565(TextureRenderCore * this, int imageIndex)
0x004552e0;transformUncompressedImageToRGB565;void transformUncompressedImageToRGB565(TextureRenderCore * this, int imageIndex)
0x00455300;renderGM;void renderGM(TextureRenderCore * this, eGM gmID, int imageID, int drawX, int drawY)
0x00455390;renderGMWithBlending;void renderGMWithBlending(TextureRenderCore * this, GmID GmID, int imageID, int drawX, int drawY, int blendStrengthUnk)
0x004554a0;drawTgxGmOnFlaggedSurface;void drawTgxGmOnFlaggedSurface(TextureRenderCore * this, GmID gmId, int imageIndexInGm, int xPos, int yPos)
0x00455540;renderTextChar;void renderTextChar(TextureRenderCore * this, int xPos, int yPos, int imageId, FontRenderType renderType, int lineHeight, ushort fillColor, int blendStrength)
0x004557b0;renderGMWithAlphaMask;void renderGMWithAlphaMask(TextureRenderCore * this, GmID gmID, int imageID, int xPos, int yPos, GmID maskGmID, int alphaImageID, int blendStrength)
0x004558e0;drawGfxOnFlaggedSurface;void drawGfxOnFlaggedSurface(TextureRenderCore * this, int gfxIndex, int xPos, int yPos)
0x00455930;adaptGmColorsToRGB565IfRequired;void adaptGmColorsToRGB565IfRequired(TextureRenderCore * this, int gmID, int imageIndex)
0x004559b0;loadGMFile;void loadGMFile(TextureRenderCore * this, GmID gmID, char * gmFileName)
0x00455c60;loadGmFiles;void loadGmFiles(TextureRenderCore * this, char * fileNameArray)
0x00455d40;clearMapAndTimeAndPlayerData;void clearMapAndTimeAndPlayerData(GameStateStructures * this)
0x00455d90;clearCurrentResourcesAndStrongWalls;void clearCurrentResourcesAndStrongWalls(GameStateStructures * this)
0x00455e10;resetVariousCountsAndStatisticsAndStartGoodsAndResources;void resetVariousCountsAndStatisticsAndStartGoodsAndResources(GameStateStructures * this)
0x004560f0;resetCountsAndStatistics;void resetCountsAndStatistics(GameStateStructures * this)
0x004563b0;isFullIDEqualsToMinus1;BOOLEnum isFullIDEqualsToMinus1(GameStateStructures * this, int param_1)
0x004563d0;processUnitLossStatistic;void processUnitLossStatistic(GameStateStructures * this, int playerID, int unitID)
0x004565a0;setLastEncounteredTroopUnit;uint setLastEncounteredTroopUnit(GameStateStructures * this, int playerID, int unitID)
0x00456670;updateDateAndTime;void updateDateAndTime(GameStateStructures * this, BOOLEnum startOfWeekAsCurrentTickIs0, int currentTick)
0x00456750;setMonthAndYear;void setMonthAndYear(GameStateStructures * this, int month, int year)
0x004567a0;clearSignpostData;void clearSignpostData(GameStateStructures * this)
0x00456810;computeSignPostEntryData;void computeSignPostEntryData(GameStateStructures * this)
0x00456870;nof_fpoints_locationFinder;void nof_fpoints_locationFinder(GameStateStructures * this)
0x004568b0;calculateAttackVectorsToCampFireOfPlayer;void calculateAttackVectorsToCampFireOfPlayer(GameStateStructures * this, int playerID)
0x004568f0;countActiveSignposts;int countActiveSignposts(GameStateStructures * this)
0x004569e0;hasAnySignpost;BOOLEnum hasAnySignpost(GameStateStructures * this)
0x00456ad0;pickRandomAccessibleSignpostEntry;int pickRandomAccessibleSignpostEntry(GameStateStructures * this)
0x00456c50;clearDataAndSignpostDataIfNecessary;void clearDataAndSignpostDataIfNecessary(GameStateStructures * this)
0x00456ef0;addSignpostToBuildingEntryData;void addSignpostToBuildingEntryData(GameStateStructures * this, int buildingID)
0x00456fd0;computeBuildingCategoryEntryPointAndDestroyEarlierBuilding;void computeBuildingCategoryEntryPointAndDestroyEarlierBuilding(GameStateStructures * this, uint buildingID, int playerID, PlayerDataBuildingCategoryEnum category)
0x004572a0;validateBuildingCategoryReference;void validateBuildingCategoryReference(GameStateStructures * this, int playerID, int param_2)
0x004574c0;checkKeepEnclosed;BOOLEnum checkKeepEnclosed(GameStateStructures * this, int playerID)
0x004576e0;canNavigateFromKeepToKeep;BOOLEnum canNavigateFromKeepToKeep(GameStateStructures * this, int playerID1, int playerID2)
0x00457770;canUnitsNavigateFromKeepToKeep;BOOLEnum canUnitsNavigateFromKeepToKeep(GameStateStructures * this, int playerID, int targetPlayerID)
0x00457800;unitsCanMoveFromKeepOfPlayerToAnotherArea;BOOLEnum unitsCanMoveFromKeepOfPlayerToAnotherArea(GameStateStructures * this, int playerID)
0x00457870;canKeepReachSignpostZone;BOOLEnum canKeepReachSignpostZone(GameStateStructures * this, int playerID, int param_2, int param_3)
0x004578f0;canKeepReachSignpostZoneViaPathfinder;BOOLEnum canKeepReachSignpostZoneViaPathfinder(GameStateStructures * this, int param_1, int param_2, int param_3)
0x00457960;updatePrimaryBuildingPlayerDataReferences;void updatePrimaryBuildingPlayerDataReferences(GameStateStructures * this, uint buildingID)
0x00457a70;changePlayerOwnership;void changePlayerOwnership(GameStateStructures * this, int fromPlayer, int toPlayer)
0x00457ad0;swapOwnership;void swapOwnership(int playerID_1, int playerID_2)
0x00457b40;destroyPlayerCompletely;void destroyPlayerCompletely(GameStateStructures * this, int playerID)
0x00457b80;checkRequiredResourcesForBuildingOrPlanToBuy;undefined4 checkRequiredResourcesForBuildingOrPlanToBuy(GameStateStructures * this, MappersEnum commandBuildingType, int playerID, BOOLEnum playResourceLackMsgUnk)
0x00457e80;getWallTilesThatCanBeBuilt;int getWallTilesThatCanBeBuilt(GameStateStructures * this, int playerID, int wallMaterial)
0x00457f20;showPopAndGoldPopup;void showPopAndGoldPopup(GameStateStructures * this)
0x00457fd0;createStatsPopUpEntities;void createStatsPopUpEntities(GameStateStructures * this)
0x00458070;displayPlayerTradeVisualEffect;void displayPlayerTradeVisualEffect(GameStateStructures * this, int playerID, int param_2, int amount, undefined4 resourceType)
0x004580c0;spawnChicken;void spawnChicken(GameStateStructures * this)
0x00458280;spawnMotherOrChild;void spawnMotherOrChild(GameStateStructures * this)
0x004585b0;playerHasACampground;BOOLEnum playerHasACampground(GameStateStructures * this, int playerID)
0x004585f0;moveUnitAroundCampfire;int moveUnitAroundCampfire(GameStateStructures * this, int unitID, int availablePeasants)
0x004586d0;activateTraderState;void activateTraderState(GameStateStructures * this)
0x004586f0;resetTraderState;void resetTraderState(GameStateStructures * this)
0x00458700;findNextPlayerWithMarketplace;int findNextPlayerWithMarketplace(GameStateStructures * this, int param_1)
0x00458740;isResourceTypeTradeable;BOOLEnum isResourceTypeTradeable(GameStateStructures * this, ResourceType resourceType)
0x00458760;anyGoodsAreAllowedForSale;BOOLEnum anyGoodsAreAllowedForSale(GameStateStructures * this)
0x004587a0;getNextGoodFilteringUnallowed;int getNextGoodFilteringUnallowed(GameStateStructures * this, ResourceType param_1)
0x00458820;getPreviousGoodsFilteringUnallowed;int getPreviousGoodsFilteringUnallowed(GameStateStructures * this, ResourceType param_1)
0x00458890;getBatchBuyPrice;int getBatchBuyPrice(GameStateStructures * this, undefined4 playerID, int resourceType)
0x004588a0;getBuyPrice;int getBuyPrice(GameStateStructures * this, undefined4 playerID, int resourceType, int amount)
0x004588d0;getBuyPriceForOneUnit;int getBuyPriceForOneUnit(GameStateStructures * this, int param_1)
0x004588f0;getSalePriceOfGood;int getSalePriceOfGood(GameStateStructures * this, ResourceType param_1)
0x00458910;getSellPrice;int getSellPrice(GameStateStructures * this, int playerID, int resourceType, int amount)
0x00458940;getSellResourceAmount;undefined getSellResourceAmount(void)
0x00458990;setVariousGameStateToInitialValues;undefined setVariousGameStateToInitialValues(void)
0x004589e0;processPeasantsForBuildings;void processPeasantsForBuildings(GameStateStructures * this)
0x00458a70;updateFoodTypesInStockForAllPlayers;undefined updateFoodTypesInStockForAllPlayers(void)
0x00458ad0;processFoodConsumption;void processFoodConsumption(GameStateStructures * this)
0x00458d50;updateAleRate;void updateAleRate(GameStateStructures * this)
0x00458e20;computeAleCoverage;int computeAleCoverage(GameStateStructures * this, int playerID)
0x00458e60;updateCrowding;void updateCrowding(GameStateStructures * this)
0x00458ec0;updateFearFactorProductivity;void updateFearFactorProductivity(GameStateStructures * this)
0x00458f70;recomputeReligionBonuses;void recomputeReligionBonuses(GameStateStructures * this)
0x00459080;calculateTaxIncomeForPlayer;int calculateTaxIncomeForPlayer(GameStateStructures * this, int playerIndex, int taxStep, int currentPeasants)
0x00459140;calculateTaxBribeExpenseForPlayer;int calculateTaxBribeExpenseForPlayer(GameStateStructures * this, int playerIndex, int taxStep, int currentPopulation)
0x00459170;getNumberToDisplayPlayerTaxIncome;int getNumberToDisplayPlayerTaxIncome(GameStateStructures * this, int playerIndex, int taxStep, int currentPopulation)
0x004591b0;getNumberToDisplayBribeIncome;int getNumberToDisplayBribeIncome(GameStateStructures * this, int playerIndex, int taxStep, int currentPopulation)
0x004591f0;despawnPeasantOrWorker;void despawnPeasantOrWorker(GameStateStructures * this, int playerID)
0x00459490;spawnDrunkard;void spawnDrunkard(GameStateStructures * this, int param_1)
0x004595d0;singlePlayerHasKeepAndGranaryCheck;int singlePlayerHasKeepAndGranaryCheck(GameStateStructures * this)
0x00459640;resetTeams;void resetTeams(GameStateStructures * this)
0x004596d0;getTeamsDifferent;BOOLEnum getTeamsDifferent(GameStateStructures * this, int firstPlayerId, int secondPlayerId)
0x00459700;findAITeamMate;int findAITeamMate(GameStateStructures * this, int playerID1)
0x00459740;teamToBitFlagsUnk;uint teamToBitFlagsUnk(GameStateStructures * this, int unitID)
0x004597d0;areActivePlayersMostlySameTeam;BOOLEnum areActivePlayersMostlySameTeam(GameStateStructures * this)
0x004598b0;recountStablesAndHorses;void recountStablesAndHorses(GameStateStructures * this)
0x00459930;linkageBetweenHorseUnitAndStableUnk;int linkageBetweenHorseUnitAndStableUnk(GameStateStructures * this, int playerID, int unitID)
0x00459a20;spawnPoisonCloudsAroundBuilding;void spawnPoisonCloudsAroundBuilding(GameStateStructures * this, int buildingID)
0x00459b50;playSFXNoSpaceInTheStockPile;void playSFXNoSpaceInTheStockPile(GameStateStructures * this, int playerID)
0x00459bb0;clearTribeHotKey;void clearTribeHotKey(GameStateStructures * this, int hotkeyID)
0x00459be0;fillWith0xFF;void fillWith0xFF(GameStateStructures * this)
0x00459c10;assignSelectionToKey;void assignSelectionToKey(GameStateStructures * this, int number, int tribeID)
0x00459e40;HandleActivateTacticalPowers;void HandleActivateTacticalPowers(int param_1, int powerType, int param_3)
0x0045a060;renderDebugDataCurrentPlayerData;void renderDebugDataCurrentPlayerData(GameStateStructures * this, int x, int y, int width, int height)
0x0045acc0;validateLadyAndJesterUnitRefs;void validateLadyAndJesterUnitRefs(void)
0x0045ad10;initPopularityAndRecruitableDefaults;void initPopularityAndRecruitableDefaults(void)
0x0045ae00;resetTeams;void resetTeams(void)
0x0045ae10;addBuildingInRegistry;void addBuildingInRegistry(GameStateStructures * this, int buildingID)
0x0045ae70;resetBuildingsCurrentIndexCounter;void resetBuildingsCurrentIndexCounter(GameStateStructures * this)
0x0045aeb0;selectARandomBuildingOwnedByPlayer;int selectARandomBuildingOwnedByPlayer(GameStateStructures * this, int playerID)
0x0045af00;resetSomethingBuildingRelatedForAllPlayers;void resetSomethingBuildingRelatedForAllPlayers(GameStateStructures * this)
0x0045af30;computePopulationStatistics;void computePopulationStatistics(GameStateStructures * this)
0x0045b1c0;clearEnemyRelatedStructures;void clearEnemyRelatedStructures(GameStateStructures * this)
0x0045b3e0;initializeGameStateAfterMapLoad;void initializeGameStateAfterMapLoad(GameStateStructures * this)
0x0045b460;switchPlayerOwnership;void switchPlayerOwnership(GameStateStructures * this, int playerID)
0x0045b6b0;updateTrader;void updateTrader(GameStateStructures * this)
0x0045b7f0;getSalesPrice;int getSalesPrice(GameStateStructures * this, int playerID, int resourceType)
0x0045b830;updatePopularity;void updatePopularity(GameStateStructures * this)
0x0045bf50;updateTaxing;void updateTaxing(GameStateStructures * this)
0x0045c050;spawnPoisonCloudsAtRandomStorageOrArmyBuilding;void spawnPoisonCloudsAtRandomStorageOrArmyBuilding(GameStateStructures * this, int playerID, int count)
0x0045c1c0;migrateGameStateForMapVersion;void migrateGameStateForMapVersion(GameStateStructures * this, PackagedFileMagicNum receivedMapVersion, PackagedFileMagicNum packagerMapVersion)
0x0045ca20;processSingleTimeTick;void processSingleTimeTick(GameStateStructures * this)
0x0045cd10;processGameTick;void processGameTick(GameStateStructures * this)
0x0045d060;PrintToDestination;void PrintToDestination(wchar_t * destination, wchar_t * format, ...)
0x0045d080;setHelpWindowBounds;void setHelpWindowBounds(TextEditorState * this, undefined4 param_1, undefined4 param_2, undefined4 param_3, undefined4 param_4)
0x0045d0b0;freeMemory;void freeMemory(AlphaAndButtonSurface * this)
0x0045d0c0;resetHelpStateFields;void resetHelpStateFields(TextEditorState * this)
0x0045d140;findHelpSectionIndexByName;int findHelpSectionIndexByName(TextEditorState * this, char * param_1)
0x0045d1a0;findOrAddHelpSectionName;int findOrAddHelpSectionName(TextEditorState * this, char * param_1)
0x0045d200;parseHLPPart;WCHAR parseHLPPart(TextEditorState * this, FILE * filePointer)
0x0045d370;loadHelpSectionGraphics;void loadHelpSectionGraphics(TextEditorState * this)
0x0045d3c0;getWideCharPointer;undefined * getWideCharPointer(TextEditorState * this, int * param_1)
0x0045d430;renderHelpImageHotspots;void renderHelpImageHotspots(TextEditorState * this)
0x0045d690;bltTextToScreenIfNeedBe;void bltTextToScreenIfNeedBe(TextEditorState * this)
0x0045d6c0;drawBorderStyle0x20;void drawBorderStyle0x20(TextEditorState * this, int param_1, int param_2, int param_3, int param_4)
0x0045d740;drawHelpWindowBackground;void drawHelpWindowBackground(TextEditorState * this)
0x0045d890;findHelpGraphicIndexByName;int findHelpGraphicIndexByName(TextEditorState * this, char * param_1)
0x0045d8f0;findOrAddHelpGraphicName;void findOrAddHelpGraphicName(TextEditorState * this, char * param_1)
0x0045d950;getNextHelpSectionID;int getNextHelpSectionID(TextEditorState * this, int param_1)
0x0045d990;getPrevHelpSectionID;int getPrevHelpSectionID(TextEditorState * this, int param_1)
0x0045d9e0;getHelpSectionText;char * getHelpSectionText(TextEditorState * this, int param_1)
0x0045da20;getNextHelpColorEntryIndex;undefined getNextHelpColorEntryIndex(void)
0x0045da40;getPrevHelpColorEntryIndex;undefined getPrevHelpColorEntryIndex(void)
0x0045da80;findSoundIndexByName;int findSoundIndexByName(TextEditorState * this, char * param_1)
0x0045dae0;findOrAddSoundName;void findOrAddSoundName(TextEditorState * this, char * param_1)
0x0045db40;saveHelpFileToResource;void saveHelpFileToResource(TextEditorState * this)
0x0045de40;MenuItemRenderFunction_TextEditor_Buttons;void MenuItemRenderFunction_TextEditor_Buttons(int param_1, ...)
0x0045edf0;MenuItemActionHandler_TextEditor_Scrollbar;void MenuItemActionHandler_TextEditor_Scrollbar(int param_1, int param_2, int * minValue, int * maxValue, int * currentValue)
0x0045ef90;MenuItemRenderFunction_TextEditor_Scrollbar;void MenuItemRenderFunction_TextEditor_Scrollbar(int param_1, int thumbYPos, int param_3, int thumbHeight, BOOLEnum isDragged)
0x0045f080;getHelpTokenAdvanceLength;undefined getHelpTokenAdvanceLength(void)
0x0045f0d0;insertHelpTextToken;void insertHelpTextToken(TextEditorState * this, undefined4 param_1)
0x0045f120;MenuItemRenderFunction_DisplayScenarioHelpText_AnotherButtonUnk;void MenuItemRenderFunction_DisplayScenarioHelpText_AnotherButtonUnk(int param_1, ...)
0x0045f130;Constructor_TextEditorState;TextEditorState * Constructor_TextEditorState(TextEditorState * this)
0x0045f240;closeHelpDialogAndReturnToMenu;void closeHelpDialogAndReturnToMenu(TextEditorState * this)
0x0045f470;readCrusaderHelpHlp;void readCrusaderHelpHlp(TextEditorState * this, LPCSTR param_1)
0x0045f580;loadAndParseHelpFile;undefined4 loadAndParseHelpFile(TextEditorState * this, FILE * param_1)
0x0045f5b0;parseHlp;void parseHlp(TextEditorState * this)
0x0045fdc0;processHelpRichTextTokens;void processHelpRichTextTokens(TextEditorState * this, int param_1)
0x004613e0;setTextRenderingLogic;void setTextRenderingLogic(TextEditorState * this)
0x004614d0;initializeAndLayoutHelpText;void initializeAndLayoutHelpText(TextEditorState * this)
0x00461550;renderHelpDialogIfOpen;void renderHelpDialogIfOpen(TextEditorState * this)
0x00461570;MenuItemActionHandler_TextEditor_TextInputRelatedUnk;void MenuItemActionHandler_TextEditor_TextInputRelatedUnk(void)
0x004619d0;loadAndLayoutHelpContent;void loadAndLayoutHelpContent(TextEditorState * this)
0x00461a20;openBuildingHelpDialog;void openBuildingHelpDialog(TextEditorState * this, int param_1)
0x00461b90;openInGameHelpDialog;void openInGameHelpDialog(TextEditorState * this, int param_1)
0x00461cf0;openScenarioHelpDialog;void openScenarioHelpDialog(TextEditorState * this, int param_1)
0x00461e50;openCreditsScrollDialog;void openCreditsScrollDialog(TextEditorState * this, int param_1)
0x00461f90;openMapDescriptionEditorDialog;void openMapDescriptionEditorDialog(TextEditorState * this, int param_1)
0x004620f0;setCustomHelpText;void setCustomHelpText(TextEditorState * this, char * param_1, undefined4 param_2)
0x00462150;popHelpDialogStack;void popHelpDialogStack(TextEditorState * this)
0x00462190;openUnusedHelpTextEditorDialog;void openUnusedHelpTextEditorDialog(TextEditorState * this, int param_1)
0x00462340;MenuItemActionHandler_TextEditor_Buttons;void MenuItemActionHandler_TextEditor_Buttons(int param_1, ...)
0x00462fe0;Constructor_AlphaAndButtonSurface;AlphaAndButtonSurface * Constructor_AlphaAndButtonSurface(AlphaAndButtonSurface * this)
0x00462ff0;prepareButtonAndAlphaSurface;void prepareButtonAndAlphaSurface(AlphaAndButtonSurface * this)
0x004630b0;getPictureNumberInGm;undefined getPictureNumberInGm(void)
0x004630d0;isMouseOnButtonImageUnk;undefined isMouseOnButtonImageUnk(void)
0x00463270;ProcessBuildingClickBonus;void ProcessBuildingClickBonus(AlphaAndButtonSurface * this, int buildingIndex)
0x00463310;openBuildingStatusMenuForBuildingID;BOOLEnum openBuildingStatusMenuForBuildingID(AlphaAndButtonSurface * this, int buildingID)
0x00463a00;SelectUnitAndOpenStatusMenu;BOOLEnum SelectUnitAndOpenStatusMenu(AlphaAndButtonSurface * this, int unitIndex)
0x00463a90;renderBasicButton;void renderBasicButton(AlphaAndButtonSurface * this, int reverseOrBlendStrength, RenderTarget renderSurface)
0x00463ff0;MenuItemRenderFunction_General_RenderCurrentButtonWithPossibleAlphaTexOnScreenMenuSurface;void MenuItemRenderFunction_General_RenderCurrentButtonWithPossibleAlphaTexOnScreenMenuSurface(void)
0x004640d0;RenderCurrentNotActiveButtonWithPossibleAlphaTexOnCurrentSurfaceUnk;void RenderCurrentNotActiveButtonWithPossibleAlphaTexOnCurrentSurfaceUnk(void)
0x004641a0;RenderButtonImageWithBlending;void RenderButtonImageWithBlending(void)
0x00464260;MenuItemRenderFunction_ChooseRandomNumberOfEnemies_Main;void MenuItemRenderFunction_ChooseRandomNumberOfEnemies_Main(int param_1, ...)
0x00464300;RenderCurrentButtonOnScreenMenu;void RenderCurrentButtonOnScreenMenu(void)
0x00464370;RenderCurrentButtonToScreenMenuWithBlendingUnk;void RenderCurrentButtonToScreenMenuWithBlendingUnk(int blendStrengthUnk)
0x004643f0;MenuItemRenderFunction_InGameMenu_MainButtons;void MenuItemRenderFunction_InGameMenu_MainButtons(int param_1, ...)
0x00464860;MenuItemRenderFunction_MapEditorLandscaping_GeneralButtons;void MenuItemRenderFunction_MapEditorLandscaping_GeneralButtons(int param_1, ...)
0x004649c0;MenuItemActionHandler_BuildingAndStatusMenu_Unknown_Min1;void MenuItemActionHandler_BuildingAndStatusMenu_Unknown_Min1(void)
0x004649d0;MenuItemRenderFunction_BuildingAndStatusMenu_BarracksWeaponAvailability;void MenuItemRenderFunction_BuildingAndStatusMenu_BarracksWeaponAvailability(int param_1, ...)
0x00464d90;MenuItemActionHandler_BuildingAndStatusMenu_UnknownMin1Unk;void MenuItemActionHandler_BuildingAndStatusMenu_UnknownMin1Unk(void)
0x00464da0;IsEuroUnitRecruitableUnk;EuroRecruitableState IsEuroUnitRecruitableUnk(int barrackUnitIdUnk)
0x00464e80;GetUnitRecruitPermission;int GetUnitRecruitPermission(int param_1)
0x00464ef0;ProcessRecruitUnit;void ProcessRecruitUnit(int playerID, int unitType, undefined4 recruitmentBuildingID)
0x00465040;HasEnoughGold;BOOLEnum HasEnoughGold(int param_1)
0x00465080;CheckIfEnoughGoldForLadderman;void CheckIfEnoughGoldForLadderman(void)
0x004650a0;CheckIfEnoughGoldForMonk;void CheckIfEnoughGoldForMonk(void)
0x004650c0;CheckGoldResource;BOOLEnum CheckGoldResource(int param_1)
0x004650f0;CheckIfEnoughGoldForTunneler;void CheckIfEnoughGoldForTunneler(void)
0x00465110;MenuItemRenderFunction_BuildingAndStatusMenu_WorkshopWeaponSelection;void MenuItemRenderFunction_BuildingAndStatusMenu_WorkshopWeaponSelection(ResourceType _weapon, ...)
0x00465200;MenuItemActionHandler_BuildingAndStatusMenu_WorkshopWeaponSelection;void MenuItemActionHandler_BuildingAndStatusMenu_WorkshopWeaponSelection(ResourceType weapon, ...)
0x004652a0;SetBuildingProductionType;void SetBuildingProductionType(undefined4 playerID, int buildingID, ushort producedItemType, int buildingUID)
0x004652d0;MenuItemRenderFunction_BuildingAndStatusMenu_DrawbridgeOpenClose;void MenuItemRenderFunction_BuildingAndStatusMenu_DrawbridgeOpenClose(int param_1, ...)
0x00465360;MenuItemActionHandler_BuildingAndStatusMenu_DrawbridgeOpenClose;void MenuItemActionHandler_BuildingAndStatusMenu_DrawbridgeOpenClose(int param_1, ...)
0x004653b0;OpenOrCloseDrawbridge;void OpenOrCloseDrawbridge(undefined4 param_1, int buildingID, int value, int buildingUID)
0x004653f0;MenuItemRenderFunction_BuildingAndStatusMenu_GatehouseOpenClose;void MenuItemRenderFunction_BuildingAndStatusMenu_GatehouseOpenClose(int param_1, ...)
0x00465480;MenuItemActionHandler_BuildingAndStatusMenu_GatehouseOpenClose;void MenuItemActionHandler_BuildingAndStatusMenu_GatehouseOpenClose(int param_1, ...)
0x004654f0;GateOpenOrClose;void GateOpenOrClose(undefined4 playerID, int buildingID, int newGateState, int buildingUID)
0x00465560;MenuItemActionHandler_BuildingAndStatusMenu_TaxSlider;void MenuItemActionHandler_BuildingAndStatusMenu_TaxSlider(int param_1, int param_2, int * minValue, int * maxValue, int * currentValue)
0x00465630;MenuItemRenderFunction_BuildingAndStatusMenu_HorizontalSlider;void MenuItemRenderFunction_BuildingAndStatusMenu_HorizontalSlider(int param_1, int thumbYPos, int param_3, int thumbHeight, BOOL isDragged)
0x004656a0;MenuItemActionHandler_BuildingAndStatusMenu_TaxArrowButtons;void MenuItemActionHandler_BuildingAndStatusMenu_TaxArrowButtons(int param_1, ...)
0x00465700;QueueChangeTaxes;void QueueChangeTaxes(void)
0x004657b0;MenuItemRenderFunction_BuildingAndStatusMenu_TaxArrowButtons;void MenuItemRenderFunction_BuildingAndStatusMenu_TaxArrowButtons(int param_1, ...)
0x00465800;ChangeTaxes;void ChangeTaxes(int playerID, int taxesSetting)
0x00465820;MenuItemActionHandler_BuildingAndStatusMenu_ChangeRations;void MenuItemActionHandler_BuildingAndStatusMenu_ChangeRations(int param_1, ...)
0x00465890;ChangeRations;void ChangeRations(int playerID, int rationsSetting)
0x004658b0;MenuItemRenderFunction_BuildingAndStatusMenu_GeneralButtonRender;void MenuItemRenderFunction_BuildingAndStatusMenu_GeneralButtonRender(int param_1, ...)
0x00465920;MenuItemActionHandler_BuildingAndStatusMenu_MarketMenuChangeButtons;void MenuItemActionHandler_BuildingAndStatusMenu_MarketMenuChangeButtons(int param_1, ...)
0x00465950;MenuItemRenderFunction_BuildingAndStatusMenu_SelectBuySellGoods;void MenuItemRenderFunction_BuildingAndStatusMenu_SelectBuySellGoods(int param_1, ...)
0x004659e0;MenuItemActionHandler_BuildingAndStatusMenu_SelectBuySellGoods;void MenuItemActionHandler_BuildingAndStatusMenu_SelectBuySellGoods(int param_1, ...)
0x00465a20;MenuItemRenderFunction_BuildingAndStatusMenu_BuySellMenuButtonsAndHands;void MenuItemRenderFunction_BuildingAndStatusMenu_BuySellMenuButtonsAndHands(int param_1, ...)
0x00465db0;SetStorageMarketFailState;void SetStorageMarketFailState(int state, ResourceType resource)
0x00465e60;ProcessBuyOrSell;void ProcessBuyOrSell(int playerID, int buyOrSell, ResourceType resourceType)
0x00465f20;TryAcquireAmmunitionOrPlanToBuyStone;void TryAcquireAmmunitionOrPlanToBuyStone(int param_1, int param_2)
0x00465f90;SelectionReplenishAmmo;short * SelectionReplenishAmmo(int playerID, int param_2)
0x004660b0;MenuItemActionHandler_BuildingAndStatusMenu_BuildingSleep;void MenuItemActionHandler_BuildingAndStatusMenu_BuildingSleep(void)
0x004660f0;ProcessBuildingSleepUpdate;void ProcessBuildingSleepUpdate(int playerID, int buildingType)
0x00466160;MenuItemActionHandler_BuildingAndStatusMenu_RepairBuildingButton;void MenuItemActionHandler_BuildingAndStatusMenu_RepairBuildingButton(void)
0x00466260;ProcessTowerRepair;void ProcessTowerRepair(int playerID, int buildingID, int requiredWood, int requiredStone, int gameObjectID)
0x00466320;MenuItemRenderFunction_BuildingAndStatusMenu_RepairBuildingButton;void MenuItemRenderFunction_BuildingAndStatusMenu_RepairBuildingButton(int param_1, ...)
0x00466430;ReleaseDogs2;void ReleaseDogs2(int param_1, int buildingID, int buildingUID)
0x00466620;MenuItemRenderFunction_BuildingAndStatusMenu_OutpostUnitSelection;void MenuItemRenderFunction_BuildingAndStatusMenu_OutpostUnitSelection(int param_1, ...)
0x00466710;MenuItemActionHandler_BuildingAndStatusMenu_OutpostUnitSelection;void MenuItemActionHandler_BuildingAndStatusMenu_OutpostUnitSelection(int param_1, ...)
0x00466730;MenuItemActionHandler_BuildingAndStatusMenu_OutpostSliderSize;void MenuItemActionHandler_BuildingAndStatusMenu_OutpostSliderSize(int param_1, int param_2, int * minValue, int * maxValue, int * currentValue)
0x00466810;MenuItemActionHandler_BuildingAndStatusMenu_OutpostSliderDelay;void MenuItemActionHandler_BuildingAndStatusMenu_OutpostSliderDelay(int param_1, int param_2, int * minValue, int * maxValue, int * currentValue)
0x004668f0;MenuItemRenderFunction_BuildMenu_BuildingIcons;void MenuItemRenderFunction_BuildMenu_BuildingIcons(int param_1, ...)
0x00466920;MenuItemRenderFunction_BuildMenu_BuildingSubcategoryButton;void MenuItemRenderFunction_BuildMenu_BuildingSubcategoryButton(int param_1, ...)
0x00466950;MenuItemActionHandler_BuildingAndStatusMenu_BarrackUnitPortraits;void MenuItemActionHandler_BuildingAndStatusMenu_BarrackUnitPortraits(int param_1, ...)
0x00466ab0;MenuItemRenderFunction_BuildingAndStatusMenu_MercenaryPostPortraits;void MenuItemRenderFunction_BuildingAndStatusMenu_MercenaryPostPortraits(int param_1, ...)
0x00466c20;MenuItemRenderFunction_BuildingAndStatusMenu_EngineerAndMonkPortraits;void MenuItemRenderFunction_BuildingAndStatusMenu_EngineerAndMonkPortraits(int param_1, ...)
0x00466d10;MenuItemRenderFunction_BuildingAndStatusMenu_TunnelerPortrait;void MenuItemRenderFunction_BuildingAndStatusMenu_TunnelerPortrait(int param_1, ...)
0x00466e00;SetEnoughGoldForRequestedUnitToTrueUnk;void SetEnoughGoldForRequestedUnitToTrueUnk(void)
0x00466e10;DisableMercPostPortraits;void DisableMercPostPortraits(void)
0x00466e20;MenuItemActionHandler_BuildingAndStatusMenu_EngineerAndMonkPortraits;void MenuItemActionHandler_BuildingAndStatusMenu_EngineerAndMonkPortraits(int param_1, ...)
0x00466f60;MenuItemActionHandler_BuildingAndStatusMenu_TunnelerPortrait;void MenuItemActionHandler_BuildingAndStatusMenu_TunnelerPortrait(int param_1, ...)
0x00467040;MenuItemActionHandler_BuildingAndStatusMenu_BuySellMenuButtonsAndHands;void MenuItemActionHandler_BuildingAndStatusMenu_BuySellMenuButtonsAndHands(int param_1, ...)
0x004672f0;MenuItemActionHandler_BuildingAndStatusMenu_BarrackMenuClick;void MenuItemActionHandler_BuildingAndStatusMenu_BarrackMenuClick(int barrackUnitIdUnk, ...)
0x004674c0;MenuItemActionHandler_BuildingAndStatusMenu_MercenaryPostPortraits;void MenuItemActionHandler_BuildingAndStatusMenu_MercenaryPostPortraits(int param_1, ...)
0x00467670;unwindMethod__0x467670;void unwindMethod__0x467670(exception * param_1)
0x00467680;~bad_alloc;bad_alloc * ~bad_alloc(bad_alloc * this)
0x004676b0;meth_0x4676b0;void meth_0x4676b0(_Locimp * this)
0x004676e0;meth_0x4676e0;uint meth_0x4676e0(void * this)
0x00467720;unwind_related_03;void unwind_related_03(void * this)
0x00467730;meth_0x467730;void meth_0x467730(_Locimp * this)
0x00467780;virt_meth_0x467780;undefined1 virt_meth_0x467780(codecvt<char,_char,_int> * this)
0x00467790;virt_meth_0x467790;undefined4 virt_meth_0x467790(codecvt<char,_char,_int> * this)
0x004677a0;meth_0x4677a0;int * meth_0x4677a0(void * this, int * param_1)
0x004677e0;~ios_base;ios_base * ~ios_base(ios_base * this, uint param_1)
0x00467810;stopMusicPlayback;void stopMusicPlayback(SoundSystem * this)
0x00467830;endSoundStreamsUnk;void endSoundStreamsUnk(SoundSystem * this)
0x00467850;TransformToCurrentModeColor;uint TransformToCurrentModeColor(int red, int green, int blue)
0x00467890;SetSomeColorsUnk;void SetSomeColorsUnk(void)
0x004679f0;Constructor_WindowAndDirectDraw;WindowAndDirectDraw * Constructor_WindowAndDirectDraw(WindowAndDirectDraw * this)
0x00467a90;createWindow;BOOLEnum createWindow(WindowAndDirectDraw * this, LPCSTR windowName, uint cursorResource)
0x00467b40;getDeviceCapsAndSetup;void getDeviceCapsAndSetup(WindowAndDirectDraw * this)
0x00467bc0;EnumDisplayModesCallback;HRESULT EnumDisplayModesCallback(DDSURFACEDESC * displayDesc, LPVOID userParam)
0x00467d80;releaseSurfacesAndDirectDraw;void releaseSurfacesAndDirectDraw(WindowAndDirectDraw * this, BOOLEnum alsoReleaseDDInterfaceUnk)
0x00467e40;finalizeDirectDrawShutdown;void finalizeDirectDrawShutdown(WindowAndDirectDraw * this)
0x00467e50;adjustForNotExclusiveFullscreenUnk;void adjustForNotExclusiveFullscreenUnk(WindowAndDirectDraw * this, LPRECT destinationRect, LPRECT sourceRect)
0x00467ec0;restoreDXSurfaces;BOOLEnum restoreDXSurfaces(WindowAndDirectDraw * this)
0x00467f50;Constructor_Empty;void * Constructor_Empty(void)
0x00467f60;storeWindowRectangleInfoUnk;void storeWindowRectangleInfoUnk(WindowInformation * this, LONG param_1, LONG param_2, LONG param_3, LONG param_4)
0x00467f80;makeSelectedCursorTypeCurrent;void makeSelectedCursorTypeCurrent(MouseState * this)
0x00468030;updateMousePositionAndClicks;void updateMousePositionAndClicks(MouseState * this, short xMousePos, short yMousePos, MouseClickInteraction clickType)
0x004680b0;updateMouseWheelStatus;void updateMouseWheelStatus(MouseState * this, int delta)
0x004680c0;isMouseInsideBox;BOOLEnum isMouseInsideBox(MouseState * this, int xPos, int yPos, int width, int heigth)
0x00468100;updateMouseStateBasedOnCursorAndTime;void updateMouseStateBasedOnCursorAndTime(MouseState * this)
0x00468370;setCursor;HCURSOR setCursor(MouseState * this, DWORD cursorType)
0x00468420;beginPointSelectionBox;void beginPointSelectionBox(MouseState * this)
0x004684d0;setupHitBox;void setupHitBox(MouseState * this, int width, int height)
0x00468590;resetMouseCursorState;void resetMouseCursorState(MouseState * this)
0x004685c0;renderPreviewAtMouseLocation;void renderPreviewAtMouseLocation(MouseState * this)
0x004687f0;storeXYAndResetMouseState;void storeXYAndResetMouseState(MouseState * this)
0x004689d0;resetMouseState2;void resetMouseState2(MouseState * this)
0x00468a10;Constructor_ModifierKeyState;ModifierKeyState * Constructor_ModifierKeyState(ModifierKeyState * this)
0x00468a20;updateCtrlShiftAltKeyStateMemory;void updateCtrlShiftAltKeyStateMemory(ModifierKeyState * this)
0x00468a90;Constructor_ScrollingHandler;ScrollingHandler * Constructor_ScrollingHandler(ScrollingHandler * this)
0x00468ad0;handleScrolling;void handleScrolling(ScrollingHandler * this)
0x00468c30;getScrollDistanceBaseUnk;int getScrollDistanceBaseUnk(ScrollingHandler * this)
0x00468c40;Constructor_InsertKeyState;InsertKeyState * Constructor_InsertKeyState(InsertKeyState * this)
0x00468c50;setupPencilSurface;void setupPencilSurface(PencilRenderCore * this)
0x00468c80;setupPencil;BOOLEnum setupPencil(PencilRenderCore * this, int left, int top, int right, int bottom, ushort color)
0x00468de0;drawHorizontalLine;void drawHorizontalLine(PencilRenderCore * this)
0x00468e40;drawVerticalLine;void drawVerticalLine(PencilRenderCore * this)
0x00468ea0;dimHorizontalLine;void dimHorizontalLine(PencilRenderCore * this)
0x00468f20;drawCurrentPixel;void drawCurrentPixel(PencilRenderCore * this)
0x00468f70;drawPixelPattern4x4;void drawPixelPattern4x4(PencilRenderCore * this, int drawX, int drawY)
0x00468fe0;drawHeaderBanner;void drawHeaderBanner(PencilRenderCore * this, int xPos, int yPos, int width, int unusedUnk)
0x004690e0;drawScrollbar;void drawScrollbar(PencilRenderCore * this, uint xPos, int yPos, int height, int thumbYPos, BOOLEnum isDragged, int thumbHeight, int blendStrength)
0x00469290;renderUpDownButtonUnk;void renderUpDownButtonUnk(PencilRenderCore * this, int isDownButtonUnk, int blendStrengthUnk)
0x004692e0;drawTableCellBackground;void drawTableCellBackground(PencilRenderCore * this, BOOLEnum isSelected, int indexToGetStripes, int blendStrength)
0x004694a0;FUN_004694a0;void FUN_004694a0(UserTextHandler * this)
0x00469790;resetToTextIndex;void resetToTextIndex(UserTextHandler * this, undefined4 textIndex)
0x004697c0;getCurrentText;char * getCurrentText(UserTextHandler * this)
0x004697e0;getTextArrayPointer;int getTextArrayPointer(UserTextHandler * this, int param_1)
0x00469800;setTextEntryAndUpdateCursor;void setTextEntryAndUpdateCursor(UserTextHandler * this, undefined4 param_1, undefined4 param_2)
0x00469860;getCurrentFontSize;int getCurrentFontSize(UserTextHandler * this)
0x00469870;handleReturnKey;void handleReturnKey(UserTextHandler * this)
0x00469880;handleRightKey;void handleRightKey(UserTextHandler * this)
0x004698a0;handleLeftKey;void handleLeftKey(UserTextHandler * this)
0x004698c0;resetCursorToStart;void resetCursorToStart(UserTextHandler * this)
0x004698d0;moveCursorToEnd;void moveCursorToEnd(UserTextHandler * this)
0x004698f0;shiftTextLeftAtCursor;void shiftTextLeftAtCursor(UserTextHandler * this, int param_1, int param_2)
0x00469930;shiftTextRightAtCursor;void shiftTextRightAtCursor(UserTextHandler * this, int param_1, int param_2)
0x00469980;handleCharacterIntoInputBuffer;void handleCharacterIntoInputBuffer(UserTextHandler * this, int characterCode)
0x004699e0;dequeueInputBufferChar;uint dequeueInputBufferChar(UserTextHandler * this)
0x00469a30;setupFontSizeClassObject;void setupFontSizeClassObject(FontSizeClass * this, GmID fontGmID, int numberOfFontStartInGm, FontRenderType renderType, int baselineOffset, int lineHeight, int letterSpacing, int whiteSpaceWidth)
0x00469a70;getWidthOfText;int getWidthOfText(FontSizeClass * this, char * text, int length)
0x00469b90;getWordStartingFromPos;int getWordStartingFromPos(FontSizeClass * this, char * text, int startAndRunIndex, char * wordReceiver, int maxWordBufferSize, int * wordStartIndexOutPtr)
0x00469c40;wrapTextIntoLines;void wrapTextIntoLines(FontSizeClass * this, char * text, int allowedWidth)
0x00469e10;getCharWidthUnk;int getCharWidthUnk(FontSizeClass * this, byte charUnk)
0x00469e70;setupFontSizeClassObjects;void setupFontSizeClassObjects(TextManager * this)
0x00469f10;DoNothing;void DoNothing(void)
0x00469f20;setTextClipRange;void setTextClipRange(TextManager * this, dword param_1, dword param_2)
0x00469f40;resetTextClipRange;void resetTextClipRange(TextManager * this)
0x00469f50;trimText;void trimText(TextManager * this, char * text, int allowedWidth, int fontSize)
0x00469f70;getTextWidthTillCursorUnk;int getTextWidthTillCursorUnk(TextManager * this, char * text, int cursorIndex, int fontSize)
0x00469fa0;fillIntegerTextBuffer;void fillIntegerTextBuffer(TextManager * this, int numberInt)
0x0046a050;getTextStringInGroupAtOffset;char * getTextStringInGroupAtOffset(TextManager * this, eTextSections offsetIndex, int numInGroup)
0x0046a2c0;renderPartOfNumberUnk;int renderPartOfNumberUnk(TextManager * this, int numberToRenderUnk, int xPosUnk, int yPosUnk, int integerPartToRenderUnk, int bgr24, int digitSet, BOOL useCurrentXOffsetUnk)
0x0046a4d0;calcRenderedNumberWidth;int calcRenderedNumberWidth(TextManager * this, int param_1, int param_2)
0x0046a720;getCharWidth;int getCharWidth(TextManager * this, char char, int fontSize)
0x0046a740;setTimeBasedSeed;void setTimeBasedSeed(RNG * this)
0x0046a760;populateRNG1040;void populateRNG1040(RNG * this)
0x0046a7d0;nextRandomNumber2;void nextRandomNumber2(RNG * this)
0x0046a800;nextRandomNumber1;void nextRandomNumber1(RNG * this)
0x0046a830;moveLowerThreeBytesIntoParam2;void moveLowerThreeBytesIntoParam2(LowLevelMemory * this, void * src, void * dst)
0x0046a850;fillMemory_setMemoryToValue_0x001;void fillMemory_setMemoryToValue_0x001(LowLevelMemory * this)
0x0046a890;fillMemory_setMemoryToValue_0x002;void fillMemory_setMemoryToValue_0x002(LowLevelMemory * this)
0x0046a8d0;fillMemory_setMemoryToValue_0x004;void fillMemory_setMemoryToValue_0x004(LowLevelMemory * this)
0x0046a910;fillMemory_setMemoryToValue_0x010;undefined fillMemory_setMemoryToValue_0x010(void)
0x0046a970;fillMemory_setMemoryToValue_0x100;undefined fillMemory_setMemoryToValue_0x100(void)
0x0046aaf0;copyData_0x001;undefined copyData_0x001(void)
0x0046ab30;copyData_0x010;undefined copyData_0x010(void)
0x0046aba0;copyData_0x100;undefined copyData_0x100(void)
0x0046ae50;copyStringUntilFirstDot;void copyStringUntilFirstDot(LowLevelMemory * this, char * param_1, char * param_2)
0x0046ae80;putFileNameAndAppendFileExtension;void putFileNameAndAppendFileExtension(LowLevelMemory * this, char * sourceName, char * dest, char * extension)
0x0046aec0;isLordNameCallable;BOOLEnum isLordNameCallable(LowLevelMemory * this, char * playerLordNameUnk, char * callableLordName)
0x0046b080;wideCharToMultiByteComplete;int wideCharToMultiByteComplete(WideCharMultiByteState * this, LPSTR charOut, LPCWSTR wideCharIn)
0x0046b0d0;multiByteToWideCharacter;void multiByteToWideCharacter(WideCharMultiByteState * this, LPWSTR param_1, LPCSTR param_2)
0x0046b110;wideCharToMultiByteWithSize;int wideCharToMultiByteWithSize(WideCharMultiByteState * this, LPSTR lpMultiByteStr, LPWSTR lpWideCharStr, int numOfSymbols)
0x0046b140;multiByteToWideCharThunk;void multiByteToWideCharThunk(WideCharMultiByteState * this, LPWSTR param_1, LPCSTR param_2, int param_3)
0x0046b170;wideCharToByteUnk;char wideCharToByteUnk(WideCharMultiByteState * this, WCHAR wideChar)
0x0046b1b0;multiByteToWideCharThunk2;void multiByteToWideCharThunk2(WideCharMultiByteState * this, undefined param_1)
0x0046b1f0;Constructor_GameCore;GameCore * Constructor_GameCore(GameCore * this)
0x0046b2f0;setViewOnExitUnk;void setViewOnExitUnk(GameCore * this)
0x0046b300;setTabToSwitchTo;void setTabToSwitchTo(GameCore * this)
0x0046b320;swapBuildMenuTab;void swapBuildMenuTab(GameCore * this)
0x0046b340;switchToMenuView;void switchToMenuView(GameCore * this, MenuViewType menuID, int delay)
0x0046b980;processMenuViewSwitch;void processMenuViewSwitch(GameCore * this)
0x0046bb20;viewportAndScrollingRelated;void viewportAndScrollingRelated(GameCore * this)
0x0046bb60;getAreWeInAInGameMenu;BOOLEnum getAreWeInAInGameMenu(GameCore * this)
0x0046bb80;isInBuildingTab;BOOLEnum isInBuildingTab(GameCore * this)
0x0046bbd0;removeJesterAndLadyUnitsInCertainMissions;void removeJesterAndLadyUnitsInCertainMissions(GameCore * this)
0x0046bc90;removeLadyAndJester;void removeLadyAndJester(GameCore * this)
0x0046bd20;isGameHaltingMenuOpen;BOOLEnum isGameHaltingMenuOpen(GameCore * this)
0x0046bd50;setStartDateUnk;void setStartDateUnk(GameCore * this, int param_1)
0x0046c200;loadMapMetaByID;void loadMapMetaByID(ResourceManager * this, dword id)
0x0046c280;getChecksumOfMapByName;dword getChecksumOfMapByName(ResourceManager * this, char * mapNameAddress)
0x0046c2e0;getLoadedMapNameForIndex;undefined getLoadedMapNameForIndex(void)
0x0046c300;getFileNameOfCurrentActiveResource;char * getFileNameOfCurrentActiveResource(ResourceManager * this)
0x0046c320;loadConfigPathTxt;void loadConfigPathTxt(ResourceManager * this)
0x0046c420;doesFileExist;BOOLEnum doesFileExist(ResourceManager * this, char * filename)
0x0046c450;setGfxFileFilter;void setGfxFileFilter(ResourceManager * this)
0x0046c480;setHelpFileFilter;void setHelpFileFilter(ResourceManager * this)
0x0046c4b0;setSoundFileFilter;void setSoundFileFilter(ResourceManager * this)
0x0046c4e0;getSimpleFirst1024ByteSumOfFile;int getSimpleFirst1024ByteSumOfFile(ResourceManager * this, char * filename)
0x0046c580;Constructor_BitMapState;BitMapState * Constructor_BitMapState(BitMapState * this)
0x0046c5a0;readBitmapFace;void readBitmapFace(BitMapState * this, uchar * surface, int x, int y, int faceIndex)
0x0046c680;blitBitmap24BitToSurface565;void blitBitmap24BitToSurface565(BitMapState * this, int addExtra)
0x0046c7a0;blitPalettedBitmapToSurface565;void blitPalettedBitmapToSurface565(BitMapState * this, int param_1)
0x0046c8d0;copyBitmapToTextureBuffer;void copyBitmapToTextureBuffer(BitMapState * this)
0x0046c920;calculateOrientation;void calculateOrientation(DirectionAlgorithmState * this, int currentXPosition, int currentYPosition, int destinationXPosition, int destinationYPosition)
0x0046c9a0;calculateOrientationFromTiles;void calculateOrientationFromTiles(DirectionAlgorithmState * this, int param_1, int param_2)
0x0046c9e0;calculatePreferredRelativeOrientation;void calculatePreferredRelativeOrientation(DirectionAlgorithmState * this, int param_1, int param_2, int param_3, int param_4)
0x0046caa0;somethingWithProjectileDistance;void somethingWithProjectileDistance(DirectionAlgorithmState * this, int x, int y, int targetX, int targetY)
0x0046cc80;setAxisBasedDistanceResult;int setAxisBasedDistanceResult(DirectionAlgorithmState * this, int destinationXPosition, int destinationYPosition, int fromXPosition, int fromYPosition)
0x0046ccd0;getMouseVectorLengthBasedOnDirection;undefined getMouseVectorLengthBasedOnDirection(void)
0x0046cd30;computeHash;uint computeHash(DirectionAlgorithmState * this, int byteCount, int * address)
0x0046cdf0;computeMaskedBitAccumulator;uint computeMaskedBitAccumulator(DirectionAlgorithmState * this, int param_1, uint * param_2, uint param_3)
0x0046ce30;RotateByteLeft;byte RotateByteLeft(byte value, int bits)
0x0046cec0;Cosntructor_Stopwatch;Stopwatch * Cosntructor_Stopwatch(Stopwatch * this)
0x0046ced0;start;void start(Stopwatch * this)
0x0046cef0;stop;void stop(Stopwatch * this)
0x0046cf10;TicksStartCounter;void TicksStartCounter(void)
0x0046cf90;TicksSinceCounterStart;undefined4 TicksSinceCounterStart(void)
0x0046d070;Constructor_FilePackager;FilePackager * Constructor_FilePackager(FilePackager * this)
0x0046d090;copyFromOldToNewMapDirectory;void copyFromOldToNewMapDirectory(FilePackager * this)
0x0046d140;Constructor_DecoderState;DecoderState * Constructor_DecoderState(DecoderState * this)
0x0046d150;compressRLE;int compressRLE(DecoderState * this, char * src, int * dst, int size)
0x0046d200;decompressRLE;int decompressRLE(DecoderState * this, void * param_1, undefined * param_2)
0x0046d270;ReadBufferAndComputeHash;uint ReadBufferAndComputeHash(char * buf, uint * size, BufferHelper * param)
0x0046d300;WriteBufferAndComputeHash;void WriteBufferAndComputeHash(char * buf, uint * size, BufferHelper * param)
0x0046d390;GetStringBasedOnHardcodedMaps;char * GetStringBasedOnHardcodedMaps(char * mapName, int * hardcodedMapDescriptionGroupNum)
0x0046f4f0;DetectDXVersionByLoadingDDRAW;DirectDrawStatus DetectDXVersionByLoadingDDRAW(void)
0x0046f570;TestOSVersion;byte TestOSVersion(void)
0x0046f610;FUN_0046f610;void FUN_0046f610(int param_1)
0x0046f620;meth_0x46f620;void meth_0x46f620(ios_base * this)
0x0046f630;meth_0x46f630;undefined4 meth_0x46f630(char_traits<char>_> * this)
0x0046f650;meth_0x46f650;int * meth_0x46f650(char_traits<char>_> * this)
0x0046f690;unwind_related_02;void unwind_related_02(void * this)
0x0046f6b0;RaiseSomeException;void RaiseSomeException(char * param_1)
0x0046f730;cleanDirectDraw;void cleanDirectDraw(WindowAndDirectDraw * this)
0x0046f750;setWindowStyleRectAndPosition;void setWindowStyleRectAndPosition(WindowAndDirectDraw * this)
0x0046f880;setupPreferredScreenResolution;void setupPreferredScreenResolution(WindowAndDirectDraw * this)
0x0046fa70;initializeDirectDraw;BOOLEnum initializeDirectDraw(WindowAndDirectDraw * this)
0x0046ff50;createCrusaderWindow;void createCrusaderWindow(WindowAndDirectDraw * this, HINSTANCE hInstance, LPCSTR windowName, uint cursorResource)
0x0046ffb0;prepareWindowAndDDrawUnk;void prepareWindowAndDDrawUnk(WindowAndDirectDraw * this)
0x00470040;renderBltAndFlip;void renderBltAndFlip(WindowAndDirectDraw * this, int param_1)
0x00470610;bltMapGameSurfaceToScreenMenuSurfaceComplete;void bltMapGameSurfaceToScreenMenuSurfaceComplete(WindowAndDirectDraw * this)
0x004706a0;bltMapGameSurfaceToScreenMenuSurface;void bltMapGameSurfaceToScreenMenuSurface(WindowAndDirectDraw * this, RECT sourceRect, RECT destinationRect)
0x004706e0;bltMapGameSurfaceToScreen;void bltMapGameSurfaceToScreen(WindowAndDirectDraw * this, int windowedX, int windowedY, int windowedWidth, int windowedHeigth)
0x004707f0;bltScreenMenuSurfaceToScreen;void bltScreenMenuSurfaceToScreen(WindowAndDirectDraw * this, int windowedX, int windowedY, int windowedWidth, int windowedHeigth)
0x004708f0;reinitWindow;void reinitWindow(WindowAndDirectDraw * this)
0x004709b0;Constructor_MouseState;MouseState * Constructor_MouseState(MouseState * this)
0x00470a00;loadAndSetCursor;void loadAndSetCursor(MouseState * this, int notAniDefaultCursorRef, int notAniDeleteCursorRef, int notAniDeleteNotCursorRef, int unused1, int unused2, int unused3, int unused4, int notAniUnknownCursorRef)
0x00470b30;extendSelectionBoxToMouse;void extendSelectionBoxToMouse(MouseState * this)
0x00470bc0;updateRightDragCameraControl;void updateRightDragCameraControl(MouseState * this)
0x00470e90;drawColorBox;void drawColorBox(PencilRenderCore * this, int left, int top, int right, int bottom, ushort color)
0x00470ee0;drawBoxWithRoundedEdgesAndColor;void drawBoxWithRoundedEdgesAndColor(PencilRenderCore * this, int left, int top, int right, int bottom, ushort color, RoundedBoxEdgeRoundingLevel roundingLevel)
0x00471000;drawBlendedBlackBox;void drawBlendedBlackBox(PencilRenderCore * this, int left, int top, int right, int bottom, int blendStrengh)
0x00471050;dimBox;void dimBox(PencilRenderCore * this, int left, int top, int right, int bottom)
0x004710a0;drawBoxWithRoundedEdges;void drawBoxWithRoundedEdges(PencilRenderCore * this, int left, int top, int right, int bottom, RoundedBoxEdgeRoundingLevel roundingLevel)
0x004711b0;drawBorderBox;void drawBorderBox(PencilRenderCore * this, int left, int top, int right, int bottom, ushort color)
0x00471220;drawDiagonalHeigherThanWideUnk;void drawDiagonalHeigherThanWideUnk(PencilRenderCore * this)
0x00471280;drawDiagonalWiderThanHighUnk;void drawDiagonalWiderThanHighUnk(PencilRenderCore * this)
0x004712e0;drawPixelPattern4x4OverWholeScreen;void drawPixelPattern4x4OverWholeScreen(PencilRenderCore * this)
0x00471340;drawBorderedBoxWithBlendedBackground;void drawBorderedBoxWithBlendedBackground(PencilRenderCore * this, int xPos, int yPos, int width, int height)
0x00471440;drawBorderedBoxWithCustomBlendedBackground;void drawBorderedBoxWithCustomBlendedBackground(PencilRenderCore * this, int xPos, int yPos, int width, int height, int blendStrength)
0x00471570;getTextWidthUntilCurrentCursor;int getTextWidthUntilCurrentCursor(UserTextHandler * this)
0x004715a0;handleBackspace;void handleBackspace(UserTextHandler * this)
0x00471610;getWidthOfWideText;int getWidthOfWideText(FontSizeClass * this, LPWSTR wideText, int numberOfChars)
0x00471670;getWideCharWidth;dword getWideCharWidth(FontSizeClass * this, WCHAR wChar)
0x00471690;computeTextWidth;int computeTextWidth(TextManager * this, char * text, int fontSize)
0x004716d0;computeNumberTextWidth;int computeNumberTextWidth(TextManager * this, int param_1, int param_2)
0x00471720;playResourceLackSFX;void playResourceLackSFX(MissingResourceState * this, int resourceTextElement, ResourceLackSFX resourceType)
0x00471810;Constructor_RNG;RNG * Constructor_RNG(RNG * this)
0x00471830;copyData;void copyData(LowLevelMemory * this, size_t size, void * src, void * destination)
0x00471860;fillMemory_IntegerValue;void fillMemory_IntegerValue(LowLevelMemory * this, size_t size, int value, void * destination)
0x00471890;fillMemory_ShortValue;void fillMemory_ShortValue(LowLevelMemory * this, size_t size, ushort shortValue, void * dst)
0x004718c0;fillMemory_ByteValue;void fillMemory_ByteValue(LowLevelMemory * this, size_t size, uchar value, void * destination)
0x004718f0;incrementMissionProgress;void incrementMissionProgress(GameCore * this)
0x004719e0;switchToScenarioDescriptionMenuView;void switchToScenarioDescriptionMenuView(GameCore * this)
0x00471a00;incrementMission;void incrementMission(GameCore * this)
0x00471a80;exitToScenarioDescriptionMenu;void exitToScenarioDescriptionMenu(void)
0x00471aa0;hideOrUnhideUI;void hideOrUnhideUI(GameCore * this)
0x00471be0;Constructor_ResourceManager;ResourceManager * Constructor_ResourceManager(ResourceManager * this)
0x00471c10;syncLoadedMapNames;void syncLoadedMapNames(ResourceManager * this)
0x00471c50;swapMapDataWithNextMap;void swapMapDataWithNextMap(ResourceManager * this, int _mapFileIndex)
0x00471cd0;replaceMapNameWith;void replaceMapNameWith(ResourceManager * this, dword id1, dword id2)
0x00471d30;getCurrentResourceCoreNameUnk;char * getCurrentResourceCoreNameUnk(ResourceManager * this)
0x00471dc0;doesFileOfActiveResourceExist;BOOLEnum doesFileOfActiveResourceExist(ResourceManager * this)
0x00471df0;resetOpenFileNameStruct;void resetOpenFileNameStruct(ResourceManager * this)
0x00471e50;readCurrentResourceIntoDestination;BOOLEnum readCurrentResourceIntoDestination(ResourceManager * this, void * destination, size_t size)
0x00471eb0;getCurrentResourceSize;int getCurrentResourceSize(ResourceManager * this)
0x00471f10;readFirstPartOfCurrentResourceIntoMemory;BOOLEnum readFirstPartOfCurrentResourceIntoMemory(ResourceManager * this, void * destination, int partSize, char * fileExtension)
0x00471fc0;readNextPartOfCurrentResourceIntoMemory;BOOLEnum readNextPartOfCurrentResourceIntoMemory(ResourceManager * this, void * destination, int partSize, char * fileExtension)
0x00472080;showOpenGfxFileDialog;BOOLEnum showOpenGfxFileDialog(ResourceManager * this)
0x004720c0;showOpenHelpFileDialog;BOOLEnum showOpenHelpFileDialog(ResourceManager * this, undefined4 param_1)
0x00472100;showSaveHelpFileDialog;BOOLEnum showSaveHelpFileDialog(ResourceManager * this)
0x00472140;showOpenSoundFileDialog;BOOLEnum showOpenSoundFileDialog(ResourceManager * this)
0x00472180;fileHashFunctionByteByByte;int fileHashFunctionByteByByte(ResourceManager * this)
0x00472230;setBMPFacesToMagenta;void setBMPFacesToMagenta(BitMapState * this)
0x00472270;loadBitmapHeader;void loadBitmapHeader(BitMapState * this)
0x004723e0;loadAndBlitBitmap;void loadAndBlitBitmap(BitMapState * this, void * surface)
0x004724c0;doImplode;BOOLEnum doImplode(DecoderState * this, int * ptrHash, int * ptrSize, undefined * src, undefined * dst)
0x004725a0;doExplode;BOOLEnum doExplode(DecoderState * this, int * hash, undefined * src, int * decompressedSize, undefined * dst)
0x00472680;meth_0x472680;void meth_0x472680(char_traits<char>_> * this)
0x00472700;virt_meth_0x472700;int virt_meth_0x472700(char_traits<char>_> * this)
0x00472710;virt_meth_0x472710;int virt_meth_0x472710(char_traits<char>_> * this)
0x00472720;virt_meth_0x472720;void virt_meth_0x472720(char_traits<char>_> * this, undefined4 param_1)
0x00472740;virt_meth_0x472740;basic_streambuf<char,_struct_std::char_traits<char>_> * virt_meth_0x472740(char_traits<char>_> * this)
0x00472750;virt_meth_0x472750;undefined4 virt_meth_0x472750(char_traits<char>_> * this)
0x00472760;meth_0x472760;undefined4 meth_0x472760(char_traits<char>_> * this)
0x00472780;virt_meth_0x472780;int virt_meth_0x472780(char_traits<char>_> * this)
0x004727b0;virt_meth_0x4727b0;void virt_meth_0x4727b0(char_traits<char>_> * this, undefined4 param_1)
0x004727d0;virt_meth_0x4727d0;void virt_meth_0x4727d0(char_traits<char>_> * this, undefined4 param_1)
0x004727f0;~basic_ostream<char,_struct_std::char_traits<char>>;basic_ostream<char,_struct_std::char_traits<char>_> * ~basic_ostream<char,_struct_std::char_traits<char>>(char_traits<char>_> * this, uint param_1)
0x00472830;destructor1_virt_meth_0x472830;basic_streambuf<char,_struct_std::char_traits<char>_> * destructor1_virt_meth_0x472830(char_traits<char>_> * this, undefined4 param_1)
0x00472850;operator*;char * operator*(allocator<char>_> * this)
0x00472890;meth_0x472890;void meth_0x472890(StringObject * this, int param_1, undefined param_2)
0x004728f0;meth_0x4728f0;void meth_0x4728f0(char_traits<char>_> * this)
0x00472950;cls_0x472950;cls_0x472950 * cls_0x472950(void * this, undefined4 * param_1, dword param_2)
0x004729b0;prepareWindowAndDDraw_2Unk;void prepareWindowAndDDraw_2Unk(WindowAndDirectDraw * this, BOOLEnum runAsExclusiveFullscreen, ScreenResolutionEnum resEnum)
0x00472a90;drawMouseBasedBox;void drawMouseBasedBox(MouseState * this)
0x00472b20;drawLine;void drawLine(PencilRenderCore * this, int x1, int y1, int x2, int y2, ushort color)
0x00472b90;clearTextAndCursor;void clearTextAndCursor(UserTextHandler * this)
0x00472be0;clearEntry;void clearEntry(UserTextHandler * this, int param_1)
0x00472c30;copyIntoTextArray;void copyIntoTextArray(UserTextHandler * this, char * param_1)
0x00472cb0;isTextInputAtCapacity;int isTextInputAtCapacity(UserTextHandler * this)
0x00472d00;handleDeleteKey;void handleDeleteKey(UserTextHandler * this)
0x00472d60;renderText;int renderText(FontSizeClass * this, char * text, int textLength, int xPos, int yPos, BGR24 color, int blendStrength)
0x00472ef0;renderMultilineTextUnk;int renderMultilineTextUnk(FontSizeClass * this, char * text, int xPos, int yPos, int maxWidth, BGR24 color, int blendStrength, int modeUnk)
0x00473300;renderMultilineWideTextUnk;int renderMultilineWideTextUnk(FontSizeClass * this, LPWSTR _wideText, int xPos, int yPos, int maxWidth, uint color, int blendStrength, int modeUnk)
0x004733a0;renderSomeSpecificTextUnk;void renderSomeSpecificTextUnk(FontSizeClass * this, int lengthUnk, int otherBlendValueUnk, int xPos, int yPos, BGR24 color)
0x00473640;renderCharUnk;int renderCharUnk(FontSizeClass * this, char charId, int xPos, int yPosUnk, int bgr24, int blendStrengthUnk)
0x004737b0;renderWideText;void renderWideText(FontSizeClass * this, LPWSTR wideText, int textLength, int xPos, int yPos, BGR24 color, int blendStrength)
0x00473830;renderWideChar;void renderWideChar(FontSizeClass * this, undefined4 param_1, int param_2, int param_3, int param_4, int param_5)
0x00473870;loadCRTex;void loadCRTex(TextManager * this)
0x00473a70;renderMultilineText5Unk;void renderMultilineText5Unk(TextManager * this, char * text, int xPos, int yPos, int maxWidth, uint color, int fontSize, int blendStrength)
0x00473ac0;renderMultilineText6Unk;void renderMultilineText6Unk(TextManager * this, char * text, int xPos, int yPos, int maxWidth, uint color1, uint color2, int fontSize, int blendStrength)
0x00473b50;renderMultilineWideTextUnk;void renderMultilineWideTextUnk(TextManager * this, LPWSTR _wideText, int xPos, int yPos, int maxWidth, uint color1, uint color2, int fontSize, int blendStrength)
0x00473be0;renderSomeSpecificTextUnk;void renderSomeSpecificTextUnk(TextManager * this, int lengthUnk, int otherBlendValueUnk, int xPos, int yPos, uint color, int fontSize)
0x00473c10;encodeData;int encodeData(DecoderState * this, int sizeUncompressed, undefined * src, undefined * dst)
0x00473c70;decodeData;dword decodeData(DecoderState * this, void * source, void * destination)
0x00473cf0;virt_meth_0x473cf0;int virt_meth_0x473cf0(char_traits<char>_> * this, undefined * param_1, rsize_t param_2, undefined4 param_3)
0x00473d90;virt_meth_0x473d90;int virt_meth_0x473d90(char_traits<char>_> * this, undefined * param_1, undefined4 param_2)
0x00473e30;meth_0x473e30;StringObject * meth_0x473e30(StringObject * this, dword * param_1, uint param_2)
0x00473ec0;meth_0x473ec0;void meth_0x473ec0(StringObject * this, undefined4 param_1)
0x00473f10;basic_streambuf<char,_struct_std::char_traits<char>_>;basic_streambuf<char,_struct_std::char_traits<char>_> * basic_streambuf<char,_struct_std::char_traits<char>_>(char_traits<char>_> * this)
0x00473fc0;meth_0x473fc0;void meth_0x473fc0(StringObject * this, dword * param_1, rsize_t param_2)
0x0047403d;Catch_All@0047403d;undefined * Catch_All@0047403d(void)
0x00474067;FUN_00474067;undefined FUN_00474067(void)
0x004740d0;Catch_All@004740d0;void Catch_All@004740d0(void)
0x00474110;handleCharacterCode;void handleCharacterCode(UserTextHandler * this, byte characterCode)
0x00474250;renderTextToScreen;void renderTextToScreen(TextManager * this, char * textAddress, int xParam, int yParam, TextAlignment alignment, BGR24 color, int fontSize, BOOLEnum keepOffsetX, int blendStrength)
0x004742f0;renderWideText;void renderWideText(TextManager * this, LPWSTR wideText, int xPos, int yPos, TextAlignment alignment, uint color, int fontSize, BOOL keepXOffset, int blendStrength)
0x00474390;renderNumber2;void renderNumber2(TextManager * this, int integer, int xPosition, int yPosition, TextAlignment textShift, uint color, uint param_6, int fontSize, BOOLEnum param_8, int param_9)
0x00474430;renderNumberToScreen2;void renderNumberToScreen2(TextManager * this, int number, int xParam, int yParam, TextAlignment alignment, uint color, int fontSize, BOOLEnum keepOffsetX, int blendStrength)
0x00474480;writeMapOrSaveFile;void writeMapOrSaveFile(FilePackager * this, MapSectionAddress * mapSectionAddressArray)
0x00474a20;readMapOrSavFile;void readMapOrSavFile(FilePackager * this, MapSectionAddress * mapSectionAddrArray)
0x004750e0;readMapHeaderSectionByID;void readMapHeaderSectionByID(FilePackager * this, MapSectionAddress * mapSectionAddrArray, int sectionID)
0x004752d0;readMapHeader;void readMapHeader(FilePackager * this, BOOLEnum loadPreviewUnk)
0x00475690;unpackAIVFile;int unpackAIVFile(FilePackager * this, AIVSectionAddress * array, char * fileName)
0x00475880;destruct;void destruct(StringObject * this)
0x004758b0;meth_0x4758b0;cls_0x472950 * meth_0x4758b0(StringObject * this, undefined4 param_1)
0x004758f0;FUN_004758f0;bool FUN_004758f0(char param_1, undefined4 param_2)
0x00475910;virt_meth_0x475910;undefined4 virt_meth_0x475910(char_traits<char>_> * this)
0x00475940;virt_meth_0x475940;uint virt_meth_0x475940(char_traits<char>_> * this)
0x004759b0;virt_meth_0x4759b0;uint virt_meth_0x4759b0(char_traits<char>_> * this)
0x00475a00;virt_meth_0x475a00;basic_streambuf<char,_struct_std::char_traits<char>_> * virt_meth_0x475a00(char_traits<char>_> * this, char * param_1, undefined4 param_2)
0x00475a80;meth_0x475a80;StringObject * meth_0x475a80(StringObject * this, int param_1, uint param_2, uint param_3)
0x00475b80;virt_meth_0x475b80;dword * virt_meth_0x475b80(runtime_error * this)
0x00475b90;~runtime_error;runtime_error * ~runtime_error(runtime_error * this)
0x00475be0;meth_0x475be0;void meth_0x475be0(cls_0x477080 * this)
0x00475cc0;drawHeaderTextBanner;void drawHeaderTextBanner(PencilRenderCore * this, int textGroupIndex, int textNumInGroup, int xPos, int yPos, int width)
0x00475e00;renderInGameTextWithShadow;void renderInGameTextWithShadow(TextManager * this, char * textAddress, int xParam, int yParam, TextAlignment alignment, uint foregroundColor, uint backgroundColor, int fontSize, BOOLEnum keepOffsetX, int blendStrength)
0x00475e90;cls_0x475e90_someBasicStr;StringObject * cls_0x475e90_someBasicStr(StringObject * this, uint param_1)
0x00475f40;someStringCopyOperation;StringObject * someStringCopyOperation(StringObject * this, StringObject * otherString, uint param_2, dword * param_3)
0x00476020;append;StringObject * append(StringObject * this, undefined * param_1, uint param_2)
0x00476110;append2Unk;StringObject * append2Unk(StringObject * this, char * str, int strLengthUnk)
0x004761e0;renderResourceMissingText;void renderResourceMissingText(MissingResourceState * this, int posX, int posY, dword textGroup, dword unusedUnk)
0x004762c0;cls_0x475e90_someBasicStr;StringObject * cls_0x475e90_someBasicStr(StringObject * this, dword param_1)
0x004762f0;virt_meth_0x4762f0;void virt_meth_0x4762f0(char_traits<char>_> * this)
0x00476650;FUN_00476650;void FUN_00476650(StringObject * param_1_00, char * param_2)
0x00476680;meth_0x476680;void meth_0x476680(char_traits<char>_> * this)
0x004769a0;~logic_error;logic_error * ~logic_error(logic_error * this)
0x00476a10;meth_0x476a10;undefined meth_0x476a10(void)
0x00476a50;meth_0x476a50;StringObject * meth_0x476a50(StringObject * this, char * param_1)
0x00476a90;virt_meth_0x476a90;void virt_meth_0x476a90(char_traits<char>_> * this)
0x00476e60;virt_meth_0x476e60;void virt_meth_0x476e60(char_traits<char>_> * this, undefined4 * param_1, int param_2)
0x00476f40;virt_meth_0x476f40;void virt_meth_0x476f40(char_traits<char>_> * this, undefined4 * param_1, undefined param_2)
0x00477030;meth_0x477030;basic_streambuf<char,_struct_std::char_traits<char>_> * meth_0x477030(char_traits<char>_> * this)
0x00477080;cls_0x477080;cls_0x477080 * cls_0x477080(cls_0x477080 * this, char * param_1)
0x00477150;runtime_error;exception * runtime_error(exception * param_1_00, exception * param_2)
0x004771d0;ctype<char>;ctype<char> * ctype<char>(ctype<char> * this, undefined param_1)
0x004772d0;virt_meth_0x4772d0;void virt_meth_0x4772d0(ctype<char> * this)
0x004772f0;virt_meth_0x4772f0;byte * virt_meth_0x4772f0(ctype<char> * this, byte * param_1)
0x00477320;virt_meth_0x477320;void virt_meth_0x477320(ctype<char> * this)
0x00477340;virt_meth_0x477340;byte * virt_meth_0x477340(ctype<char> * this, byte * param_1)
0x00477370;virt_meth_0x477370;undefined1 virt_meth_0x477370(ctype<char> * this)
0x00477380;virt_meth_0x477380;void virt_meth_0x477380(ctype<char> * this, undefined4 param_1, undefined4 param_2)
0x004773b0;virt_meth_0x4773b0;int virt_meth_0x4773b0(ctype<char> * this, void * param_1, int param_2, void * param_3)
0x004773f0;virt_meth_0x4773f0;undefined1 virt_meth_0x4773f0(ctype<char> * this)
0x00477400;virt_meth_0x477400;void virt_meth_0x477400(ctype<char> * this, undefined4 param_1, undefined4 param_2, undefined4 param_3)
0x00477430;virt_meth_0x477430;int virt_meth_0x477430(ctype<char> * this, void * param_1, undefined param_2)
0x00477470;~ctype<char>;ctype<char> * ~ctype<char>(ctype<char> * this)
0x004774c0;FUN_004774c0;undefined4 FUN_004774c0(ctype<char> * * param_1)
0x00477540;FUN_00477540;void FUN_00477540(int param_1_00, uint param_2, char param_3)
0x00477690;FUN_00477690;void FUN_00477690(void * this, dword param_1)
0x00477710;string_prependUserPathToString;void string_prependUserPathToString(StringObject * this, char * optimizedParam_2, uint param_3)
0x004778e0;getDocumentsFolderString;StringObject * getDocumentsFolderString(ResourceManager * this, StringObject * param_1, char param_2)
0x004779f0;getSavesPath;void getSavesPath(ResourceManager * this, StringObject * param_1, char param_2)
0x00477b00;getDocumentsMapsFolderString;void getDocumentsMapsFolderString(ResourceManager * this, StringObject * param_1, BOOLEnum prependUserPath)
0x00477c10;meth_0x477c10;void meth_0x477c10(cls_0x477c10 * this)
0x00477c80;virt_meth_0x477c80;cls_0x477c10 * virt_meth_0x477c80(cls_0x477c10 * this, uint param_1)
0x00477ca0;FUN_00477ca0;_Locimp * FUN_00477ca0(int * param_1)
0x00477dd0;codecvt<char,_char,_int>;codecvt<char, char, int> * codecvt<char,_char,_int>(codecvt<char,_char,_int> * this)
0x00477e60;virt_meth_0x477e60;undefined4 virt_meth_0x477e60(codecvt<char,_char,_int> * this, undefined4 param_1, undefined param_2, undefined param_3)
0x00477e80;virt_meth_0x477e80;undefined4 virt_meth_0x477e80(codecvt<char,_char,_int> * this, undefined4 param_1, undefined param_2)
0x00477ea0;virt_meth_0x477ea0;uint virt_meth_0x477ea0(codecvt<char,_char,_int> * this, undefined4 param_1, int param_2, int param_3)
0x00477ec0;~facet;facet * ~facet(facet * this, undefined4 param_1)
0x00477ee0;discoverMapFiles;void discoverMapFiles(ResourceManager * this, char * param_1)
0x00478360;resolveResourceFileName;void resolveResourceFileName(ResourceManager * this, FileResourceType resourceType, CHAR_CONST * shortFileName)
0x004788a0;loadFacesBMP;void loadFacesBMP(BitMapState * this)
0x00478920;meth_0x478920;void meth_0x478920(char_traits<char>_> * this)
0x00478990;FUN_00478990;void FUN_00478990(cls_0x4677a0 * param_1)
0x00478a50;FUN_00478a50;undefined4 FUN_00478a50(codecvt<char, char, int> * * param_1)
0x00478ac0;unwind_related_01;void unwind_related_01(void * this)
0x00478ae0;loadMapHeaders;void loadMapHeaders(ResourceManager * this, BOOLEnum drawLoadingBar)
0x00478c60;filterMapsIfMapLock;void filterMapsIfMapLock(ResourceManager * this)
0x00478d30;FUN_00478d30;int * FUN_00478d30(int * param_1)
0x00478d80;~basic_ofstream<char,_struct_std::char_traits<char>_>;basic_ofstream<char, struct std::char_traits<char> > * ~basic_ofstream<char,_struct_std::char_traits<char>_>(char_traits<char>_> * this)
0x00478dc0;FUN_00478dc0;void FUN_00478dc0(void * this, int * param_1)
0x00478e50;FUN_00478e50;void FUN_00478e50(int * param_1)
0x00478ea3;Catch_All@00478ea3;undefined4 Catch_All@00478ea3(void)
0x00478eb0;FUN_00478eb0;_Locimp * FUN_00478eb0(int * param_1)
0x00478fe0;virt_meth_0x478fe0;void virt_meth_0x478fe0(char_traits<char>_> * this)
0x00479020;meth_0x479020;basic_streambuf<char,_struct_std::char_traits<char>_> * meth_0x479020(char_traits<char>_> * this, char * param_1, int param_2, int param_3)
0x00479140;FUN_00479140;undefined FUN_00479140(void)
0x004791b0;basic_ofstream_write;int * basic_ofstream_write(void * param_1, uint param_2)
0x00479330;Catch_All@00479330;int * Catch_All@00479330(void)
0x00479400;basic_ofstream<char,_struct_std::char_traits<char>_>;basic_ofstream<char, struct std::char_traits<char> > * basic_ofstream<char,_struct_std::char_traits<char>_>(char_traits<char>_> * this, char * param_1, uint param_2, int param_3, undefined param_4)
0x00479540;takeScreenshot;void takeScreenshot(WindowAndDirectDraw * this, int param_1)
0x004799a0;endSoundStream;void endSoundStream(SoundSystem * this, SHC_SoundStream sndStreamIndex)
0x00479a60;isSampleOrStreamPlaying;BOOLEnum isSampleOrStreamPlaying(SoundSystem * this, SHC_SoundStream streamIndex)
0x00479ab0;shouldSoundXNotBePlaying;BOOLEnum shouldSoundXNotBePlaying(SoundSystem * this)
0x00479af0;setStreamAndSampleVolumeUnk;void setStreamAndSampleVolumeUnk(SoundSystem * this, SHC_SoundStream sndStreamIndex, int volumeParam)
0x00479b70;restoreMusicVolumeAfterSpeechEnds;void restoreMusicVolumeAfterSpeechEnds(SoundSystem * this)
0x00479c20;loadSoundFileAndGetIndex;int loadSoundFileAndGetIndex(SoundSystem * this, char * fileName)
0x00479c80;findSamplePlaceForSoundUnk;void findSamplePlaceForSoundUnk(SoundSystem * this, int soundIndex)
0x00479cf0;setupSampleForNextSound;void setupSampleForNextSound(SoundSystem * this, int soundIndex, int sampleVolumePercentage, int samplePan)
0x00479d90;getAndUpdateSampleStatus;BOOLEnum getAndUpdateSampleStatus(SoundSystem * this, int soundIndex)
0x00479df0;playSound;void playSound(SoundSystem * this, int soundIndex)
0x00479e60;setVolumeUnk;void setVolumeUnk(SoundSystem * this, int streamIndex, int volume)
0x00479f30;deactivateSoundFromMenuFuncUnk;void deactivateSoundFromMenuFuncUnk(SoundSystem * this)
0x00479fc0;pauseAudioSample;void pauseAudioSample(SoundSystem * this)
0x0047a080;resumeAudioSample;void resumeAudioSample(SoundSystem * this)
0x0047a130;mapLoadingAndLaunchGameRelated1;void mapLoadingAndLaunchGameRelated1(SoundSystem * this)
0x0047a1b0;setupVolumeAndSoundID;void setupVolumeAndSoundID(SoundSystem * this, eMusicIDs soundID)
0x0047a220;setupVolumeAndSoundIDWithMultiplier;void setupVolumeAndSoundIDWithMultiplier(SoundSystem * this, eMusicIDs soundID, int soundMultiplier)
0x0047a290;markMusicChangePending;void markMusicChangePending(SoundSystem * this)
0x0047a2a0;setSomeSoundTime;void setSomeSoundTime(SoundSystem * this)
0x0047a310;setupVolumeAndSoundID0xF0_100;void setupVolumeAndSoundID0xF0_100(SoundSystem * this)
0x0047a570;setSection1079_28_4_;void setSection1079_28_4_(SoundSystem * this, int param_1)
0x0047a580;playBattleGloryMusicIfConditionsMet;void playBattleGloryMusicIfConditionsMet(SoundSystem * this)
0x0047a5e0;playDarMehqOrGlory;void playDarMehqOrGlory(SoundSystem * this)
0x0047a630;playWinMusicVariation;void playWinMusicVariation(SoundSystem * this)
0x0047a660;setupLossMusic;void setupLossMusic(SoundSystem * this)
0x0047a690;shutdownSoundSystem;void shutdownSoundSystem(SoundSystem * this)
0x0047a790;playMusicUnk;void playMusicUnk(SoundSystem * this)
0x0047a9e0;stopAllActiveSounds;void stopAllActiveSounds(SoundSystem * this)
0x0047aa70;endSpeechSoundStreams;void endSpeechSoundStreams(SoundSystem * this)
0x0047ab10;playRandomMusic02;void playRandomMusic02(SoundSystem * this, int param_1)
0x0047af50;handleBattleEndMusicTransition;void handleBattleEndMusicTransition(SoundSystem * this)
0x0047b060;playSoundStreamUnk;void playSoundStreamUnk(SoundSystem * this, SHC_SoundStream sndStreamIndex, char * filename, SoundFlagsAndLoopCount flagsAndLoopCount)
0x0047b250;playMusicFileByName;void playMusicFileByName(SoundSystem * this, char * filename)
0x0047b2f0;playOrSetupMusicUnk;void playOrSetupMusicUnk(SoundSystem * this, char * filename, int someVolumeUnk)
0x0047b3c0;playOrEndMusicUnk;void playOrEndMusicUnk(SoundSystem * this, char * filename, int volume)
0x0047b490;openSound;void openSound(SoundSystem * this, char * filePath)
0x0047b510;SndSystemTimeCallback;void SndSystemTimeCallback(UINT uTimerID, UINT uMsg, DWORD_PTR dwUser, DWORD_PTR dw1, DWORD_PTR dw2)
0x0047b590;playOnSfx1SoundStreamOnceOrOnRepeatUnk;void playOnSfx1SoundStreamOnceOrOnRepeatUnk(SoundSystem * this, char * filename)
0x0047b5c0;playSoundOnSoundStream2;void playSoundOnSoundStream2(SoundSystem * this, char * filename)
0x0047b5f0;playSoundOnSpeechStream;void playSoundOnSpeechStream(SoundSystem * this, char * filename)
0x0047b670;playSpeechSfx;void playSpeechSfx(SoundSystem * this, char * soundFileName)
0x0047b700;playAmbientStreamWithLoop;void playAmbientStreamWithLoop(SoundSystem * this, char * param_1)
0x0047b760;playSomeMusicUnk;void playSomeMusicUnk(SoundSystem * this, char * filename, SoundFlagsAndLoopCount flagsAndLoop)
0x0047b7d0;playOnSfx1SoundStreamUnk;void playOnSfx1SoundStreamUnk(SoundSystem * this, char * soundFileName, SoundFlagsAndLoopCount flagsAndLoopCount)
0x0047b800;playSoundOnSfxSoundStream2;void playSoundOnSfxSoundStream2(SoundSystem * this, char * filename, SoundFlagsAndLoopCount flagsAndLoopCount)
0x0047b830;playSoundOnStream3Unk;void playSoundOnStream3Unk(SoundSystem * this, char * filename, SoundFlagsAndLoopCount flagsAndLoopCount)
0x0047b870;activateSoundFromMenuFuncUnk;void activateSoundFromMenuFuncUnk(SoundSystem * this)
0x0047b890;playRandomAmbientMusic;void playRandomAmbientMusic(SoundSystem * this)
0x0047bf20;playRandomBackgroundMusicUnk;void playRandomBackgroundMusicUnk(SoundSystem * this)
0x0047c400;initMiles;void initMiles(SoundSystem * this)
0x0047c5d0;isEqualGUID;BOOLEnum isEqualGUID(GUID * param_1, GUID * param_2)
0x0047c670;MenuItemRenderFunction_NetworkSessions_Buttons;void MenuItemRenderFunction_NetworkSessions_Buttons(int param_1, ...)
0x0047c860;MenuModalRenderFunction_ChooseNetworkServiceProvider;void MenuModalRenderFunction_ChooseNetworkServiceProvider(int x, int y, int width, int height)
0x0047ca80;MenuItemActionHandler_ChooseNetworkServiceProvider_ProviderScrollbarUnk;void MenuItemActionHandler_ChooseNetworkServiceProvider_ProviderScrollbarUnk(int param_1, int param_2, int * minValue, int * maxValue, int * currentValue)
0x0047cb30;MenuItemRenderFunction_ChooseNetworkServiceProvider_ProviderTableRows;void MenuItemRenderFunction_ChooseNetworkServiceProvider_ProviderTableRows(int param_1, ...)
0x0047cc10;MenuItemActionHandler_General_TextInputDisplay;void MenuItemActionHandler_General_TextInputDisplay(int param_1, ...)
0x0047cca0;MenuItemRenderFunction_General_TextInputDisplay;void MenuItemRenderFunction_General_TextInputDisplay(int param_1, ...)
0x0047cee0;MenuItemRenderFunction_ChooseNetworkServiceProvider_InputLabels;void MenuItemRenderFunction_ChooseNetworkServiceProvider_InputLabels(int param_1, ...)
0x0047cf50;MenuItemRenderFunction_ChooseNetworkServiceProvider_YourIpDisplay;void MenuItemRenderFunction_ChooseNetworkServiceProvider_YourIpDisplay(int param_1, ...)
0x0047d070;MenuItemActionHandler_ChooseNetworkServiceProvider_ModemScrollbarUnk;void MenuItemActionHandler_ChooseNetworkServiceProvider_ModemScrollbarUnk(int param_1, int param_2, int * minValue, int * maxValue, int * currentValue)
0x0047d0e0;MenuItemActionHandler_ChooseNetworkServiceProvider_ModemTableRows;void MenuItemActionHandler_ChooseNetworkServiceProvider_ModemTableRows(int param_1, ...)
0x0047d100;MenuItemRenderFunction_ChooseNetworkServiceProvider_ModemTableRows;void MenuItemRenderFunction_ChooseNetworkServiceProvider_ModemTableRows(int param_1, ...)
0x0047d190;MenuModalRenderFunction_FindingNetworkSessions;void MenuModalRenderFunction_FindingNetworkSessions(int x, int y, int width, int height)
0x0047d330;MenuItemActionHandler_FindingNetworkSessions_Scrollbar;void MenuItemActionHandler_FindingNetworkSessions_Scrollbar(int param_1, int param_2, int * minValue, int * maxValue, int * currentValue)
0x0047d3f0;MenuItemActionHandler_FindingNetworkSessions_TableRows;void MenuItemActionHandler_FindingNetworkSessions_TableRows(int param_1, ...)
0x0047d410;MenuItemRenderFunction_FindingNetworkSessions_TableRows;void MenuItemRenderFunction_FindingNetworkSessions_TableRows(int param_1, ...)
0x0047d4a0;getGUIDForSelectedProvider;void getGUIDForSelectedProvider(GameSynchronyState * this, GUID * param_1)
0x0047d500;setMenuTypeBasedOnDirectPlayGUID;void setMenuTypeBasedOnDirectPlayGUID(GameSynchronyState * this)
0x0047d5b0;EnumConnectionsCallback;BOOL EnumConnectionsCallback(LPCGUID lpguidSP, LPVOID lpConnection, DWORD dwConnectionSize, DPNAME * lpName, DWORD dwFlags, LPVOID lpContext)
0x0047d6a0;createCompoundAddressBasedOnSelectedProvider;int createCompoundAddressBasedOnSelectedProvider(GameSynchronyState * this, LPVOID * pCompoundAddress, SIZE_T * param_2)
0x0047da70;setDPlaySessionNameValue;void setDPlaySessionNameValue(GameSynchronyState * this)
0x0047db10;initializeDirectPlayAndCreateOrJoinSession;int initializeDirectPlayAndCreateOrJoinSession(GameSynchronyState * this, BOOLEnum join)
0x0047de00;setSessionDescription;void setSessionDescription(GameSynchronyState * this)
0x0047dea0;setDirectPlaySessionDescription;void setDirectPlaySessionDescription(GameSynchronyState * this)
0x0047df40;EnumSessionsCallback_addSession_async;bool EnumSessionsCallback_addSession_async(DPSESSIONDESC2 * lpThisSD, LPDWORD lpdwTimeOut, DWORD dwFlags, LPVOID lpContext)
0x0047e010;fetchSessionGUID;void fetchSessionGUID(GameSynchronyState * this, GUID * pGUID)
0x0047e050;resolveEqualEntries;void resolveEqualEntries(GameSynchronyState * this, GUID * pGUID)
0x0047e0e0;clearSessionsList;void clearSessionsList(GameSynchronyState * this)
0x0047e160;DirectPlayModemRelated_MemoryAllocationFunction;BOOLEnum DirectPlayModemRelated_MemoryAllocationFunction(int * param_1, undefined4 param_2, char * param_3)
0x0047e240;disconnectDPlay;void disconnectDPlay(GameSynchronyState * this)
0x0047e3a0;MenuModalRenderFunction_WaitingForHost;void MenuModalRenderFunction_WaitingForHost(int x, int y, int width, int height)
0x0047e3e0;MenuItemActionHandler_WaitingForHost_Button;void MenuItemActionHandler_WaitingForHost_Button(int param_1, ...)
0x0047e420;MenuItemRenderFunction_WaitingForHost_Button;void MenuItemRenderFunction_WaitingForHost_Button(int param_1, ...)
0x0047e490;readGameSpyConfig;void readGameSpyConfig(GameSynchronyState * this)
0x0047e5b0;computeLatencyAdjustmentFromMatchTimes;void computeLatencyAdjustmentFromMatchTimes(GameSynchronyState * this, int param_1)
0x0047e7e0;compressOrCreateLengthPrefixedPacketUnk;int compressOrCreateLengthPrefixedPacketUnk(GameSynchronyState * this, int size, char * src, void * dst)
0x0047e800;decompressTooLongPacketData;void decompressTooLongPacketData(GameSynchronyState * this, void * source, void * destination)
0x0047e830;countActiveHumanPlayers;int countActiveHumanPlayers(GameSynchronyState * this)
0x0047e890;countOccupiedPlayerSlots;int countOccupiedPlayerSlots(GameSynchronyState * this)
0x0047e8f0;checkPlayerSetValid;int checkPlayerSetValid(GameSynchronyState * this)
0x0047ea40;countPlayersInSameTeam;int countPlayersInSameTeam(GameSynchronyState * this, int playerID)
0x0047eaf0;translateMultiplayerIDsIntoPlayerIDs;undefined translateMultiplayerIDsIntoPlayerIDs(void)
0x0047eb80;addPlayerToCurrentPlayerArray;int addPlayerToCurrentPlayerArray(GameSynchronyState * this, int playerFullID)
0x0047ec10;handleUnexpectedDPlayXResult;void handleUnexpectedDPlayXResult(GameSynchronyState * this)
0x0047ede0;checkAllPlayersReadyAndCleanupSlots;undefined4 checkAllPlayersReadyAndCleanupSlots(GameSynchronyState * this)
0x0047eeb0;ComputeSomeHashOnUnitArray;int ComputeSomeHashOnUnitArray(void)
0x0047eed0;renderDebugDataSplitInfo;void renderDebugDataSplitInfo(GameSynchronyState * this, int x, int y, int width, int height)
0x0047f6a0;addChatMessageToDisplayList;void addChatMessageToDisplayList(GameSynchronyState * this, int subjectPlayerID, int objectPlayerID)
0x0047f7e0;clearChatEvents;void clearChatEvents(GameSynchronyState * this)
0x0047f860;renderInGameChat;void renderInGameChat(GameSynchronyState * this, int param_1, int param_2, int param_3)
0x0047fb50;renderChatMessageList;void renderChatMessageList(GameSynchronyState * this, int xPos, int yPos, int param_3)
0x0047fd50;MenuItemRenderFunction_Chat_MostButtons;void MenuItemRenderFunction_Chat_MostButtons(int param_1, ...)
0x0047ffa0;MenuItemActionHandler_Chat_SendMessageToPlayer;void MenuItemActionHandler_Chat_SendMessageToPlayer(int param_1, ...)
0x0047ffe0;MenuItemRenderFunction_Chat_TauntButtons;void MenuItemRenderFunction_Chat_TauntButtons(int param_1, ...)
0x00480050;resetGameCommands;void resetGameCommands(GameSynchronyState * this)
0x004800b0;clearGameCommandEntry;void clearGameCommandEntry(GameSynchronyState * this, int gameCommandID)
0x004800e0;sendLongerDataSuchAsResync;int sendLongerDataSuchAsResync(GameSynchronyState * this, GameCommandType commandCategory)
0x00480210;scheduleReceivedCommand;void scheduleReceivedCommand(GameSynchronyState * this, GameCommandType commandCategory, DWORD dxPlayerHandle, dword time, void * address)
0x00480440;getCommandIDFromCommandSelectionStuff;int getCommandIDFromCommandSelectionStuff(GameSynchronyState * this)
0x00480570;getGameCommandArrayIndex;undefined4 getGameCommandArrayIndex(GameSynchronyState * this)
0x00480580;getPendingGameCommandsCount;int getPendingGameCommandsCount(GameSynchronyState * this)
0x004805d0;serializeOrDeserializeCommandParameter;void serializeOrDeserializeCommandParameter(GameSynchronyState * this, void * destination, size_t size, GameCommandParameterLocation srcSwitch, GameCommandParameterReadWrite destSwitch)
0x00480640;InitialAnnounceReply;void InitialAnnounceReply(void)
0x00480680;AnnounceGameVersion;void AnnounceGameVersion(void)
0x00480710;AnnouncePlayerInformationSuchAsNameLordTypeAndAvailableAIVS;void AnnouncePlayerInformationSuchAsNameLordTypeAndAvailableAIVS(void)
0x00480980;ShareGameSeedAndMultiplayerSettingsAndStartGame;void ShareGameSeedAndMultiplayerSettingsAndStartGame(void)
0x00480b10;CommandCheckSync;void CommandCheckSync(void)
0x00480be0;AnnounceTeamsAndPositions;void AnnounceTeamsAndPositions(void)
0x00480db0;ClickNavigateMenuOrEscape;void ClickNavigateMenuOrEscape(void)
0x00480e60;MakeUnitSelection;void MakeUnitSelection(void)
0x00480f00;ClickMoveUnit;void ClickMoveUnit(void)
0x00481050;ClickErase;void ClickErase(void)
0x00481120;ClickSetLand;void ClickSetLand(void)
0x00481250;ClickRaiseLand;void ClickRaiseLand(void)
0x004813c0;ClickSetTerrain;void ClickSetTerrain(void)
0x00481580;ClickHeightEqualize;void ClickHeightEqualize(void)
0x004816f0;ClickTerrainHeightMinOrMax;void ClickTerrainHeightMinOrMax(void)
0x00481860;ClickCreatePlateau;void ClickCreatePlateau(void)
0x004819d0;ClickPlaceWall;void ClickPlaceWall(void)
0x00481b50;ClickPlaceRockOrTree;void ClickPlaceRockOrTree(void)
0x00481c80;ClickRaiseLand2Unk;void ClickRaiseLand2Unk(void)
0x00481d90;ClickPlaceBuilding;void ClickPlaceBuilding(void)
0x00481f40;ClickDestroyBuilding;void ClickDestroyBuilding(void)
0x004821e0;ClickRecruitUnit;void ClickRecruitUnit(void)
0x00482280;_REMOVED_COMMAND1_;void _REMOVED_COMMAND1_(void)
0x00482290;ClickSetBuildingProductionType;void ClickSetBuildingProductionType(void)
0x00482360;ClickChangeTaxes;void ClickChangeTaxes(void)
0x004823c0;ClickChangeRations;void ClickChangeRations(void)
0x00482420;ClickGiveUnitsInstruction;void ClickGiveUnitsInstruction(void)
0x00482550;ClickSomethingWithDrawBridgeUnk;void ClickSomethingWithDrawBridgeUnk(void)
0x00482620;ClickBuyOrSell;void ClickBuyOrSell(void)
0x004826c0;ClickDestroy;void ClickDestroy(void)
0x004827e0;ClickPlaceSiegeTent;void ClickPlaceSiegeTent(void)
0x00482a40;ClickBuildingSleep;void ClickBuildingSleep(void)
0x00482aa0;ClickCreateAnimal;void ClickCreateAnimal(void)
0x00482bb0;ClickOpenOrCloseGate;void ClickOpenOrCloseGate(void)
0x00482c80;ShareDesyncedHashes;void ShareDesyncedHashes(void)
0x00483290;CommandChangeMapSelection;void CommandChangeMapSelection(void)
0x004833f0;AcknowledgeMapExistence;void AcknowledgeMapExistence(void)
0x004834b0;ShareMSVMapIndex;void ShareMSVMapIndex(void)
0x00483570;ClickInitOrChangeGameIntensityAndBalance;void ClickInitOrChangeGameIntensityAndBalance(void)
0x00483850;SharePlayerName;void SharePlayerName(void)
0x00483a00;SendResyncCharLayer;void SendResyncCharLayer(void)
0x004840c0;ResyncShortLayer;void ResyncShortLayer(void)
0x004843f0;ResyncStatus2;void ResyncStatus2(void)
0x00484450;ResetSyncStatusUnk;void ResetSyncStatusUnk(void)
0x004844a0;ClickRepairTower;void ClickRepairTower(void)
0x004845b0;CommandSpawnEntity;void CommandSpawnEntity(void)
0x004847b0;ClickUnitStance;void ClickUnitStance(void)
0x00484850;ClickExtendRallyPoint;void ClickExtendRallyPoint(void)
0x00484960;SiegeEngineRelated;void SiegeEngineRelated(void)
0x00484a00;TribeRelated1;void TribeRelated1(void)
0x00484a70;ReleaseDogs;void ReleaseDogs(void)
0x00484b10;RemoveTowerSiegeEngine;void RemoveTowerSiegeEngine(void)
0x00484c40;DestroyWallOrPitch;void DestroyWallOrPitch(void)
0x00484da0;DeselectUnit;void DeselectUnit(void)
0x00484e10;SetField45To100;void SetField45To100(void)
0x00484e70;ResyncZone;void ResyncZone(void)
0x00484f30;KickPlayerUnk;void KickPlayerUnk(void)
0x00485020;CommandSelectionReplenishAmmo;void CommandSelectionReplenishAmmo(void)
0x004850e0;BroadCastSyncRelatedStatus;void BroadCastSyncRelatedStatus(void)
0x00485140;VoteKick_K_D_B_G_J;void VoteKick_K_D_B_G_J(void)
0x00485210;SyncPacketSizeAnnouncement;void SyncPacketSizeAnnouncement(void)
0x004852d0;ShareAnnouncementWithHost;void ShareAnnouncementWithHost(void)
0x00485330;CloseModalDialogForEveryone;void CloseModalDialogForEveryone(void)
0x00485380;SomePlayerNameUpdateCommand;void SomePlayerNameUpdateCommand(void)
0x00485520;FlagsAndBraziersCommandUnk;void FlagsAndBraziersCommandUnk(void)
0x004855c0;NotifyLaggingPlayer;void NotifyLaggingPlayer(void)
0x00485650;SomeKindOfMultiplayerPingUnk;void SomeKindOfMultiplayerPingUnk(void)
0x004856e0;ShareGameStatePartialHashes;void ShareGameStatePartialHashes(void)
0x00485790;ResyncStatusStart;void ResyncStatusStart(void)
0x00485830;SetUnitAssemblyPoint;void SetUnitAssemblyPoint(void)
0x00485c10;StartSendingMapFile;void StartSendingMapFile(void)
0x00485cc0;StartReceivingMapFile;void StartReceivingMapFile(void)
0x00485e80;MapSendingRelated;void MapSendingRelated(void)
0x00485f20;HostAnnounceRoundTable;void HostAnnounceRoundTable(void)
0x00486040;AddAIPlayer;void AddAIPlayer(void)
0x00486140;SendPlayerToPlayerRequestOrResponse;void SendPlayerToPlayerRequestOrResponse(void)
0x00486320;ShareAIVHash;void ShareAIVHash(void)
0x004863a0;UpdateSkirmishGameMenuFaceBitmap;void UpdateSkirmishGameMenuFaceBitmap(void)
0x00486530;ActiveTacticalPowers;void ActiveTacticalPowers(void)
0x00486600;checkSkirmishGameDefeat;void checkSkirmishGameDefeat(GameSynchronyState * this)
0x00486a70;getLordTypeForPlayer;int getLordTypeForPlayer(GameSynchronyState * this, int playerID)
0x00486ad0;UpgradeOldSection1124;void UpgradeOldSection1124(void)
0x00486c40;commitSkirmishSettings;void commitSkirmishSettings(SkirmishLobbySetupStructure * this)
0x00486f20;initializeFinalResultsForActivePlayers;void initializeFinalResultsForActivePlayers(GameSynchronyState * this, int param_1)
0x00487080;Base64EncodeInit;void Base64EncodeInit(Base64State * state)
0x00487090;Base64EncodeCharacterLookup;undefined Base64EncodeCharacterLookup(void)
0x004870b0;Base64Encode;int Base64Encode(byte * input, int length, undefined * output, Base64State * state)
0x00487200;MenuItemActionHandler_ChooseNetworkServiceProvider_ProviderTableRows;void MenuItemActionHandler_ChooseNetworkServiceProvider_ProviderTableRows(int param_1, ...)
0x00487250;invokeDirectPlayEnumConnections;void invokeDirectPlayEnumConnections(GameSynchronyState * this)
0x00487390;restartDPlaySessionEnumeration;void restartDPlaySessionEnumeration(GameSynchronyState * this, BOOLEnum respectTimeout)
0x004874b0;createDirectPlayInterfaceModem;void createDirectPlayInterfaceModem(GameSynchronyState * this)
0x00487650;setupSkirmishLobby;void setupSkirmishLobby(GameSynchronyState * this)
0x00487a30;determineGameTicksToPerform;int determineGameTicksToPerform(GameSynchronyState * this, int currentPlayerSlotID)
0x00487c50;transmitCommand;void transmitCommand(GameSynchronyState * this, byte commandCategory, undefined4 time, char * addressOfFullCommandObjectOrCommandParameters, size_t size, undefined4 idTo)
0x00487e30;sendSomeMultiplayerSyncMessageWithType;void sendSomeMultiplayerSyncMessageWithType(GameSynchronyState * this, undefined4 syncPacketType2)
0x00488010;processSyncPacket;void processSyncPacket(GameSynchronyState * this)
0x004880e0;sendSyncPacket126;void sendSyncPacket126(GameSynchronyState * this)
0x004882a0;computeAndSetLatencyInformation;void computeAndSetLatencyInformation(GameSynchronyState * this)
0x00488480;MemCopyFromParameter;void MemCopyFromParameter(char * dest, size_t size, undefined4 playerID)
0x00488540;renderDebugDataNetwork;void renderDebugDataNetwork(GameSynchronyState * this, int x, int y, int width, int height)
0x00489100;queueCommand;void queueCommand(GameSynchronyState * this, GameCommandType commandType)
0x004892f0;processWaitingCommands;void processWaitingCommands(GameSynchronyState * this)
0x004893c0;InitialAnnounceToHost;void InitialAnnounceToHost(void)
0x00489410;AssignPlayerIDToPlayerSlot;void AssignPlayerIDToPlayerSlot(void)
0x004894f0;TriggerLobbyPlayerInformationRefresh;void TriggerLobbyPlayerInformationRefresh(void)
0x004895e0;ClickTauntOrChat;void ClickTauntOrChat(void)
0x00489880;AutoSaveTriggered;void AutoSaveTriggered(void)
0x00489ac0;SetPlayerNameUnk;void SetPlayerNameUnk(void)
0x00489c80;CommandLoadMapHeader;void CommandLoadMapHeader(void)
0x00489e30;SubmitMSVMapIndexAndProperties;void SubmitMSVMapIndexAndProperties(void)
0x0048a0e0;ResyncChimp;void ResyncChimp(void)
0x0048a1f0;SendResyncBuilding;void SendResyncBuilding(void)
0x0048a2a0;SendResyncVeg;void SendResyncVeg(void)
0x0048a350;SendResyncTribe;void SendResyncTribe(void)
0x0048a460;SendResyncPlayerData;void SendResyncPlayerData(void)
0x0048a510;SendResyncUnknown;void SendResyncUnknown(void)
0x0048a710;SendResyncEntity;void SendResyncEntity(void)
0x0048a7c0;SendResyncIntLayer;void SendResyncIntLayer(void)
0x0048a8a0;DestroyPlayer;void DestroyPlayer(void)
0x0048aa80;ResyncMoat;void ResyncMoat(void)
0x0048ab40;ResyncTeleClimb;void ResyncTeleClimb(void)
0x0048abf0;ResyncPitch;void ResyncPitch(void)
0x0048acb0;CommandSwitchTeams;void CommandSwitchTeams(void)
0x0048b170;SyncRelatedSomething;void SyncRelatedSomething(void)
0x0048b280;SendQuitGameQuestion;void SendQuitGameQuestion(void)
0x0048b330;ShareQuitGameVote;void ShareQuitGameVote(void)
0x0048b4e0;VoteKick_SEND_L_E_C_A_F_H_ZAP;void VoteKick_SEND_L_E_C_A_F_H_ZAP(void)
0x0048b6c0;ShareMapHashForMapName;void ShareMapHashForMapName(void)
0x0048b8f0;ShareMapPart;void ShareMapPart(void)
0x0048bbe0;ResyncVillage;void ResyncVillage(void)
0x0048bc90;ResyncAIZone;void ResyncAIZone(void)
0x0048bd40;compareGameVersions;void compareGameVersions(GameSynchronyState * this)
0x0048bf70;MenuItemActionHandler_FindingNetworkSessions_EnumerateDPlaySessions;void MenuItemActionHandler_FindingNetworkSessions_EnumerateDPlaySessions(int param_1, ...)
0x0048bf80;initializeMultiplayerLobby;void initializeMultiplayerLobby(GameSynchronyState * this)
0x0048c150;constructGameSynchronyState;GameSynchronyState * constructGameSynchronyState(GameSynchronyState * this)
0x0048c230;initMultiplayerLobbyState;void initMultiplayerLobbyState(GameSynchronyState * this)
0x0048c660;queueSynchronizedAutosaveProtocol;void queueSynchronizedAutosaveProtocol(GameSynchronyState * this)
0x0048c750;sendPeriodicSyncMessages;void sendPeriodicSyncMessages(GameSynchronyState * this)
0x0048c7b0;reorderTeamsAndPositions;undefined4 reorderTeamsAndPositions(GameSynchronyState * this)
0x0048cb00;checkGameSync;void checkGameSync(GameSynchronyState * this)
0x0048cc90;recomputeHashesAndSendResync;void recomputeHashesAndSendResync(GameSynchronyState * this, int dontSendSyncCommand)
0x0048da60;checkLagAndSyncStatus;void checkLagAndSyncStatus(GameSynchronyState * this)
0x0048dc50;broadcastDesyncResyncCommands;void broadcastDesyncResyncCommands(GameSynchronyState * this)
0x0048e680;sendPendingResyncCommandsInBudget;void sendPendingResyncCommandsInBudget(GameSynchronyState * this)
0x0048f3d0;advanceSyncStatusAndKickLaggers;void advanceSyncStatusAndKickLaggers(GameSynchronyState * this)
0x0048f4c0;checkGameLagStatusAndKickAccordingly;void checkGameLagStatusAndKickAccordingly(GameSynchronyState * this)
0x0048f590;MenuItemActionHandler_Chat_MostButtons;void MenuItemActionHandler_Chat_MostButtons(int param_1, ...)
0x0048f850;MenuItemActionHandler_Chat_TauntButtons;void MenuItemActionHandler_Chat_TauntButtons(int param_1, ...)
0x0048f870;AskForPlayerSlotAssignment;void AskForPlayerSlotAssignment(void)
0x0048faa0;HostShareLobbyState;void HostShareLobbyState(void)
0x0048fc20;ResyncStartCS_CS_Sub;void ResyncStartCS_CS_Sub(void)
0x0048fcb0;ResyncResumeCS;void ResyncResumeCS(void)
0x0048ffd0;HostRemoveAIPlayerBySlotID;void HostRemoveAIPlayerBySlotID(void)
0x00490060;restoreSkirmishLobbySetup;void restoreSkirmishLobbySetup(SkirmishLobbySetupStructure * this)
0x00490340;throttledMultiplayerSyncUpdate;void throttledMultiplayerSyncUpdate(GameSynchronyState * this)
0x00490380;removePlayerFromLobby;void removePlayerFromLobby(GameSynchronyState * this, int playerID)
0x00490480;checkMultiplayerLaggingPlayers;void checkMultiplayerLaggingPlayers(GameSynchronyState * this)
0x00490690;receiveAllTransmittedCommands;void receiveAllTransmittedCommands(GameSynchronyState * this)
0x00490920;waitForMultiplayerHost;void waitForMultiplayerHost(GameSynchronyState * this)
0x004909e0;MenuItemActionHandler_ChooseNetworkServiceProvider_Buttons;void MenuItemActionHandler_ChooseNetworkServiceProvider_Buttons(ChooseNetworkServiceProviderButtonActions param_1, ...)
0x00490d90;MenuItemActionHandler_FindingNetworkSessions_Buttons;void MenuItemActionHandler_FindingNetworkSessions_Buttons(FindingNetworkSessions_ButtonParameters param_1, ...)
0x00491040;handleCommandLineArguments;void handleCommandLineArguments(GameSynchronyState * this, char * arguments)
0x004914d0;MenuItemActionHandler_WaitingForHost_ConnectToLobby;void MenuItemActionHandler_WaitingForHost_ConnectToLobby(void)
0x00491680;Constructor_MenuTextInputState;MenuTextInputState * Constructor_MenuTextInputState(MenuTextInputState * this)
0x004916c0;activateModalDialogAndClearText;void activateModalDialogAndClearText(MenuTextInputState * this, MenuModalType dialogID)
0x00491730;clearModalDialog2to6;void clearModalDialog2to6(MenuTextInputState * this)
0x00491750;clearAnyOtherModalDialogs;void clearAnyOtherModalDialogs(MenuTextInputState * this)
0x004917c0;meth_0x4917c0;void meth_0x4917c0(MenuTextInputState * this)
0x00491810;MenuModalRenderFunction_OptionsMenu;void MenuModalRenderFunction_OptionsMenu(int x, int y, int width, int height)
0x00491840;MenuItemRenderFunction_OptionsMenu_Buttons;void MenuItemRenderFunction_OptionsMenu_Buttons(int param_1, ...)
0x00491a30;MenuItemRenderFunction_OptionsMenu_SubOptionsButtons;void MenuItemRenderFunction_OptionsMenu_SubOptionsButtons(int param_1, ...)
0x00491ac0;MenuModalRenderFunction_IdentityOptions;void MenuModalRenderFunction_IdentityOptions(int x, int y, int width, int height)
0x00491bf0;MenuModalRenderFunction_EnterTitleOnGameStart;void MenuModalRenderFunction_EnterTitleOnGameStart(int x, int y, int width, int height)
0x00491c20;MenuItemActionHandler_EnterTitleOnGameStart_Button;void MenuItemActionHandler_EnterTitleOnGameStart_Button(int param_1, ...)
0x00491c50;MenuItemRenderFunction_EnterTitleOnGameStart_Button;void MenuItemRenderFunction_EnterTitleOnGameStart_Button(int param_1, ...)
0x00491ce0;MenuItemActionHandler_IdentityOptions_LordIcons;void MenuItemActionHandler_IdentityOptions_LordIcons(int param_1, ...)
0x00491d70;MenuItemRenderFunction_IdentityOptions_LordIcons;void MenuItemRenderFunction_IdentityOptions_LordIcons(int param_1, ...)
0x00491e80;MenuModalRenderFunction_GameplayOptions;void MenuModalRenderFunction_GameplayOptions(int x, int y, int width, int height)
0x00491eb0;MenuItemRenderFunction_GameplayOptions_Buttons;void MenuItemRenderFunction_GameplayOptions_Buttons(int param_1, ...)
0x00491fd0;MenuItemActionHandler_GameplayOptions_SpeedSlider;void MenuItemActionHandler_GameplayOptions_SpeedSlider(int param_1, int param_2, int * minValue, int * maxValue, int * currentValue)
0x00492080;MenuItemRenderFunction_GameplayOptions_SpeedSlider;void MenuItemRenderFunction_GameplayOptions_SpeedSlider(int param_1, int thumbYPos, int param_3, int thumbHeight, BOOL isDragged)
0x00492120;MenuModalRenderFunction_VideoOptions;void MenuModalRenderFunction_VideoOptions(int x, int y, int width, int height)
0x00492170;MenuItemRenderFunction_VideoOptions_Main;void MenuItemRenderFunction_VideoOptions_Main(int param_1, ...)
0x00492660;MenuModalRenderFunction_SoundOptions;void MenuModalRenderFunction_SoundOptions(int x, int y, int width, int height)
0x00492690;MenuItemRenderFunction_SoundOptions_Buttons;void MenuItemRenderFunction_SoundOptions_Buttons(int param_1, ...)
0x00492890;MenuItemActionHandler_SoundOptions_VolumeSlider;void MenuItemActionHandler_SoundOptions_VolumeSlider(int param_1, int param_2, int * minValue, int * maxValue, int * currentValue)
0x004929c0;MenuItemRenderFunction_SoundOptions_VolumeSlider;void MenuItemRenderFunction_SoundOptions_VolumeSlider(int param_1, int thumbYPos, int param_3, int thumbHeight, BOOL isDragged)
0x00492a60;MenuModalRenderFunction_NetworkOptions;void MenuModalRenderFunction_NetworkOptions(int x, int y, int width, int height)
0x00492a90;MenuItemRenderFunction_SaveLoadMap_Buttons;void MenuItemRenderFunction_SaveLoadMap_Buttons(int param_1, ...)
0x00492ba0;MenuItemActionHandler_SaveLoadMap_Scrollbar;void MenuItemActionHandler_SaveLoadMap_Scrollbar(int param_1, int param_2, int * minValue, int * maxValue, int * currentValue)
0x00492c60;MenuItemRenderFunction_SaveLoadMap_Scrollbar;void MenuItemRenderFunction_SaveLoadMap_Scrollbar(int param_1, int thumbYPos, int param_3, int thumbHeight, BOOLEnum isDragged)
0x00492c90;MenuItemRenderFunction_SaveLoadMap_TableContent;void MenuItemRenderFunction_SaveLoadMap_TableContent(int param_1, ...)
0x00492de0;MenuItemActionHandler_SaveLoadMap_TableHeader;void MenuItemActionHandler_SaveLoadMap_TableHeader(int param_1, ...)
0x00492fd0;MenuItemRenderFunction_SaveLoadMap_TableHeader;void MenuItemRenderFunction_SaveLoadMap_TableHeader(int param_1, ...)
0x00493050;SetupPreviewMinimapDataUnk;void SetupPreviewMinimapDataUnk(void)
0x004931a0;MenuModalRenderFunction_SaveMap;void MenuModalRenderFunction_SaveMap(int x, int y, int width, int height)
0x004932a0;MenuItemActionHandler_SaveMap_TableContent;void MenuItemActionHandler_SaveMap_TableContent(int param_1, ...)
0x004932e0;MenuItemRenderFunction_SaveMap_InputTextDisplay;void MenuItemRenderFunction_SaveMap_InputTextDisplay(int param_1, ...)
0x00493390;MenuModalRenderFunction_YesNoDialog;void MenuModalRenderFunction_YesNoDialog(int x, int y, int width, int height)
0x004934f0;MenuItemRenderFunction_General_GameOptionsTextButton;void MenuItemRenderFunction_General_GameOptionsTextButton(int param_1, ...)
0x00493560;MenuModalRenderFunction_ProgressBarBox;void MenuModalRenderFunction_ProgressBarBox(int x, int y, int width, int height)
0x00493690;RenderLoadAndSaveBar;void RenderLoadAndSaveBar(int progressValueUnk)
0x004937b0;MenuModalRenderFunction_OnlineQuitGame;void MenuModalRenderFunction_OnlineQuitGame(int x, int y, int width, int height)
0x004937e0;MenuModalRenderFunction_OnlineVoteQuitGame;void MenuModalRenderFunction_OnlineVoteQuitGame(int x, int y, int width, int height)
0x00493850;MenuItemRenderFunction_OnlineVoteQuitAndQuitGame_Main;void MenuItemRenderFunction_OnlineVoteQuitAndQuitGame_Main(int param_1, ...)
0x00493900;popModalDialog;void popModalDialog(MenuTextInputState * this)
0x00493980;activateLoadOrSaveMapUI;void activateLoadOrSaveMapUI(MenuTextInputState * this, int loadOrSaveMap)
0x00493ac0;loadOrSaveMap;void loadOrSaveMap(MenuTextInputState * this, MenuModalType param_1)
0x00493bd0;MenuItemActionHandler_OptionsMenu_SubOptionsButtons;void MenuItemActionHandler_OptionsMenu_SubOptionsButtons(int param_1, ...)
0x00493d30;MenuItemActionHandler_IdentityOptions_Confirm;void MenuItemActionHandler_IdentityOptions_Confirm(int param_1, ...)
0x00493d80;MenuItemActionHandler_GameplayOptions_Buttons;void MenuItemActionHandler_GameplayOptions_Buttons(int param_1, ...)
0x00493e20;MenuItemActionHandler_VideoOptions_Main;void MenuItemActionHandler_VideoOptions_Main(int param_1, ...)
0x004940b0;MenuItemActionHandler_SoundOptions_Buttons;void MenuItemActionHandler_SoundOptions_Buttons(SoundMenuClickType param_1, ...)
0x004941f0;MenuItemActionHandler_NetworkOptions_LeaveButtonUnk;void MenuItemActionHandler_NetworkOptions_LeaveButtonUnk(int param_1, ...)
0x00494210;MenuModalRenderFunction_LoadMap;void MenuModalRenderFunction_LoadMap(int x, int y, int width, int height)
0x004943b0;MenuItemActionHandler_SaveLoadMap_Buttons;void MenuItemActionHandler_SaveLoadMap_Buttons(int param_1, ...)
0x004948c0;MenuItemActionHandler_LoadMap_TableContent;void MenuItemActionHandler_LoadMap_TableContent(int param_1, ...)
0x00494920;MenuItemActionHandler_SaveMap_ReturnKeySave;void MenuItemActionHandler_SaveMap_ReturnKeySave(int param_1, ...)
0x00494950;MenuItemActionHandler_General_LaunchOrQuitMultiplayerGameUnk;void MenuItemActionHandler_General_LaunchOrQuitMultiplayerGameUnk(int param_1, ...)
0x004950b0;MenuItemActionHandler_ProgressBarBox_LoadAndSaveGameButtonLogic;void MenuItemActionHandler_ProgressBarBox_LoadAndSaveGameButtonLogic(int param_1, ...)
0x00495800;ShowProgressBarSaveLoadDialog;void ShowProgressBarSaveLoadDialog(int param_1)
0x00495840;ProgressBarRelated;void ProgressBarRelated(void)
0x00495860;MenuItemActionHandler_OnlineVoteQuitAndQuitGame_Main;void MenuItemActionHandler_OnlineVoteQuitAndQuitGame_Main(int param_1, ...)
0x00495a30;readUserConfig;void readUserConfig(SettingsFileState * this)
0x00496400;writeUserConfig;void writeUserConfig(SettingsFileState * this)
0x004968a0;loadOrSaveGame;void loadOrSaveGame(MenuTextInputState * this, int action)
0x00496b80;MenuItemActionHandler_OptionsMenu_Buttons;void MenuItemActionHandler_OptionsMenu_Buttons(int param_1, ...)
0x00496e20;getComputationalTileIndex;undefined4 getComputationalTileIndex(PathFindingState * this)
0x00496e30;getTileInSearchQueue;int getTileInSearchQueue(PathFindingState * this, int index)
0x00496e40;ClearPathFindingTileMaps;void ClearPathFindingTileMaps(void)
0x00496ea0;bindPathPlanToAlgorithmStateAndReset;void bindPathPlanToAlgorithmStateAndReset(PathFindingState * this, byte * pPathPlan)
0x00496ec0;findClosestTileToStartingTile;void findClosestTileToStartingTile(PathFindingState * this, int param_1)
0x00496f90;findNextTileInExistingSearchThatIsModuloDistanceAway;void findNextTileInExistingSearchThatIsModuloDistanceAway(PathFindingState * this, int modulo, int x, int y)
0x00497080;pathFindingResultBased;dword pathFindingResultBased(PathFindingState * this, int param_1, int x, int y, int extraDistance)
0x00497180;findNextTileByModuloAmongPreviousSearchNotOnDefensiveStructure;dword findNextTileByModuloAmongPreviousSearchNotOnDefensiveStructure(PathFindingState * this, int modulo, int x, int y)
0x00497280;doMoveFromTileToTile;BOOLEnum doMoveFromTileToTile(PathFindingState * this, int unitID, int tile, int y, int direction, int param_5, int ignoreAssassinClimbing)
0x004974d0;findNeighbourTileThatCanServeAsClimbPointClosestToXY;BOOL findNeighbourTileThatCanServeAsClimbPointClosestToXY(PathFindingState * this, uint x, uint y, uint x2, uint y2)
0x00497690;findPositionForGivenClimbArea;void findPositionForGivenClimbArea(PathFindingState * this, int area, uint x, uint y)
0x00497740;findLinkageBasedPathOrWalkRadius;BOOLEnum findLinkageBasedPathOrWalkRadius(PathFindingState * this, uint x, uint y, int x2, int y2, int maxIterations, BOOLEnum continuePreviousSearch)
0x00497b80;findSuitableSpawnLocationUnk;undefined4 findSuitableSpawnLocationUnk(PathFindingState * this, int x, int y, int x2, int y2, int param_5, int param_6)
0x00498020;findPathUsingClimbingWithHeightMargin16;BOOLEnum findPathUsingClimbingWithHeightMargin16(PathFindingState * this, uint x, uint y, uint x2, uint y2, int budget, BOOLEnum continueSearch)
0x00498400;pathFindingWithBuildingsIncluded;BOOLEnum pathFindingWithBuildingsIncluded(PathFindingState * this, uint x, uint y, uint x2, uint y2, int maxOptionsToTry, int zeroMeansResetAlgorithm)
0x00498a40;calculatePathKeepAndWallsGatesNotAllowed;undefined4 calculatePathKeepAndWallsGatesNotAllowed(PathFindingState * this, int x1, int y1, int x2, int y2, int maxTries)
0x00498fd0;commitUnitPathPlanUsingWalkLayer;uint commitUnitPathPlanUsingWalkLayer(PathFindingState * this, uint param_1, int param_2, int param_3)
0x004995e0;updateSeparateAreaTileMap;BOOLEnum updateSeparateAreaTileMap(PathFindingState * this, int forceUpdate)
0x004999c0;updatePathLinkageLayerBasedOnBuildingsUnk;BOOLEnum updatePathLinkageLayerBasedOnBuildingsUnk(PathFindingState * this, int yUnk, int tile)
0x00499dc0;updatePathLinkageLayerAtTileForSomeLogicalReason;void updatePathLinkageLayerAtTileForSomeLogicalReason(PathFindingState * this, int tile, int y)
0x00499fa0;updatePathLinkageTileMapRelatedToGates;void updatePathLinkageTileMapRelatedToGates(int buildingID)
0x0049a1c0;updatePathLinkageTileMapRelatedToKeeps;undefined8 updatePathLinkageTileMapRelatedToKeeps(int buildingID)
0x0049a2e0;updatePathLinkageTileMapRelatedToSiegeTower;void updatePathLinkageTileMapRelatedToSiegeTower(int param_1)
0x0049a370;tracePathPlanToDestinationViaUnoccupiedTiles;BOOLEnum tracePathPlanToDestinationViaUnoccupiedTiles(PathFindingState * this, uint x, uint y, uint destX, uint destY)
0x0049a5e0;reverseCurrentPathPlan;void reverseCurrentPathPlan(PathFindingState * this)
0x0049a6d0;raiseLand2;void raiseLand2(PathFindingState * this, uint x, uint y, int maxDistance)
0x0049aad0;updateWalkAndPathLayer;void updateWalkAndPathLayer(PathFindingState * this, int param_1, uint xPosition, uint yPosition)
0x0049af50;setChangedLayerZeroBasedOn40x40Layer;void setChangedLayerZeroBasedOn40x40Layer(PathFindingState * this, uint flag_and_offset)
0x0049b1c0;getYSmallerThanYLimit;BOOLEnum getYSmallerThanYLimit(PathFindingState * this)
0x0049b1d0;pathFindingDeerAndLionsUnk;void pathFindingDeerAndLionsUnk(PathFindingState * this, int originArea, uint destinationX, uint destinationY)
0x0049b5b0;algTunnelerFindTarget;void algTunnelerFindTarget(PathFindingState * this, int playerID, int targetPlayerID, int distance, int originX, int originY)
0x0049b8c0;calcApproxEuclideanDistance;int calcApproxEuclideanDistance(int param_1, int param_2, int param_3, int param_4)
0x0049b940;findMapBorderEdgeTileAndStoreInSignpostData;void findMapBorderEdgeTileAndStoreInSignpostData(PathFindingState * this, int signpostID, int maxDistance, uint x, uint y)
0x0049bbf0;findFurthestSeaTile;void findFurthestSeaTile(PathFindingState * this, int budget, uint x, uint y)
0x0049be60;getTileInSquareBrush;void getTileInSquareBrush(PathFindingState * this, int brushTileIndex, uint x, uint y)
0x0049c020;setupBabyTreeLocationInfo;undefined4 setupBabyTreeLocationInfo(PathFindingState * this, int param_1, int treeType, uint x, uint y)
0x0049c370;findNoTreeInRange;BOOLEnum findNoTreeInRange(PathFindingState * this, int budget, uint x, uint y)
0x0049c5c0;findDestinationCostLowerThan6;BOOLEnum findDestinationCostLowerThan6(PathFindingState * this, int tile, int maxDistance)
0x0049c690;computeTotalUnitsWithinDistance;void computeTotalUnitsWithinDistance(PathFindingState * this, int playerID, int sameTeamUnits, int someLogicalTileProperty, int tile, int distance)
0x0049cb00;computeNextRallyPointDestination;void computeNextRallyPointDestination(PathFindingState * this, int unitID, int xPos, int yPos)
0x0049cd60;findDirectNeighbourWalkableTile;BOOLEnum findDirectNeighbourWalkableTile(PathFindingState * this, uint x, uint y)
0x0049ce40;findPathableTileWithoutUnitWithBuildingAtXY;void findPathableTileWithoutUnitWithBuildingAtXY(PathFindingState * this, int unitID, int x, int y)
0x0049d0e0;findFreeTileOnDefensiveStructure;void findFreeTileOnDefensiveStructure(PathFindingState * this, int unitID, int x, int y)
0x0049d340;findWalkableTileThatDoesNotContainUnit;void findWalkableTileThatDoesNotContainUnit(PathFindingState * this, int unitID, uint x, uint y, int considerUnits)
0x0049d640;someBinaryAlgFunctionPathFinding;undefined4 someBinaryAlgFunctionPathFinding(PathFindingState * this, int param_1)
0x0049d880;findClosestFreeTileNearUnitOnBuilding;undefined4 findClosestFreeTileNearUnitOnBuilding(PathFindingState * this, int buildingID, int unitID, int x, int y, int * pX, int * pY)
0x0049db30;checkEnemyBuildingOrDefensiveStructureWithin12Tiles;BOOLEnum checkEnemyBuildingOrDefensiveStructureWithin12Tiles(PathFindingState * this, int playerID, uint x, uint y)
0x0049ddc0;budgetFloodFillOnCertainPathLayer;void budgetFloodFillOnCertainPathLayer(PathFindingState * this, uint x, uint y, int marker, int budget)
0x0049e0d0;updateUnitDeathHeatmapIn3SpacesAroundTile;void updateUnitDeathHeatmapIn3SpacesAroundTile(PathFindingState * this, uint x, uint y)
0x0049e510;recomputeALGPathFindingTileMapUnk;void recomputeALGPathFindingTileMapUnk(PathFindingState * this, int someMax, uint x, uint y, undefined4 param_4)
0x0049e9e0;updateAIZoneWithFloodFill0x20;void updateAIZoneWithFloodFill0x20(PathFindingState * this, int max, uint x, uint y)
0x0049edf0;findAIZoneWithFlags;BOOLEnum findAIZoneWithFlags(PathFindingState * this, int maxDistance, uint x, uint y, undefined4 aiInfoFlags)
0x0049f040;findArcherRelatedAttackInfoIndex;int findArcherRelatedAttackInfoIndex(PathFindingState * this, int max, uint x, uint y, int tribeID)
0x0049f2d0;findSupportPointIndex;int findSupportPointIndex(PathFindingState * this, int max, uint x, uint y, int tribeID)
0x0049f540;algFindAttackAngle;int algFindAttackAngle(PathFindingState * this, int maxDistance200, uint x, uint y, int tribeID)
0x0049f7d0;findAppropriateLocationForSiegeTent;dword findAppropriateLocationForSiegeTent(PathFindingState * this, int distanceUnk, uint x, uint y, undefined4 selectionID, uint requiredDistanceFromAIZone, int playerID)
0x0049fc00;pathFindingRelated;dword pathFindingRelated(PathFindingState * this, int param_1, uint param_2, uint param_3, int param_4)
0x0049ff20;pathfindingRelated49ff20;dword pathfindingRelated49ff20(PathFindingState * this, uint x, uint y, int playerID, uint distanceUnk, int param_5)
0x004a01d0;findBestAttackTileByPathCost;dword findBestAttackTileByPathCost(PathFindingState * this, uint param_1, uint param_2, int param_3, uint param_4)
0x004a0460;findNearestEnemyBuildingWithinDistance;int findNearestEnemyBuildingWithinDistance(PathFindingState * this, int param_1, int param_2, int param_3, int param_4)
0x004a06b0;findNearestEnemyUnitWithinDistance;int findNearestEnemyUnitWithinDistance(PathFindingState * this, int param_1, int param_2, int param_3, int param_4)
0x004a08e0;getGatehouseNearSomethingUnk;int getGatehouseNearSomethingUnk(PathFindingState * this, int param_1, int param_2, int param_3, int maxDistance)
0x004a0b20;findDistanceOrThreatLevelToUnitUnk;int findDistanceOrThreatLevelToUnitUnk(PathFindingState * this, int param_1, int param_2, int param_3, int param_4)
0x004a0e50;setWalkabilityBorderLogicLayerForSmallerMapSizes;void setWalkabilityBorderLogicLayerForSmallerMapSizes(PathFindingState * this)
0x004a1230;aggressiveStanceTargetBuildingAtRange;void aggressiveStanceTargetBuildingAtRange(PathFindingState * this, int unitID, int maxDistance)
0x004a15b0;isEnemyTooCloseUnk;BOOLEnum isEnemyTooCloseUnk(PathFindingState * this, int playerID, uint x, uint y, int requiredDistance)
0x004a16c0;tracePathToFriendlyDefensesAndReturnTileUnk;int tracePathToFriendlyDefensesAndReturnTileUnk(PathFindingState * this, int playerID, uint x, uint y)
0x004a19b0;findOwnedGatehouse;dword findOwnedGatehouse(PathFindingState * this, int playerID, uint x, uint y)
0x004a1c40;isTileInRangeOfKeepRange;undefined4 isTileInRangeOfKeepRange(PathFindingState * this, int playerID, uint x, uint y, int range)
0x004a1d30;findSomeSuitableLocationUnk;undefined4 findSomeSuitableLocationUnk(PathFindingState * this, int param_1, uint x, uint y, int param_4)
0x004a21b0;placeCommemoratingStatueAtGoodLocation;void placeCommemoratingStatueAtGoodLocation(PathFindingState * this, int playerID)
0x004a2650;isSignPostWithinDistance;BOOLEnum isSignPostWithinDistance(PathFindingState * this, uint x, uint y, int limit)
0x004a2a90;spreadAlgorithmForFlagsAndBraziersUnk;undefined4 spreadAlgorithmForFlagsAndBraziersUnk(PathFindingState * this, int playerID, uint x, uint y, int param_4, int param_5)
0x004a2dd0;igniteFireAtTilesDistanceAway;undefined4 igniteFireAtTilesDistanceAway(PathFindingState * this, int tile, int maxDistance, int playerID)
0x004a3220;findAccessibleWallAndNearbyFreeTile;BOOLEnum findAccessibleWallAndNearbyFreeTile(PathFindingState * this, uint unitID, int tile, int * pFreeTile, int * pDefensesTile)
0x004a36b0;healUnitsOfPlayerWithinRadius;undefined4 healUnitsOfPlayerWithinRadius(PathFindingState * this, int param_1, int param_2, int param_3, int param_4)
0x004a3b20;certainDamageToUnitsUnk;undefined4 certainDamageToUnitsUnk(PathFindingState * this, int param_1, int param_2, int param_3, int param_4, undefined4 param_5)
0x004a4140;pathFindingToAttackCastleIncludingMoat;bool pathFindingToAttackCastleIncludingMoat(PathFindingState * this, undefined4 playerID, int wallOwnerPlayerID, uint x, uint y, byte * out_successUnk, int * out_x, int * out_y)
0x004a4470;computeAIZoneLayer;void computeAIZoneLayer(PathFindingState * this, int attackedPlayerID, int canReachKeep)
0x004a4930;setClimbBasedOnClosestClimbData;int setClimbBasedOnClosestClimbData(PathFindingState * this, int unitID, int ladderWallGroup, int ladderArea)
0x004a4b30;isUsableClimbWallWithinArea;BOOLEnum isUsableClimbWallWithinArea(PathFindingState * this, int area, int wallDataID)
0x004a4b80;clearLaddermanWalledData;void clearLaddermanWalledData(PathFindingState * this, int param_1)
0x004a4bb0;reprocessLadddermanWallData;void reprocessLadddermanWallData(PathFindingState * this, int laddermanWalledDataID)
0x004a4c70;registerUnitOnClimbData;undefined4 registerUnitOnClimbData(PathFindingState * this, int param_1, int param_2)
0x004a4d60;UpdateLadderManState01;void UpdateLadderManState01(void)
0x004a4e40;UpdateLadderManState03;void UpdateLadderManState03(void)
0x004a4f90;UpdateLadderManState04;void UpdateLadderManState04(void)
0x004a50e0;UpdateLadderManState05;void UpdateLadderManState05(void)
0x004a5230;UpdateLadderManState07;void UpdateLadderManState07(void)
0x004a52d0;clearActiveClimbDataOfType6And7;void clearActiveClimbDataOfType6And7(PathFindingState * this)
0x004a5320;calculateCanPlayerUnitsNavigateToAreaFromArea;int calculateCanPlayerUnitsNavigateToAreaFromArea(PathFindingState * this, int playerID, dword fromArea, dword toArea, int permitClimb)
0x004a58a0;findConnectingAreaBetweenTwoAreas;dword findConnectingAreaBetweenTwoAreas(PathFindingState * this, int param_1, dword param_2, dword param_3)
0x004a5b00;calculateCanReachUsingCachedAreaLogic;BOOLEnum calculateCanReachUsingCachedAreaLogic(PathFindingState * this, int tile1, int tile2)
0x004a5da0;findBestAdjacentClimbTileToTarget;undefined4 findBestAdjacentClimbTileToTarget(PathFindingState * this, int param_1, uint param_2, uint param_3, uint param_4, uint param_5)
0x004a5f60;updatePathLinkageLayerForEachBuildingAtEachTile;void updatePathLinkageLayerForEachBuildingAtEachTile(PathFindingState * this)
0x004a5f90;updatePathLinkagesInAllEightDirections;void updatePathLinkagesInAllEightDirections(PathFindingState * this, int y, int tile)
0x004a6010;findBestAttackTargetTileWithHeightAndOwner;void findBestAttackTargetTileWithHeightAndOwner(PathFindingState * this, int param_1, uint param_2, uint param_3, int param_4, int param_5, int param_6, int param_7, int param_8, int param_9)
0x004a6520;storeDestinationOptionsUnk;void storeDestinationOptionsUnk(PathFindingState * this, int signpostID)
0x004a65e0;setDestinationPairsBasedOnPreviousSearch;void setDestinationPairsBasedOnPreviousSearch(PathFindingState * this, int playerIDMin1, int attackedPlayerID)
0x004a66d0;setMoveDestinationPairs;void setMoveDestinationPairs(PathFindingState * this, int playerIDmin1, int playerID, int maxCost)
0x004a67d0;spawnUnitAndAddToTribe;void spawnUnitAndAddToTribe(PathFindingState * this, int playerID, int displayColor, int count, UnitType unitType, undefined4 tribeID)
0x004a6940;FUN_004a6940;undefined FUN_004a6940(void)
0x004a69f0;computeAttackVectorsBasedOnXAndY;void computeAttackVectorsBasedOnXAndY(PathFindingState * this, int playerID)
0x004a6ab0;findCrossAreaBridgeTileToTarget;undefined4 findCrossAreaBridgeTileToTarget(PathFindingState * this, int param_1, uint param_2, uint param_3)
0x004a6df0;canNavigateFunctionReturnsArea;int canNavigateFunctionReturnsArea(PathFindingState * this, int playerID, dword targetArea, uint unitX, uint unitY)
0x004a7090;updateWalkLayerAndAIPathCostLayer;void updateWalkLayerAndAIPathCostLayer(PathFindingState * this, int limit, uint borderDistance, dword fromArea, int playerID)
0x004a75b0;pathfindingForAttacksUnk;void pathfindingForAttacksUnk(PathFindingState * this, int tribeID, int buildingID, int param_3, dword param_4, int param_5)
0x004a79a0;pathPlanningForTribe;void pathPlanningForTribe(PathFindingState * this, uint tribeID, undefined4 targetUnitID, uint x, uint y, int unitCount, dword area, int playerID)
0x004a7f50;findFreeSpaceNextToEnemyDefensiveStructureInSameAreaWithinDistance;void findFreeSpaceNextToEnemyDefensiveStructureInSameAreaWithinDistance(PathFindingState * this, int tile, int maxDestinations, int * area, int playerID, int shortenedDistance, int direction)
0x004a83b0;populateDestinationsArrayWithWallTileAndFreeTilePairInSameArea;void populateDestinationsArrayWithWallTileAndFreeTilePairInSameArea(PathFindingState * this, int tile, int maxDestinations, dword area, int playerID)
0x004a8780;findUnitPreferredOrientationBasedConnectedTile;int findUnitPreferredOrientationBasedConnectedTile(PathFindingState * this, int unitID, int tile)
0x004a8860;findBuildingAccessPoint;int findBuildingAccessPoint(PathFindingState * this, int unitID, int buildingID, int * pResultTile)
0x004a8ab0;pathfindingUpdate_0x4a8ab0;void pathfindingUpdate_0x4a8ab0(PathFindingState * this, int param_1)
0x004a9200;isOpponentBuildingInRange;undefined4 isOpponentBuildingInRange(PathFindingState * this, int playerID, int x, int y, int range, int param_5, int param_6, int keepRange)
0x004a94e0;clearAllLadderManWalledData;void clearAllLadderManWalledData(PathFindingState * this)
0x004a9510;createClimbData;int createClimbData(PathFindingState * this, int size, int buildingID, int unitID, int direction)
0x004a9680;updateClimbData;void updateClimbData(PathFindingState * this)
0x004a9760;Constructor_PathFindingState;PathFindingState * Constructor_PathFindingState(PathFindingState * this)
0x004a97d0;traceAndCommitPathPlan;void traceAndCommitPathPlan(PathFindingState * this, uint x, uint y, uint x2, uint y2, int param_5)
0x004a9b20;doPathfinding;dword doPathfinding(PathFindingState * this, int param_1, int param_2)
0x004a9dd0;retraceAndCommitPathPlan;undefined4 retraceAndCommitPathPlan(PathFindingState * this)
0x004a9e00;Constructor_MenuModal;MenuModal * Constructor_MenuModal(MenuModal * this, MenuModalType menuModalId, int xPos, int yPos, int width, int height, int borderStyle, int backgroundColourIndex, MenuModalRenderFunction * renderFunctionPtr, Menu * menuPtr)
0x004a9e60;Constructor_MenuModalComposition;MenuModalComposition * Constructor_MenuModalComposition(MenuModalComposition * this, int slot)
0x004a9e80;loadAllMenuElementsOfMenuModals;void loadAllMenuElementsOfMenuModals(MenuModalComposition * this)
0x004a9eb0;findModalMenu;MenuModal * findModalMenu(MenuModalComposition * this, MenuModalType menuModalID)
0x004a9ed0;activateModalDialog;void activateModalDialog(MenuModalComposition * this, MenuModalType menuModalID, BOOLEnum retainOther)
0x004aa0a0;setExtraActiveModalDialog;void setExtraActiveModalDialog(MenuModalComposition * this, MenuModalType menuModalID, int dialogX, int dialogY)
0x004aa1f0;handleActiveModalDialogUnk;void handleActiveModalDialogUnk(MenuModalComposition * this)
0x004aa3e0;fillWithMenuModalDimensions;void fillWithMenuModalDimensions(MenuModalComposition * this, int * xPtr, int * yPtr, int * widthPtr, int * heigthPtr)
0x004aa440;MenuModalRenderFunction_OverlaySlider;void MenuModalRenderFunction_OverlaySlider(int x, int y, int width, int height)
0x004aa480;setSliderParameters;void setSliderParameters(MenuModalComposition * this, int minimum, int maximum, int value, undefined * destination, void * callbackFunction)
0x004aa540;setSliderParameters2;void setSliderParameters2(MenuModalComposition * this, dword minimum, dword maximum, dword value, dword destination, undefined * callbackFunction)
0x004aa600;MenuItemActionHandler_OverlaySlider_Slider;void MenuItemActionHandler_OverlaySlider_Slider(int param_1, int param_2, int * minValue, int * maxValue, int * currentValue)
0x004aa800;MenuItemRenderFunction_OverlaySlider_Slider;void MenuItemRenderFunction_OverlaySlider_Slider(int param_1, int thumbYPos, int param_3, int thumbHeight, BOOL isDragged)
0x004aa930;setModalSliderParameters;void setModalSliderParameters(MenuModalComposition * this, int param_1, int param_2, dword param_3, dword param_4, undefined * param_5, undefined * param_6)
0x004aa970;MenuItemRenderFunction_UnusedWinCondition_Options;void MenuItemRenderFunction_UnusedWinCondition_Options(int param_1, ...)
0x004aaa40;MenuModalRenderFunction_DebugDataCurrentPlayerData;void MenuModalRenderFunction_DebugDataCurrentPlayerData(int x, int y, int width, int height)
0x004aaa60;MenuModalRenderFunction_DebugDataAiInfo;void MenuModalRenderFunction_DebugDataAiInfo(int x, int y, int width, int height)
0x004aaa80;MenuModalRenderFunction_DebugDataUnitData;void MenuModalRenderFunction_DebugDataUnitData(int x, int y, int width, int height)
0x004aaaa0;MenuModalRenderFunction_DebugDataZoneDataUnk;void MenuModalRenderFunction_DebugDataZoneDataUnk(int x, int y, int width, int height)
0x004aaac0;MenuModalRenderFunction_DebugDataMousePointing;void MenuModalRenderFunction_DebugDataMousePointing(int x, int y, int width, int height)
0x004aaae0;MenuModalRenderFunction_DebugDataNetwork;void MenuModalRenderFunction_DebugDataNetwork(int x, int y, int width, int height)
0x004aab00;MenuModalRenderFunction_DebugDataSplitInfo;void MenuModalRenderFunction_DebugDataSplitInfo(int x, int y, int width, int height)
0x004aab20;MenuModalRenderFunction_DebugDataMapData;void MenuModalRenderFunction_DebugDataMapData(int x, int y, int width, int height)
0x004aab40;MenuModalRenderFunction_TextEditor;void MenuModalRenderFunction_TextEditor(int x, int y, int width, int height)
0x004aab50;MenuModalRenderFunction_CreditsScroll;void MenuModalRenderFunction_CreditsScroll(int x, int y, int width, int height)
0x004ab440;MenuModalRenderFunction_DisplayAiLordMessage;void MenuModalRenderFunction_DisplayAiLordMessage(int x, int y, int width, int height)
0x004ab460;MenuModalRenderFunction_UnusedChooseMessageBox;void MenuModalRenderFunction_UnusedChooseMessageBox(int x, int y, int width, int height)
0x004ab4b0;MenuModalRenderFunction_TraderSettings;void MenuModalRenderFunction_TraderSettings(int x, int y, int width, int height)
0x004ab4e0;MenuModalRenderFunction_StartGoods;void MenuModalRenderFunction_StartGoods(int x, int y, int width, int height)
0x004ab510;MenuModalRenderFunction_UnusedSiegeAttackingForceUnk;void MenuModalRenderFunction_UnusedSiegeAttackingForceUnk(int x, int y, int width, int height)
0x004ab540;MenuModalRenderFunction_CreateOrTriggerInvasion;void MenuModalRenderFunction_CreateOrTriggerInvasion(int x, int y, int width, int height)
0x004ab570;MenuModalRenderFunction_UnusedCreateTimedMessageEvent;void MenuModalRenderFunction_UnusedCreateTimedMessageEvent(int x, int y, int width, int height)
0x004ab680;MenuModalRenderFunction_UnusedCreateMessageEvent;void MenuModalRenderFunction_UnusedCreateMessageEvent(int x, int y, int width, int height)
0x004ab790;MenuModalRenderFunction_NewEvent;void MenuModalRenderFunction_NewEvent(int x, int y, int width, int height)
0x004aba20;MenuModalRenderFunction_NewEventCondition;void MenuModalRenderFunction_NewEventCondition(int x, int y, int width, int height)
0x004abab0;MenuModalRenderFunction_NewEventAction;void MenuModalRenderFunction_NewEventAction(int x, int y, int width, int height)
0x004abba0;MenuModalRenderFunction_BuildingAvailability;void MenuModalRenderFunction_BuildingAvailability(int x, int y, int width, int height)
0x004abcb0;MenuModalRenderFunction_DisableTroops;void MenuModalRenderFunction_DisableTroops(int x, int y, int width, int height)
0x004abce0;MenuModalRenderFunction_DisableWeapon;void MenuModalRenderFunction_DisableWeapon(int x, int y, int width, int height)
0x004abd10;MenuModalRenderFunction_TutorialBox_Thunk;void MenuModalRenderFunction_TutorialBox_Thunk(int x, int y, int width, int height)
0x004abd20;MenuModalRenderFunction_Chat;void MenuModalRenderFunction_Chat(int x, int y, int width, int height)
0x004abe50;MenuModalRenderFunction_SkirmishConnectionOptions;void MenuModalRenderFunction_SkirmishConnectionOptions(int x, int y, int width, int height)
0x004abe80;MenuModalRenderFunction_SkirmishPlayOptions;void MenuModalRenderFunction_SkirmishPlayOptions(int x, int y, int width, int height)
0x004abeb0;MenuItemActionHandler_EditorMapTypeQuickChange_Main;void MenuItemActionHandler_EditorMapTypeQuickChange_Main(int param_1, ...)
0x004ac040;MenuItemRenderFunction_EditorMapTypeQuickChange_Main;void MenuItemRenderFunction_EditorMapTypeQuickChange_Main(int param_1, ...)
0x004ac250;MenuModalRenderFunction_TriggerEvent;void MenuModalRenderFunction_TriggerEvent(int x, int y, int width, int height)
0x004ac280;MenuModalRenderFunction_TriggerEventSlider;void MenuModalRenderFunction_TriggerEventSlider(int x, int y, int width, int height)
0x004ac310;MenuModalRenderFunction_SendMapTo;void MenuModalRenderFunction_SendMapTo(int x, int y, int width, int height)
0x004ac440;MenuItemRenderFunction_SendReceiveMap_Main;void MenuItemRenderFunction_SendReceiveMap_Main(int param_1, ...)
0x004ac4c0;MenuModalRenderFunction_ReceiveMapFrom;void MenuModalRenderFunction_ReceiveMapFrom(int x, int y, int width, int height)
0x004ac570;RecalculateAllies;void RecalculateAllies(void)
0x004ac650;buildEnemyPlayerList;void buildEnemyPlayerList(void)
0x004ac6e0;MenuModalRenderFunction_Allies;void MenuModalRenderFunction_Allies(int x, int y, int width, int height)
0x004ac7a0;MenuItemRenderFunction_Allies_Main;void MenuItemRenderFunction_Allies_Main(int param_1, ...)
0x004ad110;ProcessAllyAcceptsRequest;void ProcessAllyAcceptsRequest(int param_1, int param_2)
0x004ad1e0;ProcessAllyDeniesRequest2;void ProcessAllyDeniesRequest2(int param_1, int param_2)
0x004ad2b0;MenuModalRenderFunction_AlliesOrder;void MenuModalRenderFunction_AlliesOrder(int x, int y, int width, int height)
0x004ad2f0;ProcessAllyRequestAttackDefense;void ProcessAllyRequestAttackDefense(int targetPlayerID, int playerID, int requestedByPlayerID, int param_4)
0x004ad480;MenuItemRenderFunction_AlliesOrder_Main;void MenuItemRenderFunction_AlliesOrder_Main(int param_1, ...)
0x004ad780;MenuModalRenderFunction_AlliesRequestGoods;void MenuModalRenderFunction_AlliesRequestGoods(int x, int y, int width, int height)
0x004ad7c0;ProcessAllyRequestingGoods;void ProcessAllyRequestingGoods(int askedPlayerID, int param_2, int amount, int askee)
0x004ad920;MenuItemRenderFunction_AlliesSendAndRequestGoods_Main;void MenuItemRenderFunction_AlliesSendAndRequestGoods_Main(int actionParam, ...)
0x004add90;MenuModalRenderFunction_AlliesSendGoods;void MenuModalRenderFunction_AlliesSendGoods(int x, int y, int width, int height)
0x004addd0;ProcessAllyGoodsRequest;void ProcessAllyGoodsRequest(int param_1, ResourceType param_2, int param_3, int param_4)
0x004ae010;ProcessAllyDeniesRequest;void ProcessAllyDeniesRequest(int param_1, int param_2)
0x004ae070;MenuModalRenderFunction_ChooseRandomNumberOfEnemies;void MenuModalRenderFunction_ChooseRandomNumberOfEnemies(int x, int y, int width, int height)
0x004ae0f0;MenuModalRenderFunction_GreatestLord;void MenuModalRenderFunction_GreatestLord(int x, int y, int width, int height)
0x004ae720;MenuItemRenderFunction_GreatestLord_Main;void MenuItemRenderFunction_GreatestLord_Main(int param_1, ...)
0x004ae7c0;clearHoveredAI;void clearHoveredAI(void)
0x004ae7d0;MenuItemActionHandler_AiLordSelect_Main;void MenuItemActionHandler_AiLordSelect_Main(int param_1, ...)
0x004ae950;MenuItemRenderFunction_AiLordSelect_Main;void MenuItemRenderFunction_AiLordSelect_Main(int param_1, ...)
0x004aea10;syncPlayerGroupArrays;void syncPlayerGroupArrays(void)
0x004aea50;MenuItemActionHandler_Roundtable_Main;void MenuItemActionHandler_Roundtable_Main(int param_1, ...)
0x004aef70;MenuItemRenderFunction_Roundtable_Main;void MenuItemRenderFunction_Roundtable_Main(int param_1, ...)
0x004af4c0;MenuModalRenderFunction_DebugDataAivStateUnk;void MenuModalRenderFunction_DebugDataAivStateUnk(int x, int y, int width, int height)
0x004af5e0;Constructor_DisplayElement;DisplayElement * Constructor_DisplayElement(DisplayElement * this, eOnScreenText elementID, int xPos, int yPos, dword elementState, DisplayElementRenderFunc * renderFunction, DisplayElementPositionModifier positionModifier)
0x004af630;FindDisplayElementWithID;DisplayElement * FindDisplayElementWithID(int elementID)
0x004af650;CheckDisplayElementByIDAndSetForUnlimitedDisplay;void CheckDisplayElementByIDAndSetForUnlimitedDisplay(DisplayElementID displayElementID, dword elementState)
0x004af680;ActivateGameSpeedAndResourceLackDisplayElementUnk;void ActivateGameSpeedAndResourceLackDisplayElementUnk(DisplayElementID elementId, dword elementState, int displayDuration)
0x004af6b0;TogglePlayerPingDisplayElementUnk;void TogglePlayerPingDisplayElementUnk(DisplayElementID displayElementID, uint toggleValue)
0x004af6e0;GetIfDisplayElementStateNotZero;BOOLEnum GetIfDisplayElementStateNotZero(DisplayElementID displayElementID)
0x004af700;RenderDisplayElementsUnk;void RenderDisplayElementsUnk(void)
0x004af800;renderInGameChatDisplayElement;void renderInGameChatDisplayElement(int posX, int posY, DWORD elementState)
0x004af820;RenderResourceMissing1DisplayElement;void RenderResourceMissing1DisplayElement(int posX, int posY, DWORD elementState)
0x004af840;RenderResourceMissing2DisplayElement;void RenderResourceMissing2DisplayElement(int posX, int posY, DWORD elementState)
0x004af860;RenderDebugNumbersDisplayElement;void RenderDebugNumbersDisplayElement(int posX, int posY, DWORD elementState)
0x004afa50;RenderUnknownDisplayElement7;void RenderUnknownDisplayElement7(int posX, int posY, DWORD elementState)
0x004afa80;RenderSomeMissionNumberUnkDisplayElement9;void RenderSomeMissionNumberUnkDisplayElement9(int posX, int posY, DWORD MissionNumPlus1Unk)
0x004afb00;RenderNoTreeGrowthTextDisplayElement;void RenderNoTreeGrowthTextDisplayElement(int posX, int posY, DWORD elementState)
0x004afb30;RenderInGameWinDefeatWindowDisplayElement;void RenderInGameWinDefeatWindowDisplayElement(int posX, int posY, DWORD elementState)
0x004afda0;RenderMissionWinDefeatBannerDisplayElement;void RenderMissionWinDefeatBannerDisplayElement(int posX, int posY, DWORD winDefeatState)
0x004afe10;RenderSomeMultiplayerInfoUnkDisplayElement19;void RenderSomeMultiplayerInfoUnkDisplayElement19(int posX, int posY, DWORD elementState)
0x004b0390;RenderPlayerInfoOnHoverDisplayElement;void RenderPlayerInfoOnHoverDisplayElement(int posX, int posY, DWORD elementState)
0x004b07c0;RenderGameSpeedTextDisplayElement;void RenderGameSpeedTextDisplayElement(int posX, int posY, DWORD elementState)
0x004b0820;RenderUnknownDisplayElement25;void RenderUnknownDisplayElement25(int posX, int posY, DWORD elementState)
0x004b0ac0;RenderPeopleLeftToPlaceDisplayElement;void RenderPeopleLeftToPlaceDisplayElement(int posX, int posY, DWORD elementState)
0x004b0b30;renderMenuModal;void renderMenuModal(MenuModalComposition * this)
0x004b0f70;MenuItemActionHandler_OverlaySlider_Deselect;void MenuItemActionHandler_OverlaySlider_Deselect(int param_1, ...)
0x004b1000;MenuItemActionHandler_UnusedWinCondition_DeselectUnk;void MenuItemActionHandler_UnusedWinCondition_DeselectUnk(int param_1, ...)
0x004b1090;MenuItemActionHandler_UnusedWinCondition_Options;void MenuItemActionHandler_UnusedWinCondition_Options(int param_1, ...)
0x004b10d0;MenuItemActionHandler_SendReceiveMap_Main;void MenuItemActionHandler_SendReceiveMap_Main(int param_1, ...)
0x004b12d0;MenuItemActionHandler_Allies_Main;void MenuItemActionHandler_Allies_Main(int param_1, ...)
0x004b1410;MenuItemActionHandler_AlliesOrder_Main;void MenuItemActionHandler_AlliesOrder_Main(int param_1, ...)
0x004b14c0;MenuItemActionHandler_AlliesSendAndRequestGoods_Main;void MenuItemActionHandler_AlliesSendAndRequestGoods_Main(int param_1, ...)
0x004b18d0;MenuItemActionHandler_ChooseRandomNumberOfEnemies_Main;void MenuItemActionHandler_ChooseRandomNumberOfEnemies_Main(int param_1, ...)
0x004b1990;MenuItemActionHandler_GreatestLord_Main;void MenuItemActionHandler_GreatestLord_Main(int param_1, ...)
0x004b19e0;MenuModalRenderFunction_AiLordSelect;void MenuModalRenderFunction_AiLordSelect(int x, int y, int width, int height)
0x004b1ac0;MenuModalRenderFunction_Roundtable;void MenuModalRenderFunction_Roundtable(int x, int y, int width, int height)
0x004b1c30;RenderAndPlayKeepAndGranaryPlacementInfoDisplayElement;void RenderAndPlayKeepAndGranaryPlacementInfoDisplayElement(int posX, int posY, DWORD whichBuildingIsMissing)
0x004b1d30;RenderPlayerPingUnkDisplayElement22;void RenderPlayerPingUnkDisplayElement22(int posX, int posY, DWORD elementState)
0x004b1e60;RenderGamePausedTextDisplayElement;void RenderGamePausedTextDisplayElement(int posX, int posY, DWORD elementState)
0x004b1eb0;RenderTimeUntilVictoryDisplayElement;void RenderTimeUntilVictoryDisplayElement(int posX, int posY, DWORD elementState)
0x004b20b0;RenderNoRushDisplayElementUnk;void RenderNoRushDisplayElementUnk(int posX, int posY, DWORD elementState)
0x004b20d7;FUN_004b20d7;undefined FUN_004b20d7(void)
0x004b2280;RenderTimeUntilDefeatDisplayElement;void RenderTimeUntilDefeatDisplayElement(int posX, int posY, DWORD elementState)
0x004b2530;RenderSomeMultiplayerInfoUnkDisplayElement28;void RenderSomeMultiplayerInfoUnkDisplayElement28(int posX, int posY, DWORD elementState)
0x004b2820;activateModalDialog2;void activateModalDialog2(MenuModalComposition * this, MenuModalType modalDialogID)
0x004b2a60;ViewportBasedTileNumber;int ViewportBasedTileNumber(void)
0x004b2ae0;WindowMsgProcessingFunc;LRESULT WindowMsgProcessingFunc(HWND windowHandle, GeneralWindowsMessage message, WindowsVirtualKey wParam, LPARAM lParam)
0x004b5100;Constructor_MinimapViewState;MinimapViewState * Constructor_MinimapViewState(MinimapViewState * this)
0x004b5110;scrollViewportToMinimapClick;void scrollViewportToMinimapClick(MinimapViewState * this)
0x004b51a0;convertMinimapClickToTileXY;void convertMinimapClickToTileXY(MinimapViewState * this, int * param_1, int * param_2)
0x004b5280;renderMinimapPreview;void renderMinimapPreview(MinimapViewState * this, int screenX, int screenY)
0x004b5300;triggerMinimapRedraw;void triggerMinimapRedraw(MinimapViewState * this)
0x004b5330;renderMinimapTileStripWithLuminescence;void renderMinimapTileStripWithLuminescence(MinimapViewState * this, uint param_1, int param_2, int param_3, uint param_4, int param_5)
0x004b58d0;renderMinimapTileColors;void renderMinimapTileColors(MinimapViewState * this, uint param_1, int param_2, int param_3, int param_4, uint param_5)
0x004b5f70;locatePlayerKeepPositionsOnMinimap;void locatePlayerKeepPositionsOnMinimap(MinimapViewState * this, uint param_1, int param_2, int param_3)
0x004b61f0;generateMinimapImage;void generateMinimapImage(MinimapViewState * this)
0x004b6320;convertLoadedMinimapColors;void convertLoadedMinimapColors(MinimapViewState * this)
0x004b6430;setSpawnMoment;void setSpawnMoment(MinimapViewState * this, int x, int y)
0x004b6480;clearOldSpawnMoment;void clearOldSpawnMoment(MinimapViewState * this)
0x004b6500;MenuItemRenderFunction_InGameMenu_MapEventIconUnk;void MenuItemRenderFunction_InGameMenu_MapEventIconUnk(int param_1, ...)
0x004b6530;MenuItemActionHandler_InGameMenu_MapEventIconUnk;void MenuItemActionHandler_InGameMenu_MapEventIconUnk(int param_1, ...)
0x004b65a0;MenuItemRenderFunction_InGameMenu_KeepEnclosedSymbol;void MenuItemRenderFunction_InGameMenu_KeepEnclosedSymbol(int param_1, ...)
0x004b65f0;MenuItemRenderFunction_InGameMenu_BikMessagePlayerShield;void MenuItemRenderFunction_InGameMenu_BikMessagePlayerShield(int param_1, ...)
0x004b6640;setMapPropertyDependingOnMapSize;void setMapPropertyDependingOnMapSize(MinimapViewState * this, uint param_1, int param_2)
0x004b6680;setTileColorsDependingOnMapSize;void setTileColorsDependingOnMapSize(MinimapViewState * this, int param_1, uint param_2)
0x004b66c0;drawMinimap;void drawMinimap(MinimapViewState * this, int xPos, int yPos, int width, int height, uint flags, int xOffset, int yOffset, int widthFactor, int heightFactor, int param_10)
0x004b7300;renderMinimapMain;void renderMinimapMain(MinimapViewState * this)
0x004b7460;renderMinimapLandscaping;void renderMinimapLandscaping(MinimapViewState * this, int xPos, int yPos, int width, int heigth)
0x004b7530;renderMinimapEditor;void renderMinimapEditor(MinimapViewState * this, int xPos, int yPos, int width, int height)
0x004b7600;renderMiniMapForSaving;void renderMiniMapForSaving(MinimapViewState * this, int param_1, int param_2, int param_3, int param_4)
0x004b7700;giveUnitSelectionMoveInstructionNoMatchedSpeed;void giveUnitSelectionMoveInstructionNoMatchedSpeed(TribesState * this, undefined4 tribeID, undefined4 x, undefined4 y, undefined4 rallyBool, undefined4 doRally)
0x004b7730;resetEvent;undefined4 resetEvent(InGameEventUnionVersion * this)
0x004b77a0;initializeScenarioEvent;ScenarioEventCondition * initializeScenarioEvent(InGameEventUnionVersion * this)
0x004b77e0;isValueInRangeOneToTwenty;BOOLEnum isValueInRangeOneToTwenty(MapPropertiesState * this, int param_1)
0x004b7800;importTradingCosts;void importTradingCosts(MapPropertiesState * this)
0x004b7890;mapHasCertainEvent;undefined4 mapHasCertainEvent(MapPropertiesState * this)
0x004b78d0;getEventIDForTimeUntilDefeatEventType;int getEventIDForTimeUntilDefeatEventType(MapPropertiesState * this)
0x004b7930;activateScenarioTypeEvents;void activateScenarioTypeEvents(MapPropertiesState * this)
0x004b7980;determineScenarioMissionTypeAndResetEvents;void determineScenarioMissionTypeAndResetEvents(MapPropertiesState * this)
0x004b7ab0;GetDifficultyMultipliedValue;int GetDifficultyMultipliedValue(int param_1)
0x004b7af0;playVideoOverMap;void playVideoOverMap(AIMessageQueue * this, char * binkFileName, char * sfxFileName)
0x004b7c90;playAiLordMessage;void playAiLordMessage(AIMessageQueue * this, int param_1, int param_2)
0x004b7f60;PlayAMessageFromAI;void PlayAMessageFromAI(uint param_1, int param_2)
0x004b7fa0;sumUnitPoints;void sumUnitPoints(MapPropertiesState * this)
0x004b8000;sumUnitCounts;void sumUnitCounts(MapPropertiesState * this)
0x004b8050;MenuView_General_DoInitial_OnlySetMenuXY;void MenuView_General_DoInitial_OnlySetMenuXY(void)
0x004b8080;MenuView_EditScenario_DoEveryFrame;void MenuView_EditScenario_DoEveryFrame(void)
0x004b8200;SumUnitPoints;void SumUnitPoints(void)
0x004b8210;RestoreScenarioGold;void RestoreScenarioGold(void)
0x004b8220;MenuItemActionHandler_EditScenario_BaseMenuButtons;void MenuItemActionHandler_EditScenario_BaseMenuButtons(int param_1, ...)
0x004b8990;MenuItemActionHandler_EditScenario_DateYearBox;void MenuItemActionHandler_EditScenario_DateYearBox(int param_1, ...)
0x004b8a50;MenuItemActionHandler_EditScenario_Scrollbar;void MenuItemActionHandler_EditScenario_Scrollbar(int param_1, int param_2, int * minValue, int * maxValue, int * currentValue)
0x004b8b10;MenuItemActionHandler_EditScenario_EventAndInvasionList;void MenuItemActionHandler_EditScenario_EventAndInvasionList(int param_1, ...)
0x004b8bf0;MenuItemRenderFunction_EditScenario_EventAndInvasionList;void MenuItemRenderFunction_EditScenario_EventAndInvasionList(int param_1, ...)
0x004b9020;MenuItemActionHandler_EditScenario_UpDownButtons;void MenuItemActionHandler_EditScenario_UpDownButtons(int param_1, ...)
0x004b9060;MenuItemRenderFunction_EditScenario_UpDownButtons;void MenuItemRenderFunction_EditScenario_UpDownButtons(int param_1, ...)
0x004b9110;MenuItemActionHandler_NewInvasion_UnitButtons;void MenuItemActionHandler_NewInvasion_UnitButtons(int unitTypeMenuID, ...)
0x004b92d0;MenuItemRenderFunction_NewInvasion_UnitButtons;void MenuItemRenderFunction_NewInvasion_UnitButtons(int param_1, ...)
0x004b94a0;MenuItemActionHandler_NewInvasion_RepeatSlider;void MenuItemActionHandler_NewInvasion_RepeatSlider(int param_1, int param_2, int * minValue, int * maxValue, int * currentValue)
0x004b9530;MenuItemRenderFunction_NewInvasion_RepeatSlider;void MenuItemRenderFunction_NewInvasion_RepeatSlider(int param_1, int thumbXPos, int sliderValue, int thumbWidth, BOOLEnum isDragged)
0x004b9610;CaptureCurrentTimeToUnknownTime01;void CaptureCurrentTimeToUnknownTime01(void)
0x004b9620;MenuItemActionHandler_NewEventCondition_Main;void MenuItemActionHandler_NewEventCondition_Main(int param_1, ...)
0x004b9c00;MenuItemActionHandler_NewEventAction_Main;void MenuItemActionHandler_NewEventAction_Main(int param_1, ...)
0x004b9e50;MenuItemActionHandler_General_EventSlider;void MenuItemActionHandler_General_EventSlider(int param_1, int param_2, int * minValue, int * maxValue, int * currentValue)
0x004ba3c0;MenuItemRenderFunction_General_EventSlider;void MenuItemRenderFunction_General_EventSlider(int param_1, int thumbYPos, int param_3, int thumbHeight, BOOL isDragged)
0x004ba560;MenuItemActionHandler_UnusedCreateMessageEvent_Unknown;void MenuItemActionHandler_UnusedCreateMessageEvent_Unknown(int index, ...)
0x004ba5c0;MenuItemActionHandler_SiegeAttackingForceAndStartGoods_Main;void MenuItemActionHandler_SiegeAttackingForceAndStartGoods_Main(int param_1, ...)
0x004ba780;MenuItemActionHandler_TraderSettings;void MenuItemActionHandler_TraderSettings(int param_1, ...)
0x004ba7d0;sortEventsByDate;void sortEventsByDate(MapPropertiesState * this)
0x004ba8b0;removeEventAtIndex;void removeEventAtIndex(MapPropertiesState * this, int param_1)
0x004ba910;RenderScenarioButtonWithText;void RenderScenarioButtonWithText(int textNumInGroup)
0x004ba980;MenuItemRenderFunction_UnusedCreateMessageEvent_Buttons;void MenuItemRenderFunction_UnusedCreateMessageEvent_Buttons(int param_1, ...)
0x004bac20;MenuItemRenderFunction_EditScenario_StartDateMonth;void MenuItemRenderFunction_EditScenario_StartDateMonth(int param_1, ...)
0x004bac90;MenuItemRenderFunction_EditScenario_StartDate;void MenuItemRenderFunction_EditScenario_StartDate(int param_1, ...)
0x004bad70;MenuItemActionHandler_General_MessageScrollbar;void MenuItemActionHandler_General_MessageScrollbar(int param_1, int param_2, int * minValue, int * maxValue, int * currentValue)
0x004bae30;MenuItemRenderFunction_General_Scrollbar;void MenuItemRenderFunction_General_Scrollbar(int param_1, int thumbYPos, int param_3, int thumbHeight, BOOLEnum isDragged)
0x004bae80;MenuItemRenderFunction_General_MessageScrollbarUpDown;void MenuItemRenderFunction_General_MessageScrollbarUpDown(int param_1, ...)
0x004baec0;commitBuildingAvailability;void commitBuildingAvailability(MapPropertiesState * this)
0x004bb010;isMapperAvailable;BOOLEnum isMapperAvailable(MapPropertiesState * this, MappersEnum param_1)
0x004bb0b0;isMercRecruitableForBuildingType;int isMercRecruitableForBuildingType(MapPropertiesState * this, int param_1)
0x004bb0d0;MenuItemRenderFunction_BuildingAvailability_Buttons;void MenuItemRenderFunction_BuildingAvailability_Buttons(int param_1, ...)
0x004bb2c0;MenuItemActionHandler_BuildingAvailability_Buttons;void MenuItemActionHandler_BuildingAvailability_Buttons(int param_1, ...)
0x004bb3e0;MenuItemRenderFunction_BuildingAvailability_TableRows;void MenuItemRenderFunction_BuildingAvailability_TableRows(int param_1, ...)
0x004bb480;MenuItemActionHandler_BuildingAvailability_Scrollbar;void MenuItemActionHandler_BuildingAvailability_Scrollbar(int param_1, int param_2, int * minValue, int * maxValue, int * currentValue)
0x004bb540;MenuItemActionHandler_DisableEuroTroops_Main;void MenuItemActionHandler_DisableEuroTroops_Main(int param_1, ...)
0x004bb570;MenuItemRenderFunction_DisableEuroTroops_Main;void MenuItemRenderFunction_DisableEuroTroops_Main(int param_1, ...)
0x004bb650;MenuItemActionHandler_DisableArabTroops_Main;void MenuItemActionHandler_DisableArabTroops_Main(int param_1, ...)
0x004bb680;MenuItemRenderFunction_DisableArabTroops_Main;void MenuItemRenderFunction_DisableArabTroops_Main(int param_1, ...)
0x004bb740;MenuItemActionHandler_DisableWeapon_Main;void MenuItemActionHandler_DisableWeapon_Main(int param_1, ...)
0x004bb7b0;MenuItemRenderFunction_DisableWeapon_Main;void MenuItemRenderFunction_DisableWeapon_Main(int param_1, ...)
0x004bb900;resetEuroUnitRestrictions;void resetEuroUnitRestrictions(MapPropertiesState * this)
0x004bb990;pruneInvalidEventTriggerLinks;void pruneInvalidEventTriggerLinks(MapPropertiesState * this)
0x004bb9f0;openEventTriggerMenu;void openEventTriggerMenu(MapPropertiesState * this, undefined4 eventType)
0x004bba20;sumInvasionEventUnitCount;void sumInvasionEventUnitCount(MapPropertiesState * this)
0x004bba60;MenuItemRenderFunction_General_CreateEventCallbackFunction;void MenuItemRenderFunction_General_CreateEventCallbackFunction(int param_1, ...)
0x004bbd90;MenuItemActionHandler_TriggerInvasion_Main;void MenuItemActionHandler_TriggerInvasion_Main(int param_1, ...)
0x004bbf40;MenuItemRenderFunction_TriggerInvasion_Main;void MenuItemRenderFunction_TriggerInvasion_Main(int param_1, ...)
0x004bc110;adjustEventMonthAndYearForSection1047;void adjustEventMonthAndYearForSection1047(MapPropertiesState * this)
0x004bc1c0;spawnAttackWaveForPlayer;void spawnAttackWaveForPlayer(MapPropertiesState * this, int param_1, int param_2, int param_3, int param_4, int param_5, undefined4 param_6)
0x004bc5b0;FileExists;BOOLEnum FileExists(char * param_1)
0x004bc5f0;initTutorialStepTransition;void initTutorialStepTransition(int param_1)
0x004bc620;GetCurrentTutorialStep;undefined4 GetCurrentTutorialStep(void)
0x004bc630;recordTutorialPlayerAction;void recordTutorialPlayerAction(int param_1)
0x004bc690;SetTutorialBuildingActionState;void SetTutorialBuildingActionState(int param_1, BuildingType buildingType)
0x004bc6c0;resetTutorialActionTrackers;void resetTutorialActionTrackers(void)
0x004bc6f0;FUN_004bc6f0;undefined FUN_004bc6f0(void)
0x004bc770;SetTutorialHintActiveWithTimestamp;void SetTutorialHintActiveWithTimestamp(void)
0x004bc790;renderAnimatedTutorialFloatOverlay;void renderAnimatedTutorialFloatOverlay(int param_1, int param_2)
0x004bc910;renderTutorialFloatForUIElement;void renderTutorialFloatForUIElement(int param_1)
0x004bcba0;MenuModalRenderFunction_TutorialBox;void MenuModalRenderFunction_TutorialBox(int x, int y, int width, int height)
0x004bcec0;MenuItemActionHandler_TutorialBox_Main;void MenuItemActionHandler_TutorialBox_Main(int param_1, ...)
0x004bd0f0;MenuItemRenderFunction_TutorialBox_Main;void MenuItemRenderFunction_TutorialBox_Main(int param_1, ...)
0x004bd1b0;updateTutorialStepAndProgress;void updateTutorialStepAndProgress(void)
0x004bd800;Tutorial_IsActionAllowed;BOOLEnum Tutorial_IsActionAllowed(undefined4 actionType, int actionParam)
0x004bd980;createScenarioEventForNextMonth;void createScenarioEventForNextMonth(MapPropertiesState * this)
0x004bda80;createChainedMissionOutcomeEvents;void createChainedMissionOutcomeEvents(MapPropertiesState * this, int param_1)
0x004bde40;computeMissionCompletionScore;void computeMissionCompletionScore(MapPropertiesState * this)
0x004be590;setStartingYearAndStartingResources;void setStartingYearAndStartingResources(MapPropertiesState * this)
0x004be7e0;playEventVideoBik;undefined playEventVideoBik(void)
0x004be8a0;prepareSFXandVFX;void prepareSFXandVFX(AIMessageQueue * this, char * messageText, char * messageVfxFile, char * messageSfxFile, int param_4)
0x004be960;playNextStoredAIMessage;BOOLEnum playNextStoredAIMessage(AIMessageQueue * this)
0x004bea90;playBikVideoFromPlayer;void playBikVideoFromPlayer(AIMessageQueue * this, int playerIndex, int aiType, int messageType)
0x004beb20;updateEventYearsAndCommitBuildingAvailability;void updateEventYearsAndCommitBuildingAvailability(MapPropertiesState * this)
0x004bec10;MenuView_EditScenario_Prepare;void MenuView_EditScenario_Prepare(void)
0x004bec40;MenuItemRenderFunction_EditScenario_BaseMenuButtons;void MenuItemRenderFunction_EditScenario_BaseMenuButtons(int param_1, ...)
0x004bf1d0;MenuItemRenderFunction_EditScenario_TextBoxLike;void MenuItemRenderFunction_EditScenario_TextBoxLike(int param_1, ...)
0x004bf720;MenuItemActionHandler_UnusedChooseMessageBox_Unknown;void MenuItemActionHandler_UnusedChooseMessageBox_Unknown(int param_1, ...)
0x004bf760;MenuItemActionHandler_NewInvasion_Buttons;void MenuItemActionHandler_NewInvasion_Buttons(int param_1, ...)
0x004bfa60;MenuItemRenderFunction_NewInvasion_Buttons;void MenuItemRenderFunction_NewInvasion_Buttons(int param_1, ...)
0x004bfe20;MenuItemActionHandler_UnusedCreateMessageEvent_SetTextUnk;void MenuItemActionHandler_UnusedCreateMessageEvent_SetTextUnk(int param_1, ...)
0x004bffa0;MenuItemRenderFunction_General_EventButtonAndData;void MenuItemRenderFunction_General_EventButtonAndData(int param_1, ...)
0x004c0040;MenuItemActionHandler_NewEvent_Main;void MenuItemActionHandler_NewEvent_Main(int param_1, ...)
0x004c01b0;MenuItemRenderFunction_NewEventCondition_Main;void MenuItemRenderFunction_NewEventCondition_Main(int param_1, ...)
0x004c0860;MenuItemRenderFunction_NewEventAction_Main;void MenuItemRenderFunction_NewEventAction_Main(int param_1, ...)
0x004c0cf0;MenuItemRenderFunction_SiegeAttackingForceAndStartGoods_Main;void MenuItemRenderFunction_SiegeAttackingForceAndStartGoods_Main(int param_1, ...)
0x004c1070;MenuItemRenderFunction_TraderSettings;void MenuItemRenderFunction_TraderSettings(int param_1, ...)
0x004c1320;removeProcessedInvasionEvents;void removeProcessedInvasionEvents(MapPropertiesState * this)
0x004c13f0;spawnInvasionEventAttackWave;void spawnInvasionEventAttackWave(MapPropertiesState * this)
0x004c1770;MenuItemActionHandler_General_CreateEventCallbackFunction;void MenuItemActionHandler_General_CreateEventCallbackFunction(int param_1, ...)
0x004c2280;updateMilitaryCampaignMissionState;void updateMilitaryCampaignMissionState(MapPropertiesState * this)
0x004c3110;loadMapSiegeHeaderSections;void loadMapSiegeHeaderSections(MapPropertiesState * this, char * param_1)
0x004c31a0;processSingleplayerEvents;void processSingleplayerEvents(MapPropertiesState * this)
0x004c62a0;playNextStoredBinkVideo;void playNextStoredBinkVideo(AIMessageQueue * this)
0x004c62c0;loadMap;void loadMap(MapPropertiesState * this, char * mapName)
0x004c6820;loadMapSiegeHeaderForMissionIndex;void loadMapSiegeHeaderForMissionIndex(MapPropertiesState * this, char * param_1)
0x004c6880;loadMissionMapAndSetLord;void loadMissionMapAndSetLord(MapPropertiesState * this, int missionNumber)
0x004c68d0;SetupSkirmishMode;void SetupSkirmishMode(int skirmishTrailMission)
0x004c6b20;LoadSkirmishCampaignData;void LoadSkirmishCampaignData(int missionID)
0x004c6cd0;StoreTime;int StoreTime(void)
0x004c6d30;wipeAICMemory;void wipeAICMemory(AICState * this)
0x004c6d60;setAICParameters_01;void setAICParameters_01(AICState * this, int aicID)
0x004c7120;setAICParameters_02;void setAICParameters_02(AICState * this, int param_1)
0x004c7520;setAICParameters_03;void setAICParameters_03(AICState * this, int param_1)
0x004c7910;setAICParameters_04;void setAICParameters_04(AICState * this, int param_1)
0x004c7d20;setAICParameters_05;void setAICParameters_05(AICState * this, int param_1)
0x004c8110;setAICParameters_06;void setAICParameters_06(AICState * this, int param_1)
0x004c8530;setAICParameters_07;void setAICParameters_07(AICState * this, int param_1)
0x004c8920;setAICParameters_08;void setAICParameters_08(AICState * this, int param_1)
0x004c8d20;setAICParameters_09;void setAICParameters_09(AICState * this, int param_1)
0x004c9120;setAICParameters_10;void setAICParameters_10(AICState * this, int param_1)
0x004c94f0;setAICParameters_11;void setAICParameters_11(AICState * this, int param_1)
0x004c9900;setAICParameters_12;void setAICParameters_12(AICState * this, int param_1)
0x004c9cf0;setAICParameters_13;void setAICParameters_13(AICState * this, int param_1)
0x004ca0c0;setAICParameters_14;void setAICParameters_14(AICState * this, int param_1)
0x004ca4d0;setAICParameters_15;void setAICParameters_15(AICState * this, int param_1)
0x004ca8a0;setAICParameters_16;void setAICParameters_16(AICState * this, int param_1)
0x004cac70;clearPlayerDataInformationChunk;void clearPlayerDataInformationChunk(AICState * this)
0x004cacb0;setTargetForTribeBasedOnTargetChoiceLogic;void setTargetForTribeBasedOnTargetChoiceLogic(AICState * this, int owner, int tribe)
0x004caea0;aiUpdateTaxesAndRations;void aiUpdateTaxesAndRations(AICState * this, int playerID)
0x004cb060;setFoodBuyPlan;void setFoodBuyPlan(AICState * this, int playerID)
0x004cb120;getAIBuildInterval;int getAIBuildInterval(AICState * this, int playerID)
0x004cb150;getResourceRebuildDelay;int getResourceRebuildDelay(AICState * this, int param_1)
0x004cb180;aiFarmChoice;int aiFarmChoice(AICState * this, PlayerID playerID)
0x004cb1b0;setNextFarmTypeToBuild;int setNextFarmTypeToBuild(AICState * this, PlayerID playerID)
0x004cb220;aiShouldBuildFarm;BOOLEnum aiShouldBuildFarm(AICState * this, int playerID)
0x004cb290;aiShouldBuildWoodcutter;BOOLEnum aiShouldBuildWoodcutter(AICState * this, int playerID)
0x004cb330;aiShouldBuildQuarry;uint aiShouldBuildQuarry(AICState * this, PlayerID playerID)
0x004cb3a0;aiRequiresExtraOxtethers;undefined4 aiRequiresExtraOxtethers(AICState * this, int playerID)
0x004cb4d0;aiShouldBuildIronMine;uint aiShouldBuildIronMine(AICState * this, PlayerID playerID)
0x004cb540;aiShouldBuildPitchrig;uint aiShouldBuildPitchrig(AICState * this, PlayerID param_1)
0x004cb5b0;shouldNotBeBuildingHovel;BOOLEnum shouldNotBeBuildingHovel(AICState * this, PlayerID playerID, MappersEnum param_2)
0x004cb610;shouldWaitWithBuildingNegativeFearFactor;BOOLEnum shouldWaitWithBuildingNegativeFearFactor(AICState * this, int param_1, MappersEnum param_2)
0x004cb700;shouldWaitWithBuildingAPositiveFearFactor;BOOLEnum shouldWaitWithBuildingAPositiveFearFactor(AICState * this, int playerID, MappersEnum param_2)
0x004cb810;destroyHouse;BOOLEnum destroyHouse(AICState * this, int playerID)
0x004cb890;shouldDestroyWoodCutterUnk;BOOLEnum shouldDestroyWoodCutterUnk(AICState * this, int playerID)
0x004cb940;destroyBuildingIfNoWorker;undefined4 destroyBuildingIfNoWorker(AICState * this, int buildingID)
0x004cb9f0;shouldNotBuildMarketArmoryGranaryBarracksMercenarypost;BOOLEnum shouldNotBuildMarketArmoryGranaryBarracksMercenarypost(AICState * this, int playerID, MappersEnum param_2)
0x004cba50;planToBuyWhenLowOnResourceAndSnoozeBuildings;void planToBuyWhenLowOnResourceAndSnoozeBuildings(AICState * this, int playerID)
0x004cbe30;setupWorkshopProductionType;void setupWorkshopProductionType(AICState * this, int playerID, int buildingID)
0x004cbfa0;sellGoods;void sellGoods(AICState * this, int playerID, ResourceType resourceType, int amount)
0x004cc000;buyGoods;BOOLEnum buyGoods(AICState * this, int playerID, ResourceType resourceType, int amount)
0x004cc070;randomlySelectAttackUnitTypeToRecruit;AIUnitBehaviourType randomlySelectAttackUnitTypeToRecruit(AICState * this, int playerID)
0x004cc250;getUnitTypeForUnitBehaviourType;UnitType getUnitTypeForUnitBehaviourType(AICState * this, int playerID, AIUnitBehaviourType unitBehaviourType)
0x004cc390;GetUnitTypeIndexForUnitID;AIVUnitType GetUnitTypeIndexForUnitID(int unitID, int param_2)
0x004cc420;generateSiegeCreationInformation;void generateSiegeCreationInformation(AICState * this, int playerID, int buildingID, int unitID)
0x004cc520;aiRecruitEngineers;void aiRecruitEngineers(AICState * this, int playerID)
0x004cc5a0;assignRequiredIdleEngineersToNewTribe;int assignRequiredIdleEngineersToNewTribe(AICState * this, int playerID, int count)
0x004cc680;addEngineersToSelection;int addEngineersToSelection(AICState * this, int playerID, int unitCount)
0x004cc720;addUnitsToTribe166;void addUnitsToTribe166(AICState * this, int playerID)
0x004cc7b0;syncBehaviourType7UnitTribes;void syncBehaviourType7UnitTribes(AICState * this, int param_1)
0x004cc840;aiAddUnitToMoatDiggerTribe;void aiAddUnitToMoatDiggerTribe(AICState * this, int unitID)
0x004cc8d0;unitIDIsRangedOrArmored;undefined4 unitIDIsRangedOrArmored(AICState * this, int unitID)
0x004cc910;createTribeForUnitType;int createTribeForUnitType(AICState * this, int playerID, int unitSelectionTypeIndex)
0x004cc990;smallestTribeOfUnitType;int smallestTribeOfUnitType(AICState * this, int playerID, UnitType unitType)
0x004ccaf0;getSmallestPatrolTribe;int getSmallestPatrolTribe(AICState * this, int playerID, int tribeCount)
0x004ccbe0;getDefensiveTribeForUnit;int getDefensiveTribeForUnit(AICState * this, int playerID, int unitID)
0x004ccd20;addUnitToSmallestBehaviourTypeTribe;int addUnitToSmallestBehaviourTypeTribe(AICState * this, undefined4 playerID, undefined4 param_2, undefined4 aiUnitBehaviourType)
0x004ccfb0;ChecksAndGenerateAITribesForPlayerIfNotExisting;int ChecksAndGenerateAITribesForPlayerIfNotExisting(int playerID, int maxAmount, BOOLEnum checkOnly)
0x004cd070;CheckTribeActivityPercentages;BOOLEnum CheckTribeActivityPercentages(int tribeID, BOOLEnum ignoreShooting, BOOLEnum includeMoving)
0x004cd0c0;sendUnitsToKeep;void sendUnitsToKeep(AICState * this, int tribeID, int playerID)
0x004cd110;sendUnitsToCampfire;void sendUnitsToCampfire(AICState * this, int tribeID, int playerID)
0x004cd160;digNearestMoat;void digNearestMoat(AICState * this, int playerID)
0x004cd250;canNavigateUnitsFromTileToTargetTile;BOOLEnum canNavigateUnitsFromTileToTargetTile(AICState * this, int tribeID, int tile)
0x004cd2a0;recruitHarrassingSiegeEngines;void recruitHarrassingSiegeEngines(AICState * this, int playerID)
0x004cd560;aiRecruitSortieRangedUnits;void aiRecruitSortieRangedUnits(AICState * this, int playerID)
0x004cd690;aiRecruitSortieMeleeUnits;void aiRecruitSortieMeleeUnits(AICState * this, int playerID)
0x004cd7b0;instructTribe166ToMove;void instructTribe166ToMove(AICState * this, int playerID)
0x004cd8f0;giveMoveCommandToSortieUnits;void giveMoveCommandToSortieUnits(AICState * this, int playerID)
0x004cda50;addBuildingToTargetableBuildings;void addBuildingToTargetableBuildings(AICState * this, int buildingID)
0x004cdab0;selectBuildingFromAListOfBuildingTypes;int selectBuildingFromAListOfBuildingTypes(AICState * this, int playerID)
0x004cdb20;chooseRandomBuildingIDFromPlayersArrayOfBuildings;int chooseRandomBuildingIDFromPlayersArrayOfBuildings(AICState * this, int playerID)
0x004cdbc0;getTargetableBuildingForPlayerID;int getTargetableBuildingForPlayerID(AICState * this, int playerID, int param_2)
0x004cdca0;selectRandomBuildingIDFromListOfBuildingTypes;int selectRandomBuildingIDFromListOfBuildingTypes(AICState * this, int playerID, undefined4 param_2)
0x004cdcf0;aiShouldAttackOrWaitForTeamCoordination;BOOLEnum aiShouldAttackOrWaitForTeamCoordination(AICState * this, int playerID)
0x004cde60;setCurrentAttackStrength;void setCurrentAttackStrength(AICState * this, int playerID)
0x004cdf10;setCurrentAttackRaidParameter;void setCurrentAttackRaidParameter(AICState * this, int playerID)
0x004cdfd0;setAttackPrimeInfo;void setAttackPrimeInfo(AICState * this, int playerID, int attackedPlayerID)
0x004ce040;recomputeAIPathCostToAttackedKeep;void recomputeAIPathCostToAttackedKeep(AICState * this, int playerID, int useBorderDistance)
0x004ce110;recomputeAttackAIZone;void recomputeAttackAIZone(AICState * this)
0x004ce1a0;recomputeAIZonerLayer;void recomputeAIZonerLayer(AICState * this)
0x004ce200;computeEnemyKeepApproachTile;void computeEnemyKeepApproachTile(AICState * this, int playerID)
0x004ce3b0;setNextMoveLocationForUnits;void setNextMoveLocationForUnits(AICState * this, int playerID)
0x004ce430;removeOrganismsAndSetMoveDestinationPairs;void removeOrganismsAndSetMoveDestinationPairs(AICState * this, int playerID)
0x004ce4d0;aiRetreatUnits;void aiRetreatUnits(AICState * this, int playerID)
0x004ce5f0;sendUnitsToPlayerIDsKeepIfPossible;void sendUnitsToPlayerIDsKeepIfPossible(AICState * this, int playerID1, int playerID2)
0x004ce790;clearRallyFlagOnAllAIAttackTribes;void clearRallyFlagOnAllAIAttackTribes(AICState * this, int param_1)
0x004ce830;moveAttackTribesToLocations;void moveAttackTribesToLocations(AICState * this, int playerID)
0x004ce930;findAttackTribePositionAndPathToDefenses;void findAttackTribePositionAndPathToDefenses(AICState * this, int playerID)
0x004cea50;makeUnitsGoDefensiveAndBackToSomeLocation;void makeUnitsGoDefensiveAndBackToSomeLocation(AICState * this, int param_1)
0x004ceb50;giveMoveCommandToAttackTribes;void giveMoveCommandToAttackTribes(AICState * this, int playerID)
0x004cec80;aiChoiceAttForceRallyPercentage;BOOLEnum aiChoiceAttForceRallyPercentage(AICState * this, int param_1)
0x004ced90;percentageNonMovingTribesGTEAICSpecified;BOOLEnum percentageNonMovingTribesGTEAICSpecified(AICState * this, int playerID)
0x004ceea0;processAttForceRallyPercentage;BOOLEnum processAttForceRallyPercentage(AICState * this, int playerID)
0x004cefd0;useAITribe_0x12_toPlaceSiegeTentsAndAssignEngineers;void useAITribe_0x12_toPlaceSiegeTentsAndAssignEngineers(AICState * this, int playerID)
0x004cf180;useAITribe_0xe_toPlaceTunnels;void useAITribe_0xe_toPlaceTunnels(AICState * this, int playerID)
0x004cf270;aiCommandTribe13DefensiveWave;void aiCommandTribe13DefensiveWave(AICState * this, int param_1)
0x004cf2e0;aiCommandTribe12AggressiveApproach;void aiCommandTribe12AggressiveApproach(AICState * this, int param_1)
0x004cf400;setTribe0xCtoAggressiveAndAttack;void setTribe0xCtoAggressiveAndAttack(AICState * this, int playerID)
0x004cf470;aiCommandTribe11StandGroundToGate;void aiCommandTribe11StandGroundToGate(AICState * this, int playerID)
0x004cf4f0;sendAITribe_0xf_toAttackPatrol;void sendAITribe_0xf_toAttackPatrol(AICState * this, int playerID)
0x004cf560;setTribe0x11ToAggressiveAndAttackIfConditionMet;void setTribe0x11ToAggressiveAndAttackIfConditionMet(AICState * this, int param_1)
0x004cf5e0;setEightTribe0xc0TribesToAggressiveAndAttack;void setEightTribe0xc0TribesToAggressiveAndAttack(AICState * this, int playerID)
0x004cf660;aiCommandWallAssaultTribes;void aiCommandWallAssaultTribes(AICState * this, int param_1)
0x004cf6e0;setTribe0xbToAggressiveAndAttack;void setTribe0xbToAggressiveAndAttack(AICState * this, int playerID)
0x004cf750;sendTribeToAttack;void sendTribeToAttack(AICState * this, int playerID)
0x004cf7c0;commandFourTribesToMove;void commandFourTribesToMove(AICState * this, int playerID)
0x004cf870;clearOutdatedAITribes;void clearOutdatedAITribes(AICState * this, int playerID)
0x004cf920;giveSomeRaidCommand;undefined4 giveSomeRaidCommand(AICState * this, int tribeIndex, int tribeType)
0x004cfa10;addRallyPointForTribe;void addRallyPointForTribe(AICState * this, int tribeID)
0x004cfb20;disbandAIPlayerSiegeUnits;void disbandAIPlayerSiegeUnits(AICState * this, int playerID)
0x004cfbc0;countSiegeEngineUnits;int countSiegeEngineUnits(AICState * this, int playerID)
0x004cfcd0;aiCommandSiegeEngineTribes;void aiCommandSiegeEngineTribes(AICState * this, int playerID)
0x004cff60;yieldCowThrow;BOOLEnum yieldCowThrow(AICState * this, int playerID)
0x004cffd0;hasNoTroopsOrAllAreDiggers;BOOLEnum hasNoTroopsOrAllAreDiggers(AICState * this, int playerID)
0x004d00a0;hasNotEnoughSupplies;BOOLEnum hasNotEnoughSupplies(AICState * this, int playerID)
0x004d0110;setAttackCoordinationLevel;void setAttackCoordinationLevel(AICState * this, int playerID)
0x004d0190;teamIsWeakRelativeToEnemy;BOOLEnum teamIsWeakRelativeToEnemy(AICState * this, int playerID, BOOLEnum param_2)
0x004d0280;destroyAnyBuildingInCategory;void destroyAnyBuildingInCategory(AICState * this, int playerID, AINervousDestroyBuildingCategory buildingCategory)
0x004d0520;isResourceLargerOrEqualThanMinimumGoodsRequiredAfterTrade;BOOLEnum isResourceLargerOrEqualThanMinimumGoodsRequiredAfterTrade(AICState * this, int playerID, ResourceType resourceType, int buffer)
0x004d0580;aiOfTypeInCurrentGame;BOOLEnum aiOfTypeInCurrentGame(AICState * this, int param_1)
0x004d05d0;shareGoldAmongTeamMembers;int shareGoldAmongTeamMembers(AICState * this, int playerID, int gold)
0x004d07c0;playTauntToAttackedPlayerBikFromPlayer;void playTauntToAttackedPlayerBikFromPlayer(AICState * this, int playerID)
0x004d0830;playAnger1BikFromPlayer;void playAnger1BikFromPlayer(AICState * this, int playerID)
0x004d08b0;playPlayerKilledBiksFromKilledAndKillerPlayer;void playPlayerKilledBiksFromKilledAndKillerPlayer(AICState * this, int killerPlayerID, int killedPlayerID)
0x004d0a20;playGoodsRequestBikFromPlayerToPlayer;void playGoodsRequestBikFromPlayerToPlayer(AICState * this, int playerID, int targetPlayerID)
0x004d0a80;playThanksBikFromPlayerToPlayer;void playThanksBikFromPlayerToPlayer(AICState * this, int playerID, int targetPlayerID)
0x004d0b10;playNervous2BikFromPlayer;void playNervous2BikFromPlayer(AICState * this, int playerID)
0x004d0b70;playGoodsNotSentBikFromPlayer;void playGoodsNotSentBikFromPlayer(AICState * this, int playerID)
0x004d0bb0;playGoodsSentBikFromPlayerToPlayer;void playGoodsSentBikFromPlayerToPlayer(AICState * this, int playerID, int targetPlayerID)
0x004d0c00;playAnger2BikFromPlayerToPlayer;void playAnger2BikFromPlayerToPlayer(AICState * this, int playerID, int targetPlayerID)
0x004d0c70;playVictory2BikFromPlayerToPlayer;void playVictory2BikFromPlayerToPlayer(AICState * this, int playerID, int targetPlayerID)
0x004d0cf0;playNervous1BikFromPlayer;void playNervous1BikFromPlayer(AICState * this, int playerID)
0x004d0d40;playRequestHelpBikFromPlayer;void playRequestHelpBikFromPlayer(AICState * this, int playerID)
0x004d0db0;PlayWillNotHelp1BikFromPlayerToPlayer;void PlayWillNotHelp1BikFromPlayerToPlayer(int playerID, int targetPlayerID)
0x004d0e00;PlayWillNotHelp2BikFromPlayerToPlayer;void PlayWillNotHelp2BikFromPlayerToPlayer(int playerID, int targetPlayerID)
0x004d0e50;PlayWillHelpBikFromPlayerToPlayer;void PlayWillHelpBikFromPlayerToPlayer(int playerID, int targetPlayerID)
0x004d0ea0;PlayWillNotAttack1BikFromPlayerToPlayer;void PlayWillNotAttack1BikFromPlayerToPlayer(int playerID, int targetPlayerID)
0x004d0ef0;PlayWillNotAttack2BikFromPlayerToPlayer;void PlayWillNotAttack2BikFromPlayerToPlayer(int playerID, int targetPlayerID)
0x004d0f40;PlayWillAttackBikFromPlayerToPlayer;void PlayWillAttackBikFromPlayerToPlayer(int playerID, int targetPlayerID)
0x004d0f90;playJokeBikFromAIToHuman;void playJokeBikFromAIToHuman(AICState * this, int playerID, int aiType)
0x004d0fc0;playFriendlyVictoryBikFromPlayer;void playFriendlyVictoryBikFromPlayer(AICState * this, int playerID)
0x004d1000;playTeamWinningBikFromPlayer;void playTeamWinningBikFromPlayer(AICState * this, int playerID)
0x004d1050;playNoHelpBikFromPlayer;void playNoHelpBikFromPlayer(AICState * this, int playerID)
0x004d1090;setTriggerForAITauntResponse;void setTriggerForAITauntResponse(AICState * this)
0x004d10b0;someChatMessageSelection;void someChatMessageSelection(AICState * this)
0x004d12a0;getCurrentDesiredAttackRaidUnitCount;undefined getCurrentDesiredAttackRaidUnitCount(void)
0x004d1320;renderDebugDataAiInfo;void renderDebugDataAiInfo(AICState * this, int x, int y, int width, int height)
0x004d1700;StoreCurrentGameIntoTemporarySKMasterEntry;BOOLEnum StoreCurrentGameIntoTemporarySKMasterEntry(int score)
0x004d18b0;setInitialAIC;void setInitialAIC(AICState * this)
0x004d1950;aiRegisterTribeAndAssignTarget;void aiRegisterTribeAndAssignTarget(AICState * this, int tribeID, int tribeUID)
0x004d1a00;decideOnTribeAttackLocation;void decideOnTribeAttackLocation(AICState * this, uint tribeID_OR_moatWasHit)
0x004d1d60;sellExcessGoods;void sellExcessGoods(AICState * this, int param_1)
0x004d1f00;requestGoods;void requestGoods(AICState * this, int playerID, ResourceType resourceType, int amount)
0x004d2000;aiCreateSiegeUnits;void aiCreateSiegeUnits(AICState * this, int playerID)
0x004d2500;aiRecruitEngineerForOilDuty;void aiRecruitEngineerForOilDuty(AICState * this, int playerID)
0x004d2660;assignUnitToATribe;void assignUnitToATribe(AICState * this, int unitID)
0x004d2730;addUnitToSmallestPatrolTribe;void addUnitToSmallestPatrolTribe(AICState * this, int unitID)
0x004d2790;aiAssignUnitToDefensiveTribe;void aiAssignUnitToDefensiveTribe(AICState * this, int unitID)
0x004d27e0;addUnitToItsTribe;void addUnitToItsTribe(AICState * this, int unitID, int aiUnitBehaviourType)
0x004d2830;ifHasTribe0SendUnitsToKeep;void ifHasTribe0SendUnitsToKeep(AICState * this, int playerID)
0x004d2870;sendTribeAtOffset1ToCampfire;void sendTribeAtOffset1ToCampfire(AICState * this, int playerID)
0x004d28b0;aiGiveOuterPatrolCommand;void aiGiveOuterPatrolCommand(AICState * this, int playerID)
0x004d2a70;aiGiveRaidInstructions;void aiGiveRaidInstructions(AICState * this, int playerID)
0x004d2e00;sendTribeToAIVLocationSlot;void sendTribeToAIVLocationSlot(AICState * this, int tribeID, AIVUnitType aivUnitType, int slotIndex)
0x004d2ec0;computeAttackPossibilities;void computeAttackPossibilities(AICState * this, int playerID)
0x004d2f80;moveAttackingUnitsToNextRallyPoint;void moveAttackingUnitsToNextRallyPoint(AICState * this, int playerID)
0x004d30e0;sendUnitsToAttackBreachedCastle;undefined4 sendUnitsToAttackBreachedCastle(AICState * this, int attackingPlayerIndex)
0x004d3320;updateAIStrengthState;void updateAIStrengthState(AICState * this, int playerID, int aiRecruitUnitChoicePreference)
0x004d3780;computeNervousness;void computeNervousness(AICState * this, int playerID)
0x004d3850;determineAIPlayerHelp;BOOLEnum determineAIPlayerHelp(AICState * this, int playerID, int requestedByPlayerID)
0x004d38c0;determineAIPlayerAttackRequestResponse;BOOLEnum determineAIPlayerAttackRequestResponse(AICState * this, int playerID, undefined4 param_2, int requestedByPlayerID)
0x004d3940;Constructor_AICState;AICState * Constructor_AICState(AICState * this)
0x004d3960;makeOutpostTribesAttack;void makeOutpostTribesAttack(AICState * this)
0x004d39b0;buyRequiredGoods;void buyRequiredGoods(AICState * this, int param_1)
0x004d3ae0;aiRecruitUnits;void aiRecruitUnits(AICState * this, int playerID)
0x004d3f20;aiAssignMoatDiggers;void aiAssignMoatDiggers(AICState * this, int playerID)
0x004d4040;addEngineersToTribe;void addEngineersToTribe(AICState * this, int playerID)
0x004d40b0;aiReassignTunnelersToTribe;void aiReassignTunnelersToTribe(AICState * this, int param_1)
0x004d4130;sendRangedUnitTribesToAIVSlotsOrKeepIfNervous;void sendRangedUnitTribesToAIVSlotsOrKeepIfNervous(AICState * this, int playerID)
0x004d4220;sendCertainUnitTribesToAIVSlotsOrKeepIfNervousAndNotEnclosed;void sendCertainUnitTribesToAIVSlotsOrKeepIfNervousAndNotEnclosed(AICState * this, int playerID)
0x004d4340;sendWallPatrolUnitTribesToAIVLocations;void sendWallPatrolUnitTribesToAIVLocations(AICState * this, int playerID)
0x004d44e0;sendOilMenForOilPickupOrToAIVLocations;void sendOilMenForOilPickupOrToAIVLocations(AICState * this, int playerID)
0x004d45e0;abortAttackAndGoIdle;void abortAttackAndGoIdle(AICState * this, int playerID)
0x004d4630;recreateEngineersTribe;void recreateEngineersTribe(AICState * this, int playerID)
0x004d4680;selectAttackTarget;void selectAttackTarget(AICState * this, int playerID)
0x004d48f0;aiBuyAndSellGoods;void aiBuyAndSellGoods(AICState * this, int playerID)
0x004d4940;updateTribeLocations;void updateTribeLocations(AICState * this, int playerID)
0x004d49e0;updateAIPlayerState;void updateAIPlayerState(AICState * this, int playerID)
0x004d5010;readSkMasters2;void readSkMasters2(void)
0x004d5180;WriteSkMasters2;void WriteSkMasters2(void)
0x004d52a0;StoreGameIntoSKMasters;void StoreGameIntoSKMasters(int score)
0x004d5370;SkirmishLeaderboard_DeleteEntry;void SkirmishLeaderboard_DeleteEntry(int index)
0x004d53e0;updateAIBehaviour;void updateAIBehaviour(AICState * this)
0x004d55d0;MenuView_GameLost_Prepare;void MenuView_GameLost_Prepare(void)
0x004d5780;ComputeSkMasterScore;int ComputeSkMasterScore(int playerID)
0x004d5810;RenderGreatestLordScreen;void RenderGreatestLordScreen(void)
0x004d6bc0;MenuItemActionHandler_MissionEndscreen_Main;void MenuItemActionHandler_MissionEndscreen_Main(int param_1, ...)
0x004d6d20;MenuItemRenderFunction_MissionEndscreen_Main;void MenuItemRenderFunction_MissionEndscreen_Main(int param_1, ...)
0x004d6ef0;MenuView_CampaignUnk_DoEveryFrame;void MenuView_CampaignUnk_DoEveryFrame(void)
0x004d6f20;MenuItemActionHandler_Unknown27CampaignUnk_Main;void MenuItemActionHandler_Unknown27CampaignUnk_Main(int param_1, ...)
0x004d6f60;ParseCampaignMapHotspotBitmap;void ParseCampaignMapHotspotBitmap(void)
0x004d7200;ResetEventStatusUnk;void ResetEventStatusUnk(void)
0x004d76a0;RenderMissionObjectivesUnk;int RenderMissionObjectivesUnk(void)
0x004d8250;MenuItemRenderFunction_ScenarioDescription_Main;void MenuItemRenderFunction_ScenarioDescription_Main(int param_1, ...)
0x004d8570;MenuItemActionHandler_ScenarioDescription_Main;void MenuItemActionHandler_ScenarioDescription_Main(int param_1, ...)
0x004d8a20;ReadMapHeaderFromFile;void ReadMapHeaderFromFile(char * param_1)
0x004d8ab0;MenuView_CrusadeMissionIntro_Prepare;void MenuView_CrusadeMissionIntro_Prepare(void)
0x004d8ae0;RenderPlayerAvatars;void RenderPlayerAvatars(int imageID, int x, int y)
0x004d8bb0;MenuItemRenderFunction_CrusadeMissionIntro_Main;void MenuItemRenderFunction_CrusadeMissionIntro_Main(int param_1, ...)
0x004d8c10;MenuItemActionHandler_CrusadeMissionIntro_Main;void MenuItemActionHandler_CrusadeMissionIntro_Main(int param_1, ...)
0x004d8cb0;MenuView_CrusadeMap_Prepare;void MenuView_CrusadeMap_Prepare(void)
0x004d8df0;MenuItemRenderFunction_General_CrusadeMapAndEndscreen;void MenuItemRenderFunction_General_CrusadeMapAndEndscreen(int param_1, ...)
0x004d8ec0;MenuItemActionHandler_CrusadeMap_Main;void MenuItemActionHandler_CrusadeMap_Main(int param_1, ...)
0x004d91d0;MenuView_CrusadeEndscreen_DoInitial;void MenuView_CrusadeEndscreen_DoInitial(void)
0x004d9230;MenuItemActionHandler_CrusadeEndscreen_Main;void MenuItemActionHandler_CrusadeEndscreen_Main(int param_1, ...)
0x004d9270;SetActiveCreditsSequenceIndex;void SetActiveCreditsSequenceIndex(undefined4 param_1)
0x004d9290;Skirmish_SortAIOpponentOrder;void Skirmish_SortAIOpponentOrder(int reverseOrder)
0x004d9400;Skirmish_PrepareLeaderboardView;void Skirmish_PrepareLeaderboardView(void)
0x004d9700;MenuView_RankingGames_Prepare;void MenuView_RankingGames_Prepare(void)
0x004d9730;MenuItemActionHandler_RankingGames_Main;void MenuItemActionHandler_RankingGames_Main(int param_1, ...)
0x004d99f0;MenuItemRenderFunction_RankingGames_Main;void MenuItemRenderFunction_RankingGames_Main(int param_1, ...)
0x004d9b30;MenuItemActionHandler_RankingGames_Scrollbar;void MenuItemActionHandler_RankingGames_Scrollbar(int param_1, int param_2, int * minValue, int * maxValue, int * currentValue)
0x004d9c10;MenuItemRenderFunction_RankingGames_Scrollbar;void MenuItemRenderFunction_RankingGames_Scrollbar(int param_1, int thumbYPos, int param_3, int thumbHeight, BOOLEnum isDragged)
0x004d9cc0;MenuModalRenderFunctionMenuModal_DeleteGameRecord;void MenuModalRenderFunctionMenuModal_DeleteGameRecord(int x, int y, int width, int height)
0x004d9d60;MenuItemActionHandler_DeleteGameRecord_Main;void MenuItemActionHandler_DeleteGameRecord_Main(int param_1, ...)
0x004d9d90;TacticalPowersFill;void TacticalPowersFill(void)
0x004d9db0;MenuModalRenderFunction_TacticalPowerBar;void MenuModalRenderFunction_TacticalPowerBar(int x, int y, int width, int height)
0x004d9ec0;MenuItemRenderFunction_TacticalPowerBar_Main;void MenuItemRenderFunction_TacticalPowerBar_Main(int param_1, ...)
0x004da050;MenuItemActionHandler_TacticalPowerBar_Main;void MenuItemActionHandler_TacticalPowerBar_Main(int param_1, ...)
0x004da180;StopCreditsPlaybackAndSounds;void StopCreditsPlaybackAndSounds(void)
0x004da200;EndCreditsSegmentAndAdvanceToNext;void EndCreditsSegmentAndAdvanceToNext(void)
0x004da300;resetCredits;void resetCredits(void)
0x004da360;ColorEntireScreen;void ColorEntireScreen(ushort color)
0x004da570;RenderGfxHelperUnk;void RenderGfxHelperUnk(int loadedGfxIndex, int xPosInMenuRect, int yPosInMenuRect)
0x004da640;RenderMenuGfxHelper;void RenderMenuGfxHelper(int gfxIndex, int x, int y, int blendStrength)
0x004da670;DrawLoadedMenuStringHelper;void DrawLoadedMenuStringHelper(int loadedMenuStringIndex, int xPos, int yPos, int maxWidth, uint color, int fontSize, BOOLEnum isSingleLine)
0x004da6e0;DrawLoadedMenuStringHelperWithBlending;void DrawLoadedMenuStringHelperWithBlending(int loadedMenuStringIndex, int xPos, int yPos, int maxWidth, uint color, int fontSize, BOOLEnum isSingleLine, int blendStrength)
0x004da750;StoreStringInMenuStringArray;void StoreStringInMenuStringArray(char * textToStore)
0x004da7a0;AppendCreditsSoundEntry;void AppendCreditsSoundEntry(undefined4 param_1, undefined4 param_2)
0x004da7e0;AppendCreditsCommand;void AppendCreditsCommand(undefined4 param_1)
0x004da810;AppendCreditsListTerminator;void AppendCreditsListTerminator(void)
0x004da840;AppendCreditsPauseCommand;void AppendCreditsPauseCommand(void)
0x004da870;AppendCreditsSegmentEndCommand;void AppendCreditsSegmentEndCommand(void)
0x004da8a0;AppendCreditsClearImageCommand;void AppendCreditsClearImageCommand(void)
0x004da8d0;AppendCreditsImageTransitionCommand;void AppendCreditsImageTransitionCommand(int param_1, int param_2, undefined4 param_3, undefined4 param_4, undefined4 param_5)
0x004da9a0;AppendCreditsImageEndCommand;void AppendCreditsImageEndCommand(int param_1, int param_2)
0x004da9f0;AppendCreditsShowImageCommand;void AppendCreditsShowImageCommand(int param_1, int param_2, undefined4 param_3, undefined4 param_4, undefined4 param_5, undefined4 param_6, undefined4 param_7, undefined4 param_8)
0x004daa80;AppendCreditsBinkVideoCommand;void AppendCreditsBinkVideoCommand(undefined4 param_1, char * param_2, undefined4 param_3, undefined4 param_4, undefined4 param_5, undefined4 param_6)
0x004dab00;AppendCreditsFixedImageCommand;void AppendCreditsFixedImageCommand(int param_1, undefined4 param_2, undefined4 param_3)
0x004dab80;AppendCreditsBinkVideoWithAudioCommand;void AppendCreditsBinkVideoWithAudioCommand(char * param_1, undefined4 param_2, int param_3, undefined4 param_4)
0x004dabf0;AppendCreditsSoundStreamCommand;void AppendCreditsSoundStreamCommand(undefined4 param_1, undefined4 param_2)
0x004dac30;AppendCreditsTextCommand;void AppendCreditsTextCommand(int param_1, int param_2, undefined4 param_3, undefined4 param_4, undefined4 param_5, undefined4 param_6, undefined4 param_7, undefined4 param_8)
0x004dacf0;AppendCreditsTextEndCommand;void AppendCreditsTextEndCommand(int param_1, int param_2)
0x004dad40;InsertElementIntoAnArrayAt_ec0348;void InsertElementIntoAnArrayAt_ec0348(int state, undefined4 xSpace, undefined4 param_3, undefined4 ySpace, undefined4 someX, undefined4 someY, undefined4 param_7, int param_8, undefined4 param_9)
0x004dae00;InsertElementIntoArrayAt_ec0348_3;void InsertElementIntoArrayAt_ec0348_3(int param_1, undefined4 param_2, undefined4 param_3, undefined4 param_4, undefined4 param_5, undefined4 param_6, undefined4 param_7, undefined4 param_8)
0x004dae90;InsertElementIntoArrayAt_ec0348_2;void InsertElementIntoArrayAt_ec0348_2(int param_1, undefined4 xSpace, undefined4 param_3, undefined4 param_4, undefined4 ySpace, undefined4 someX, int param_7, undefined4 someY, undefined4 param_9)
0x004daf50;LoadScoresFileToMemory;void LoadScoresFileToMemory(char * filename)
0x004dafb0;RenderTextPageProgressBar;void RenderTextPageProgressBar(void)
0x004db0d0;DisplayFullScreenTextPage;void DisplayFullScreenTextPage(int param_1)
0x004db180;BuildIntroLogoSequence;void BuildIntroLogoSequence(undefined4 param_1, undefined4 param_2)
0x004db210;PrepareHistoryBook;int PrepareHistoryBook(void)
0x004db300;TrimStoredMenuString;void TrimStoredMenuString(int storedMenuStringIndex, undefined4 param_2, undefined4 param_3, int allowedWidth, undefined4 param_5, int fontSize)
0x004db390;RenderScrollingCreditsTextFrame;void RenderScrollingCreditsTextFrame(float param_1)
0x004db490;RenderHistoryBookEdgeUnk;void RenderHistoryBookEdgeUnk(void)
0x004db4f0;MenuView_HistoricMissionPicture_Prepare;void MenuView_HistoricMissionPicture_Prepare(void)
0x004db5c0;MenuView_General_DoInitial_BlackBorderAndGfx;void MenuView_General_DoInitial_BlackBorderAndGfx(void)
0x004db600;MenuView_HistoricMissionPicture_DoEveryFrame;void MenuView_HistoricMissionPicture_DoEveryFrame(void)
0x004db7b0;MenuView_HistoricMissionIntro_Prepare;void MenuView_HistoricMissionIntro_Prepare(void)
0x004db8b0;MenuView_HistoricMissionIntro_DoEveryFrame;void MenuView_HistoricMissionIntro_DoEveryFrame(void)
0x004dbaf0;MenuView_HistoricCampaignIntro_Prepare;void MenuView_HistoricCampaignIntro_Prepare(void)
0x004dbbc0;MenuView_HistoricCampaignIntro_DoEveryFrame;void MenuView_HistoricCampaignIntro_DoEveryFrame(void)
0x004dbe30;MenuView_HistoricCampaignOutro_Prepare;void MenuView_HistoricCampaignOutro_Prepare(void)
0x004dbf00;MenuView_HistoricCampaignOutro_DoEveryFrame;void MenuView_HistoricCampaignOutro_DoEveryFrame(void)
0x004dc140;FindCampaignMapHotspotAtMouse;undefined4 FindCampaignMapHotspotAtMouse(void)
0x004dc1c0;BuildExtremeDemoIntroScript;void BuildExtremeDemoIntroScript(void)
0x004dc500;MenuView_MissionFinishedTransition_DoEveryFrame;void MenuView_MissionFinishedTransition_DoEveryFrame(void)
0x004dc9e0;MenuView_GameLost_DoEveryFrame;void MenuView_GameLost_DoEveryFrame(void)
0x004dcc70;MenuView_Unknown26_CampaignRelatedUnk_Prepare;void MenuView_Unknown26_CampaignRelatedUnk_Prepare(void)
0x004dcc90;MenuView_CampaignUnk_Prepare;void MenuView_CampaignUnk_Prepare(void)
0x004dd0c0;MenuView_CampaignUnk_DoInitial;void MenuView_CampaignUnk_DoInitial(void)
0x004dd100;MenuView_ScenarioDescription_Prepare;void MenuView_ScenarioDescription_Prepare(void)
0x004dd300;MenuView_ScenarioDescription_DoInitial;void MenuView_ScenarioDescription_DoInitial(void)
0x004dd350;MenuView_ScenarioDescription_DoEveryFrame;void MenuView_ScenarioDescription_DoEveryFrame(void)
0x004dd750;MenuView_General_DoInitial_CrusadeAndRankMenu;void MenuView_General_DoInitial_CrusadeAndRankMenu(void)
0x004dd7b0;MenuView_CrusadeMissionIntro_DoEveryFrame;void MenuView_CrusadeMissionIntro_DoEveryFrame(void)
0x004de300;MenuView_CrusadeMap_DoEveryFrame;void MenuView_CrusadeMap_DoEveryFrame(void)
0x004df2e0;MenuView_CrusadeEndscreen_Prepare;void MenuView_CrusadeEndscreen_Prepare(void)
0x004dfb90;MenuView_RankingGames_DoEveryFrame;void MenuView_RankingGames_DoEveryFrame(void)
0x004e0a50;ProcessCreditsScriptCommands;void ProcessCreditsScriptCommands(void)
0x004e12c0;RenderActiveCreditsElements;void RenderActiveCreditsElements(void)
0x004e1810;WriteMissionToScoresFile;void WriteMissionToScoresFile(char * param_1, int param_2)
0x004e1a20;MenuView_UnusedExtremeAd_Prepare;void MenuView_UnusedExtremeAd_Prepare(void)
0x004e1a50;MenuView_UnusedExtremeAd_DoInitial;void MenuView_UnusedExtremeAd_DoInitial(void)
0x004e1aa0;MenuView_UnusedExtremeAd_DoEveryFrame;void MenuView_UnusedExtremeAd_DoEveryFrame(void)
0x004e1b30;MenuView_MissionFinishedTransition_Prepare;void MenuView_MissionFinishedTransition_Prepare(void)
0x004e1e30;MenuView_Unknown26_CampaignRelatedUnk_DoInitial;void MenuView_Unknown26_CampaignRelatedUnk_DoInitial(void)
0x004e1e70;MenuView_Unknown26_CampaignRelatedUnk_DoEveryFrame;void MenuView_Unknown26_CampaignRelatedUnk_DoEveryFrame(void)
0x004e1f50;MenuView_CrusadeEndscreen_DoEveryFrame;void MenuView_CrusadeEndscreen_DoEveryFrame(void)
0x004e1fa0;constructViewportRenderState;ViewportRenderState * constructViewportRenderState(ViewportRenderState * this)
0x004e2050;setTileSystemMemoryLookupArrays;void setTileSystemMemoryLookupArrays(ViewportRenderState * this)
0x004e25a0;tweakValidTilesToExcludeMapBorders;void tweakValidTilesToExcludeMapBorders(ViewportRenderState * this)
0x004e2600;resetBatchedRender;void resetBatchedRender(ViewportRenderState * this)
0x004e2630;renderAssassinClimbingOverlay;void renderAssassinClimbingOverlay(ViewportRenderState * this, int param_1)
0x004e26d0;scheduleUnitForBatchedRendering;void scheduleUnitForBatchedRendering(ViewportRenderState * this, undefined4 unitIDOrStatus, undefined4 drawX, undefined4 drawY, undefined4 imageID, undefined4 blendStrength, undefined4 gmID, int param_7)
0x004e2ad0;renderGmOverlayBuilding2;void renderGmOverlayBuilding2(ViewportRenderState * this, int param_1, int param_2, int param_3)
0x004e3870;renderBuildingAnimation;void renderBuildingAnimation(ViewportRenderState * this, int param_1, int param_2, int param_3, undefined4 param_4, int param_5)
0x004e3980;renderGmOverlayBuilding;void renderGmOverlayBuilding(ViewportRenderState * this, int tileIndex, int xUnk, int yUnk, int param_4)
0x004e5a90;updateWaterAnimationFrames;void updateWaterAnimationFrames(ViewportRenderState * this)
0x004e5b80;assignRandomTiles;void assignRandomTiles(ViewportRenderState * this)
0x004e5c00;setViewportBasedOnMapSize;void setViewportBasedOnMapSize(ViewportRenderState * this)
0x004e5d80;setupMouseTileXY2;undefined setupMouseTileXY2(void)
0x004e5dd0;setupMouseTileXY;undefined setupMouseTileXY(void)
0x004e5e20;focusOnTile;void focusOnTile(ViewportRenderState * this, int tile)
0x004e5ed0;computeMouseTileFromScreenPosition;void computeMouseTileFromScreenPosition(ViewportRenderState * this, int param_1, int param_2)
0x004e6340;clearAllFloatingLayerElements;void clearAllFloatingLayerElements(ViewportRenderState * this)
0x004e63a0;createFloatingLayerElement;void createFloatingLayerElement(ViewportRenderState * this, GmID gmID, int imageID, int imageX, int imageY, int tile, int variation)
0x004e64d0;renderDebugDataMousePointing;void renderDebugDataMousePointing(ViewportRenderState * this, int x, int y, int width, int height)
0x004e66f0;setupViewport;undefined setupViewport(void)
0x004e7770;resetupViewport;void resetupViewport(ViewportRenderState * this, int zoomUnk)
0x004e7800;resetupViewportThunk;void resetupViewportThunk(ViewportRenderState * this)
0x004e7810;renderUnits;void renderUnits(ViewportRenderState * this)
0x004e8430;updateBuildingPreviewPosition;void updateBuildingPreviewPosition(ViewportRenderState * this, int mouseXScreenSpace, int mouseYScreenSpace)
0x004e8c50;saveFocusTileAndCenterPreview;void saveFocusTileAndCenterPreview(ViewportRenderState * this)
0x004e8c90;restoreFocusTile;void restoreFocusTile(ViewportRenderState * this)
0x004e8ca0;focusOnCoordinate;void focusOnCoordinate(ViewportRenderState * this, int x, int y)
0x004e8cc0;createFloatingTextElement;void createFloatingTextElement(ViewportRenderState * this, int param_1, int param_2, int param_3, int param_4, int param_5)
0x004e8cf0;renderMap;void renderMap(ViewportRenderState * this)
0x004eca30;shouldNotBeBuildingGranary;BOOLEnum shouldNotBeBuildingGranary(AICState * this, int playerID, MappersEnum param_2)
0x004eca60;shouldNotBeBuildingArmoury;BOOLEnum shouldNotBeBuildingArmoury(AICState * this, PlayerID playerID, MappersEnum param_2)
0x004eca90;shouldNotBuildKillingPits;BOOLEnum shouldNotBuildKillingPits(AICState * this, int playerID, MappersEnum commandBuildingType)
0x004ecab0;mapperIsWoodCuttersHutWhileNoWoodAvailable;BOOLEnum mapperIsWoodCuttersHutWhileNoWoodAvailable(AICState * this, undefined4 playerID, MappersEnum param_2)
0x004ecad0;setAvailableAIV;void setAvailableAIV(AIVState * this)
0x004ecbc0;hostChecksLobbyAIVAvailability;void hostChecksLobbyAIVAvailability(AIVState * this)
0x004ecdb0;setAIVFilePresenceByFileHashArray;void setAIVFilePresenceByFileHashArray(AIVState * this, int param_1)
0x004ece60;syncAIPlayerNamesAndBuildIntervals;void syncAIPlayerNamesAndBuildIntervals(AIVState * this)
0x004ecef0;setupAIVMetadata;int setupAIVMetadata(AIVState * this, int playerID)
0x004ecf70;setKeepOffsetAndOrientation;void setKeepOffsetAndOrientation(AIVState * this, int aiID, int keepX, int keepY)
0x004ecfe0;convertAIVBuildingTypeToCommandBuildingType;MappersEnum convertAIVBuildingTypeToCommandBuildingType(AIVState * this, AIVBuildingType2 param_1)
0x004ed0b0;rotateAIV;void rotateAIV(AIVState * this, int orientation)
0x004ed240;aiPlaceFlag;void aiPlaceFlag(AIVState * this, PlayerID playerID)
0x004ed300;aiPlaceBrazier;void aiPlaceBrazier(AIVState * this, PlayerID playerID)
0x004ed3b0;incrementStructureHeatMapTile;void incrementStructureHeatMapTile(AIVState * this, int x, int y)
0x004ed410;aiPlaceAIVBuilding;BOOLEnum aiPlaceAIVBuilding(AIVState * this, PlayerID playerID, int step, int isPausing)
0x004edc90;clearTheHeatmaps;void clearTheHeatmaps(AIVState * this)
0x004edcb0;resetCountdownInHeatMap;void resetCountdownInHeatMap(AIVState * this, int x, int y)
0x004edd00;ComputeLargestSeparateArea;int ComputeLargestSeparateArea(void)
0x004eddf0;findSuitableFarmLocationAndPlaceFarm;int findSuitableFarmLocationAndPlaceFarm(AIVState * this, PlayerID playerID, MappersEnum commandBuildingType)
0x004ee140;findAppropriateWoodCutterGridLocation;void findAppropriateWoodCutterGridLocation(AIVState * this, int playerID)
0x004ee430;findAppropriateGridLocationForResourceTypeBuilding;void findAppropriateGridLocationForResourceTypeBuilding(AIVState * this, int playerID, AIGridComputationResourceType resourceTypeNumber)
0x004ee830;recomputeAIAvailableGridTiles;void recomputeAIAvailableGridTiles(AIVState * this, int playerID)
0x004eebd0;findSuitableGridLocationFittingCriteria;void findSuitableGridLocationFittingCriteria(AIVState * this, uint gridX, uint gridY)
0x004eee10;findAppropriateGridLocationForBuilding;undefined findAppropriateGridLocationForBuilding(void)
0x004ef090;wipeAIVsAndHeatMaps;void wipeAIVsAndHeatMaps(AIVState * this)
0x004ef0d0;applyAIV;void applyAIV(AIVState * this, int playerIDUnk, int playerID2Unk)
0x004ef8c0;computeAIVPlacementFit;int computeAIVPlacementFit(AIVState * this, int playerID)
0x004efa60;aiPlaceFarm;BOOLEnum aiPlaceFarm(AIVState * this, int playerID, MappersEnum buildingType)
0x004efab0;aiPlaceWoodcuttershut;void aiPlaceWoodcuttershut(AIVState * this, int playerID)
0x004efb90;findSpotNearEngineersGuild;BOOLEnum findSpotNearEngineersGuild(AIVState * this, int param_1)
0x004efc30;aiPlaceAdditionalOxtether;void aiPlaceAdditionalOxtether(AIVState * this, PlayerID playerID)
0x004efd90;aiPlacePitchrig;void aiPlacePitchrig(AIVState * this, int playerID)
0x004efe30;aiPlaceIronMine;void aiPlaceIronMine(AIVState * this, int playerID)
0x004efed0;aiPlaceQuarryAndOxtether;void aiPlaceQuarryAndOxtether(AIVState * this, int playerID)
0x004f0060;executeDefaultCastleAIV;BOOLEnum executeDefaultCastleAIV(AIVState * this, PlayerID playerID, int param_2)
0x004f0e80;recomputeHeatmaps;void recomputeHeatmaps(AIVState * this, int initialize)
0x004f13e0;Constructor_AIVState;AIVState * Constructor_AIVState(AIVState * this)
0x004f13f0;selectBestAIVwithRandomStart;void selectBestAIVwithRandomStart(AIVState * this, int playerID)
0x004f14f0;tryPlaceAIVAndReturnFitPercentage;int tryPlaceAIVAndReturnFitPercentage(AIVState * this, int playerID, int castleID)
0x004f15c0;aiDecideOnNewBuildings;void aiDecideOnNewBuildings(AIVState * this, PlayerID playerID)
0x004f1860;updateBuildingsStateAndUpdateAIBuildingDecisions;void updateBuildingsStateAndUpdateAIBuildingDecisions(AIVState * this)
0x004f1a60;mapUITreeTypeToLogicalTreeType;undefined4 mapUITreeTypeToLogicalTreeType(LandscapeState * this, undefined4 param_1)
0x004f1be0;getValueFrom0UpTo3ForTreeTypeAndTreeStage;undefined4 getValueFrom0UpTo3ForTreeTypeAndTreeStage(LandscapeState * this, undefined4 treeType, int treeStage)
0x004f1c60;clearRocksAndTrees;void clearRocksAndTrees(LandscapeState * this)
0x004f1ce0;createTree;int createTree(LandscapeState * this, undefined4 x, undefined4 y, TreeType treeType, undefined4 size, int stageRelatedValue, undefined4 param_6, int stage)
0x004f2020;setTreeStageRelatedValues;void setTreeStageRelatedValues(LandscapeState * this, int treeID, int stage)
0x004f2070;removeTree;void removeTree(LandscapeState * this, int treeID)
0x004f20e0;setCurrentTimeOnSomeTrees;void setCurrentTimeOnSomeTrees(LandscapeState * this)
0x004f2140;createRock;int createRock(LandscapeState * this, undefined4 x, undefined4 y, int rockType, undefined4 size, undefined4 orientation)
0x004f2220;removeRock;void removeRock(LandscapeState * this, int param_1)
0x004f2280;lightUpTree;BOOLEnum lightUpTree(LandscapeState * this, int tile, int playerID)
0x004f2380;UpdateTree1;void UpdateTree1(void)
0x004f2640;UpdateTree5;void UpdateTree5(void)
0x004f26c0;UpdateAppleTree;void UpdateAppleTree(void)
0x004f28f0;UpdateTree16;void UpdateTree16(void)
0x004f2920;UpdateTree17;void UpdateTree17(void)
0x004f2970;UpdateTree18;void UpdateTree18(void)
0x004f29c0;UpdateTree19;void UpdateTree19(void)
0x004f2a10;getRandomRockImageOffset;int getRandomRockImageOffset(LandscapeState * this, int param_1)
0x004f2a20;UpdateRockFunc1;void UpdateRockFunc1(void)
0x004f2a40;UpdateRockFunc2;void UpdateRockFunc2(void)
0x004f2a60;UpdateRockFunc3;void UpdateRockFunc3(void)
0x004f2a80;UpdateRockFunc4;void UpdateRockFunc4(void)
0x004f2aa0;UpdateRockFunc5;void UpdateRockFunc5(void)
0x004f2ac0;UpdateRockFunc6;void UpdateRockFunc6(void)
0x004f2ae0;UpdateRockFunc7;void UpdateRockFunc7(void)
0x004f2b00;UpdateRockFunc8;void UpdateRockFunc8(void)
0x004f2b20;UpdateRockFunc9;void UpdateRockFunc9(void)
0x004f2b40;UpdateRockFunc10;void UpdateRockFunc10(void)
0x004f2b60;UpdateRockFunc11;void UpdateRockFunc11(void)
0x004f2b80;UpdateRockFunc12;void UpdateRockFunc12(void)
0x004f2ba0;UpdateRockFunc13;void UpdateRockFunc13(void)
0x004f2bc0;UpdateRockFunc14;void UpdateRockFunc14(void)
0x004f2be0;UpdateRockFunc15;void UpdateRockFunc15(void)
0x004f2c00;UpdateRockFunc16;void UpdateRockFunc16(void)
0x004f2c20;getTreeGrowthTargetStage;undefined4 getTreeGrowthTargetStage(LandscapeState * this, int param_1)
0x004f2cc0;setTreeSpreadInterval;void setTreeSpreadInterval(LandscapeState * this)
0x004f2da0;killEveryFifthTree;void killEveryFifthTree(LandscapeState * this)
0x004f2e00;setupBabyTreeLocation;undefined4 setupBabyTreeLocation(LandscapeState * this, uint treeID, int treeType, uint x, uint y)
0x004f2fb0;isTreeAliveAndMatchingUID;uint isTreeAliveAndMatchingUID(LandscapeState * this, int treeID, int param_2)
0x004f2fe0;isTreeAdult;BOOLEnum isTreeAdult(LandscapeState * this, int treeID, int treeUID)
0x004f3010;damageTreeAndTriggerDeathIfDepleted;undefined4 damageTreeAndTriggerDeathIfDepleted(LandscapeState * this, int treeID, undefined4 param_2, int param_3)
0x004f3080;advanceTreeDecayState;void advanceTreeDecayState(LandscapeState * this, int treeID, int param_2)
0x004f30d0;markNearbyTreesAsCrowTargets;void markNearbyTreesAsCrowTargets(LandscapeState * this, int x, int y)
0x004f3150;spawnCrowFromNearbyTree;void spawnCrowFromNearbyTree(LandscapeState * this, int unitID)
0x004f3560;placeAppleTree;void placeAppleTree(int buildingID, undefined4 treeX, undefined4 treeY)
0x004f3610;selectClosestTree;int selectClosestTree(LandscapeState * this, int xPosition, int yPosition, int param_3)
0x004f3700;resetWind;void resetWind(LandscapeState * this)
0x004f3730;updateWind;void updateWind(LandscapeState * this)
0x004f37b0;VersioningFixTrees;void VersioningFixTrees(void)
0x004f3840;RemoveCertainRockTypesUnk;void RemoveCertainRockTypesUnk(void)
0x004f38a0;UpdateTreesOfCertainTypes;void UpdateTreesOfCertainTypes(void)
0x004f3900;RemoveRocksBeyond1000;void RemoveRocksBeyond1000(void)
0x004f3930;constructLandscapeState;LandscapeState * constructLandscapeState(LandscapeState * this)
0x004f3960;updateTreeStage;void updateTreeStage(LandscapeState * this, uint treeID, uint rng)
0x004f3b90;findTree;int findTree(LandscapeState * this, int playerID, uint unitXPosition, uint unitYPosition)
0x004f3d30;upgradeTreesAndRocksForMapVersion;void upgradeTreesAndRocksForMapVersion(LandscapeState * this, PackagedFileMagicNum receivedMapVersion, PackagedFileMagicNum packagerMapVersion)
0x004f3d60;updateTrees;void updateTrees(LandscapeState * this)
0x004f4020;Constructor_MenuView;MenuView * Constructor_MenuView(MenuView * this, MenuViewType menuID, cdeclVoidFunc * prepareMenuView, cdeclVoidFunc * doInitial, cdeclVoidFunc * doEveryFrame)
0x004f4050;Constructor_MenuView_Reduced;MenuView * Constructor_MenuView_Reduced(MenuView * this, MenuViewType menuType)
0x004f4070;RenderNoViewsFoundWarning;void RenderNoViewsFoundWarning(void)
0x004f4100;Constructor_Menu;Menu * Constructor_Menu(Menu * this, MenuItem * menuItemArrayAddress)
0x004f4290;handleMenuElementsCallbacks;int handleMenuElementsCallbacks(MenuItem * this)
0x004f49d0;prepareAndRenderMenuItems;void prepareAndRenderMenuItems(MenuItem * this)
0x004f4c30;resetMenuItemStateUnk;void resetMenuItemStateUnk(MenuItem * this)
0x004f4c60;setupBuildMenuState;void setupBuildMenuState(MenuHandlerState * this, dword param_1, dword param_2)
0x004f4c80;startBuildMenuTransition;void startBuildMenuTransition(MenuHandlerState * this, int transitionDuration)
0x004f4cd0;computeBuildMenuTransitionShift;void computeBuildMenuTransitionShift(MenuHandlerState * this)
0x004f4d70;setUCValues;void setUCValues(UCPointerStruct * this, int ucId, int * xPosPtr, int * yPosPtr, ushort * iconDeactivatedPtrUnk, int ucPositionIndex)
0x004f4e00;setBottomLeftTextDisplayText;void setBottomLeftTextDisplayText(BottomLeftTextDisplayState * this, int messageTypeUnk, int textGroupIndex, int textNumInGroup, TextMessageBLLookupStructUnion param_4, int importanceUnk, int displayDurationUnk)
0x004f4ef0;hasPassedCountdownOrDuration;void hasPassedCountdownOrDuration(BottomLeftTextDisplayState * this)
0x004f4f60;renderCurrentlyDisplayedTextConstructionCost;void renderCurrentlyDisplayedTextConstructionCost(BottomLeftTextDisplayState * this, int param_1)
0x004f6210;RenderCurrentMenuView;void RenderCurrentMenuView(void)
0x004f6280;handleMenuItems;void handleMenuItems(Menu * this, MenuItemHandleState funcIndex)
0x004f6470;updateMenuButtons;void updateMenuButtons(Menu * this)
0x004f64a0;renderConstructionMenu;void renderConstructionMenu(Menu * this)
0x004f69d0;loadMenuElements;void loadMenuElements(Menu * this, int ucPositionIndex)
0x004f6a20;initializeUI;void initializeUI(MenuHandlerState * this, MenuIDMenuElementAddressPair * menuIDMenuElementAddressPair, UC * ucPtr, char * ptrStrongholdUCString)
0x004f6a60;MenuItemActionHandler_General_DisplayConditionalText;void MenuItemActionHandler_General_DisplayConditionalText(int param_1, ...)
0x004f6a70;MenuItemActionHandler_General_RemoveConditionalTextOrReleaseHoverUnk;void MenuItemActionHandler_General_RemoveConditionalTextOrReleaseHoverUnk(int param_1, ...)
0x004f6a80;setupMenuForRendering;void setupMenuForRendering(MenuHandlerState * this, MenuViewType menuID)
0x004f6ae0;setChangedLayerToThreeAndMapping0x40x40;void setChangedLayerToThreeAndMapping0x40x40(TileMapState * this)
0x004f6b20;setupMovementDirectionTranslationMatrix;void setupMovementDirectionTranslationMatrix(TileMapState * this)
0x004f6c60;setupLogicalMapBorders;void setupLogicalMapBorders(TileMapState * this)
0x004f6cf0;resetHeightAndMapBorders;void resetHeightAndMapBorders(TileMapState * this, int mapSize)
0x004f6f90;setMapSize;void setMapSize(TileMapState * this, int size)
0x004f6fd0;triggerLoweredView;void triggerLoweredView(TileMapState * this, int param_1)
0x004f70b0;toggleFlatView;void toggleFlatView(TileMapState * this, int param_1)
0x004f70d0;noop1;void noop1(TileMapState * this, undefined4 param_1)
0x004f70e0;setMapRotation;void setMapRotation(TileMapState * this, undefined4 newRotation)
0x004f70f0;updateLogicalTileMapRelatedSections;void updateLogicalTileMapRelatedSections(TileMapState * this)
0x004f7a80;computeTileLuminescence;void computeTileLuminescence(TileMapState * this, int tile, int param_2)
0x004f80e0;increaseHeightForTunnelSingleTile;void increaseHeightForTunnelSingleTile(TileMapState * this, int tile, uint x, uint y, int increment)
0x004f8160;getNonFarmFieldBuildingHealthAtTileOr1000;int getNonFarmFieldBuildingHealthAtTileOr1000(TileMapState * this, int tile)
0x004f81d0;resetTileToDefaultState;void resetTileToDefaultState(TileMapState * this, int param_1, uint param_2, uint param_3)
0x004f8210;getBuildingHurtSFXID;uint getBuildingHurtSFXID(TileMapState * this, int buildingID)
0x004f8300;rotateFearFactorBuildingVariations;void rotateFearFactorBuildingVariations(TileMapState * this)
0x004f8530;countLogicPropertyInSurroundingTiles;void countLogicPropertyInSurroundingTiles(TileMapState * this, int tile, int y, uint logic1)
0x004f85b0;isTileEnclosedByWallsOrGates;undefined isTileEnclosedByWallsOrGates(void)
0x004f8640;isTileEnclosedByWalls;undefined4 isTileEnclosedByWalls(TileMapState * this, int param_1, int param_2)
0x004f86d0;isWallCornerForCardinalDirection;BOOLEnum isWallCornerForCardinalDirection(TileMapState * this, int param_1, int param_2, int param_3)
0x004f8780;isWallCornerForDiagonalDirection;uint isWallCornerForDiagonalDirection(TileMapState * this, int param_1, int param_2, int param_3)
0x004f8840;isWallConnectionHeightValid;undefined isWallConnectionHeightValid(void)
0x004f8900;hasOnlyTowerNeighborsNoWalls;BOOLEnum hasOnlyTowerNeighborsNoWalls(TileMapState * this, int tile, int y)
0x004f89c0;getWallFlagForOrientedDirection;undefined getWallFlagForOrientedDirection(void)
0x004f8a40;hasHigherNeighborWithStairs;BOOLEnum hasHigherNeighborWithStairs(TileMapState * this, int tile, int y, int direction)
0x004f8ac0;hasHigherPlainNeighborWithWallOrGatehouse;BOOLEnum hasHigherPlainNeighborWithWallOrGatehouse(TileMapState * this, int param_1, int param_2, int param_3)
0x004f8b50;getOrientationThatIsWallTowerOrGatehouse;int getOrientationThatIsWallTowerOrGatehouse(TileMapState * this, uint x, uint y)
0x004f8bd0;renderWallDragPreview;void renderWallDragPreview(TileMapState * this, int playerID, uint x1, uint y1, uint x2, uint y2, undefined4 command)
0x004f9000;reassignWallOwnershipForPlayer;void reassignWallOwnershipForPlayer(TileMapState * this, int param_1, int param_2)
0x004f9220;swapWallOwnership;void swapWallOwnership(TileMapState * this, int param_1, int param_2)
0x004f93e0;destroyWallsOfPlayer;void destroyWallsOfPlayer(TileMapState * this, int playerID)
0x004f94a0;validateWallPlacementAtTile;void validateWallPlacementAtTile(TileMapState * this, int playerID, uint x, uint y, MappersEnum param_4)
0x004f9590;setupBuildingSizeIndexMappingForBuildingWithSize;void setupBuildingSizeIndexMappingForBuildingWithSize(TileMapState * this, int buildingSize)
0x004f9880;getBuildingSizeIndexMappingData;undefined getBuildingSizeIndexMappingData(void)
0x004f9930;isFootprintIndexOnEdge;BOOLEnum isFootprintIndexOnEdge(TileMapState * this, int counter, int size)
0x004f9980;storeMinAndMaxHeightOfArea;void storeMinAndMaxHeightOfArea(TileMapState * this, uint x, uint y, int buildingWidthAndHeight)
0x004f9a60;isBuildingPlacementAllowedAtTile;int isBuildingPlacementAllowedAtTile(TileMapState * this, int tile, int playerID, MappersEnum commandBuildingType, int param_4)
0x004f9df0;validateBuildingPlacementAtTile;undefined validateBuildingPlacementAtTile(void)
0x004f9f00;spawnEraserTileEffect;void spawnEraserTileEffect(TileMapState * this, undefined4 param_1, int param_2)
0x004fa000;determineBuildingPlacementRotation;undefined determineBuildingPlacementRotation(void)
0x004fa2d0;checkDrawbridgePlacement;void checkDrawbridgePlacement(TileMapState * this, int x, int y)
0x004fa460;getRubbleGraphicStageForDamageLevel;undefined getRubbleGraphicStageForDamageLevel(void)
0x004fa550;getBuildingSizeForCommandBuildingType;int getBuildingSizeForCommandBuildingType(TileMapState * this, MappersEnum commandBuildingType)
0x004fa760;demolishBuildingsInKeepsConstructionFootprint;void demolishBuildingsInKeepsConstructionFootprint(TileMapState * this, undefined4 param_1, int param_2, int param_3, undefined4 param_4, int param_5)
0x004fa9d0;markBuildingFootprintFlag;void markBuildingFootprintFlag(TileMapState * this, int param_1, int param_2, int param_3)
0x004faa30;updateAreaBasedOnSurrounding;void updateAreaBasedOnSurrounding(TileMapState * this, int x, int y, int buildingSize)
0x004faab0;clearBuildingTilesAndTrees;void clearBuildingTilesAndTrees(TileMapState * this, int buildingID, int surfaceArea)
0x004fab70;clearBuildingFootprintAndResetUnits;void clearBuildingFootprintAndResetUnits(TileMapState * this, int x, int y, int size)
0x004fac70;clearBuildingFootprintAndRemoveSiegeTower;void clearBuildingFootprintAndRemoveSiegeTower(TileMapState * this, int x, int y, int size)
0x004fad20;unmarkBuildingFootprintFlag;undefined unmarkBuildingFootprintFlag(void)
0x004fad70;clearBuildingFootprintWithEdgeRubble;void clearBuildingFootprintWithEdgeRubble(TileMapState * this, int x, int y, int param_3)
0x004fae50;clearFixedSizeTwoBuildingFootprint;undefined clearFixedSizeTwoBuildingFootprint(void)
0x004faee0;isUnitBlockingSizeFiveFootprint;BOOLEnum isUnitBlockingSizeFiveFootprint(TileMapState * this, int buildingID)
0x004faf70;clearStockpileFootprintTiles;undefined clearStockpileFootprintTiles(void)
0x004fb0c0;setMiscDisplayLayer;undefined setMiscDisplayLayer(void)
0x004fb360;clearBuildingDisplayFlagsAndEntities;void clearBuildingDisplayFlagsAndEntities(TileMapState * this, int buildingID, int param_2)
0x004fb3f0;spawnFloatingNumberAroundTile;void spawnFloatingNumberAroundTile(TileMapState * this, int x, int y, int type)
0x004fb4d0;placeRock;void placeRock(TileMapState * this, uint x, uint y, uint param_3)
0x004fb770;applyRockGraphicsToFootprint;void applyRockGraphicsToFootprint(TileMapState * this, int rockID)
0x004fb8e0;clearTreeFootprintFlags;void clearTreeFootprintFlags(TileMapState * this, int treeID)
0x004fb970;clearRockFootprintFlags;void clearRockFootprintFlags(TileMapState * this, int rockID)
0x004fb9e0;renderWallPlacementPreview;void renderWallPlacementPreview(TileMapState * this, uint x, uint y, short param_3)
0x004fbc30;getCastleBuildRangeForMapSize;undefined4 getCastleBuildRangeForMapSize(TileMapState * this)
0x004fbd80;getTileForBrush;void getTileForBrush(TileMapState * this, int square, int index, int * tilePointer, int * yPointer, int baseTile, uint y)
0x004fbe70;isTileSuitableForBrushPlacement;BOOLEnum isTileSuitableForBrushPlacement(TileMapState * this, int tile, uint x, uint y)
0x004fc0b0;computeTileCliffEdgeFlags;void computeTileCliffEdgeFlags(TileMapState * this, int tile, int param_2, int param_3)
0x004fc280;propagateCliffEdgeFlagFromNeighbor;void propagateCliffEdgeFlagFromNeighbor(TileMapState * this, int param_1, int param_2, int param_3)
0x004fc340;collectCliffEdgeTilesForClimbData;void collectCliffEdgeTilesForClimbData(TileMapState * this)
0x004fc490;generateDustClouds;void generateDustClouds(TileMapState * this)
0x004fc650;computeWallCornerRenderRotation;int computeWallCornerRenderRotation(TileMapState * this, uint param_1)
0x004fc7c0;isCliffDropInDirection;BOOLEnum isCliffDropInDirection(TileMapState * this, int tile, undefined4 param_2, int y)
0x004fc810;computeClimbRampRotation;void computeClimbRampRotation(TileMapState * this, int tile, uint x, uint y)
0x004fc9e0;updateGFXLayers;void updateGFXLayers(TileMapState * this)
0x004fdb00;updateMacroLayerRelated;void updateMacroLayerRelated(TileMapState * this, uint param_1, uint param_2, int param_3)
0x004ff080;updateMacroLayerRelated2;void updateMacroLayerRelated2(TileMapState * this)
0x004ff870;setBitFlagBasedOnWallTowerGatehouseOrKeep;byte setBitFlagBasedOnWallTowerGatehouseOrKeep(TileMapState * this, int x, int y)
0x004ff990;returnSomeHeight;uint returnSomeHeight(TileMapState * this, int tile, int param_2)
0x004ffb10;getTotalHeightAtTile;uint getTotalHeightAtTile(TileMapState * this, int tile)
0x004ffba0;getTotalHeightAt;int getTotalHeightAt(TileMapState * this, int tile, int playerID)
0x004fff10;getHeightAtTileIncludingOwnersBuildings;uint getHeightAtTileIncludingOwnersBuildings(TileMapState * this, int tile, int playerID)
0x005000a0;recountTotalOwnedMoats;undefined recountTotalOwnedMoats(void)
0x005000e0;countMoatsOwnedByEachPlayer;void countMoatsOwnedByEachPlayer(TileMapState * this)
0x00500180;countUnfinishedMoatTilesForPlayer;int countUnfinishedMoatTilesForPlayer(TileMapState * this, int playerID)
0x00500210;getUnownedMoatCount;int getUnownedMoatCount(TileMapState * this)
0x00500250;returnOwnedMoatAtTile;int returnOwnedMoatAtTile(TileMapState * this, int targetedTile)
0x00500290;ReturnMoatIDForPlayerIDs;int ReturnMoatIDForPlayerIDs(int playerID, int playerID2)
0x005002d0;clearMoatData;void clearMoatData(TileMapState * this, uint moatID)
0x00500310;clearMoatDataAtTile;void clearMoatDataAtTile(TileMapState * this, int x, int y)
0x00500370;findTileInSameAreaAndNoTooHeightDifference;BOOLEnum findTileInSameAreaAndNoTooHeightDifference(TileMapState * this, int area, int tile, int yUnk)
0x005003d0;setXYBasedOnMoatID;int setXYBasedOnMoatID(TileMapState * this, int tile, int param_2, uint x, uint y)
0x00500500;advanceMoatDigProgress;undefined4 advanceMoatDigProgress(TileMapState * this, int moatID)
0x005005f0;clearMoat;void clearMoat(TileMapState * this, int tile)
0x00500640;updateMoatCountdownTimers;void updateMoatCountdownTimers(TileMapState * this)
0x00500680;resetMoatArray;void resetMoatArray(TileMapState * this)
0x005006c0;clearInvalidMoatEntries;void clearInvalidMoatEntries(TileMapState * this)
0x00500720;setMoatVisualStateAtTile;void setMoatVisualStateAtTile(TileMapState * this, int tile, undefined4 zeroOrTwo)
0x00500750;setMoatOwnerForAllMatching;void setMoatOwnerForAllMatching(TileMapState * this, int param_1, undefined4 param_2)
0x00500790;swapMoatOwnership;void swapMoatOwnership(TileMapState * this, int param_1, int param_2)
0x005007d0;resetPitchDitchArray;void resetPitchDitchArray(TileMapState * this)
0x00500800;countUnownedPitchDitches;int countUnownedPitchDitches(TileMapState * this)
0x00500850;getPitchDitchIDForTile;int getPitchDitchIDForTile(TileMapState * this, int tile)
0x00500890;destroyPitchDitch;void destroyPitchDitch(TileMapState * this, int pitchDitchID)
0x00500940;swapPitchOwnership;void swapPitchOwnership(TileMapState * this, int param_1, int param_2)
0x00500980;findNearestValidDigTileNearTarget;undefined4 findNearestValidDigTileNearTarget(TileMapState * this, uint x1, uint y1, uint x2, uint y2)
0x00500b50;computeTileAlongAxisOffset;int computeTileAlongAxisOffset(TileMapState * this, int param_1, int param_2, uint param_3)
0x00500bb0;setSignpostDistanceForCampaignMission;undefined setSignpostDistanceForCampaignMission(void)
0x00500c20;startBuildingDestructionConfirmation;void startBuildingDestructionConfirmation(WallAndPitchState * this, int buildingID)
0x00500c80;resetWallAndPitchState;void resetWallAndPitchState(WallAndPitchState * this)
0x00500cb0;startEntityDestructionConfirmation;void startEntityDestructionConfirmation(WallAndPitchState * this, int entityID)
0x00500cf0;startUnitDestructionConfirmation;void startUnitDestructionConfirmation(WallAndPitchState * this, int unitID)
0x00500d30;resetWallPlacementInfo;void resetWallPlacementInfo(WallAndPitchState * this)
0x00500d60;addWallPlacementInfoForTile;void addWallPlacementInfoForTile(WallAndPitchState * this, int tile)
0x00500dd0;placePitchDitch;void placePitchDitch(WallAndPitchState * this, int pitchID)
0x00500e20;destroyWall;void destroyWall(WallAndPitchState * this, int playerID, int count, int amount, int param_4)
0x00500ee0;destroyPitch;void destroyPitch(WallAndPitchState * this, int playerID, int count, int amount)
0x00500f40;updateDestructionConfirmationCountdown;void updateDestructionConfirmationCountdown(WallAndPitchState * this)
0x005010c0;clearHoveredState;undefined clearHoveredState(void)
0x005010e0;clearInvalidatedHoverStates;void clearInvalidatedHoverStates(HoveredState * this)
0x00501110;createHoverStateElement;void createHoverStateElement(HoveredState * this, int x, int y, MappersEnum type, int size, int flag)
0x00501180;spreadFlagPlacementAlgorithm;void spreadFlagPlacementAlgorithm(TileMapState * this, int param_1, uint param_2, uint param_3)
0x005011a0;spreadBrazierPlacementAlgorithm;void spreadBrazierPlacementAlgorithm(TileMapState * this, int playerID, uint x, uint y)
0x005011c0;UpgradeMapLogicToVersion_125;void UpgradeMapLogicToVersion_125(void)
0x005011f0;UpgradeMapLogicToVersion_Unknown1;void UpgradeMapLogicToVersion_Unknown1(void)
0x00501350;UpgradeMapLogicToVersion_Unknown2;void UpgradeMapLogicToVersion_Unknown2(void)
0x00501440;UpgradeMapLogicToVersion_128;void UpgradeMapLogicToVersion_128(void)
0x00501490;UpgradeMapLogicToVersion_102;void UpgradeMapLogicToVersion_102(void)
0x005014f0;UpgradeMapLogicToVersion_120;void UpgradeMapLogicToVersion_120(void)
0x005016d0;UpgradeMapLogicToVersion_145;void UpgradeMapLogicToVersion_145(void)
0x00501730;UpgradeMapLogicToVersion_147;void UpgradeMapLogicToVersion_147(void)
0x00501760;UpgradeMapLogicToVersion_Unknown3;void UpgradeMapLogicToVersion_Unknown3(void)
0x005017a0;forceFullTileMapRedraw;void forceFullTileMapRedraw(TileMapState * this)
0x005017c0;useEraserBrush;void useEraserBrush(TileMapState * this, uint param_1, uint param_2, int param_3)
0x00501a20;updateShowHiLayerOrResetChangedLayer;void updateShowHiLayerOrResetChangedLayer(TileMapState * this)
0x00501b90;changeMapOrientation;void changeMapOrientation(TileMapState * this, int mapOrientation)
0x00501cd0;increaseHeightForTunnelWithBrush;void increaseHeightForTunnelWithBrush(TileMapState * this, int tile, uint x, uint y, int increment)
0x00501d90;raiseLand;void raiseLand(TileMapState * this, int tile, uint y, uint brush, int change)
0x00501f50;createPlateau;void createPlateau(TileMapState * this, int tile, uint the_y, int param_3, int plateauHeightSetting)
0x00502110;useLevelBrush;void useLevelBrush(TileMapState * this, int param_1, uint param_2, uint param_3)
0x00502390;setLand;void setLand(TileMapState * this, int tile, uint y, uint brushType_y)
0x005024f0;isValidCastleSiteLocation;BOOLEnum isValidCastleSiteLocation(TileMapState * this, int x, uint y, int cbt)
0x00502680;useTerrainHeightBrush;void useTerrainHeightBrush(TileMapState * this, int param_1, uint param_2, uint param_3, undefined4 param_4)
0x00502950;getMaxWallHeightInBrushArea;undefined getMaxWallHeightInBrushArea(void)
0x005029d0;validateWallBuildPath;void validateWallBuildPath(TileMapState * this, int playerID, uint x1, uint y1, uint x2, uint y2, undefined4 command)
0x00502f30;placeWalls;void placeWalls(TileMapState * this, int playerID, uint x1, uint y1, uint x2, uint y2, MappersEnum wallType, int tileCountUnk)
0x005034a0;placeDefensiveStructureTile;void placeDefensiveStructureTile(TileMapState * this, int playerID, uint x, uint y, MappersEnum param_4)
0x00503720;setupBuildingSizeIndexMapping;void setupBuildingSizeIndexMapping(TileMapState * this)
0x005037b0;checkBuildingCanBePlacedHere;void checkBuildingCanBePlacedHere(TileMapState * this, int playerID, uint x, uint y|fertileLandCount, MappersEnum commandBuildingType, int buildingSize)
0x00504a30;evaluateBuildingPlacementAtCursor;void evaluateBuildingPlacementAtCursor(TileMapState * this, int playerID, uint x, uint y)
0x00504ee0;updateBuildingPlacementRotationPreview;void updateBuildingPlacementRotationPreview(TileMapState * this, int param_1, int param_2)
0x00504f10;setConstructionGFXLayerBasedOnPlacementChecks;int setConstructionGFXLayerBasedOnPlacementChecks(TileMapState * this, int x, int y, MappersEnum type, int size)
0x00506370;updateBuildingGraphicsLayer;void updateBuildingGraphicsLayer(TileMapState * this, int buildingID)
0x00506ad0;updatePathLinkagesForBuilding;void updatePathLinkagesForBuilding(TileMapState * this, int buildingID)
0x00506bd0;placeWorkshopOrHovel;void placeWorkshopOrHovel(TileMapState * this, int playerID, uint x, uint y, BuildingType type, uint size, int orientation, undefined4 averageHeight)
0x00506d40;placeSiegetowerPlaced;void placeSiegetowerPlaced(TileMapState * this, int param_1, uint param_2, uint param_3, undefined4 param_4, uint param_5, int param_6, undefined4 param_7)
0x00506e10;placeSiegeTent;void placeSiegeTent(TileMapState * this, int param_1, uint param_2, uint param_3, undefined4 param_4, uint param_5, int param_6, undefined4 param_7)
0x00506f40;placePositiveFearfactor;void placePositiveFearfactor(TileMapState * this, int playerID, uint x, uint y, undefined4 buildingType, undefined4 variation, uint buildingSize, undefined4 param_7, undefined4 height)
0x00507060;stampBuildingOntoTileMap;void stampBuildingOntoTileMap(TileMapState * this, int param_1, uint param_2, uint param_3, undefined4 param_4, undefined4 param_5, uint param_6, undefined4 param_7, undefined4 param_8)
0x00507130;placeTower;void placeTower(TileMapState * this, int param_1, uint param_2, uint param_3, undefined4 param_4, uint size, int param_6, undefined4 param_7)
0x00507280;upgradeTowerLogicLayer;void upgradeTowerLogicLayer(TileMapState * this, int param_1)
0x00507350;resetTileAndClearMoat;void resetTileAndClearMoat(TileMapState * this, int tile)
0x00507420;placeGatehouseSmall;void placeGatehouseSmall(TileMapState * this, int param_1, uint param_2, uint param_3, undefined4 param_4, uint param_5, int param_6, undefined4 param_7)
0x00507560;placeGatehouseLarge;void placeGatehouseLarge(TileMapState * this, int param_1, uint param_2, uint param_3, undefined4 param_4, uint param_5, int param_6, undefined4 param_7)
0x005076a0;placeBarracks;void placeBarracks(TileMapState * this, int playerID, uint xPosition, int * yPosition_param, undefined4 buildingType, uint buildingSize, int buildingOrientation, undefined4 param_7)
0x00507bd0;placeEngineersguild;void placeEngineersguild(TileMapState * this, int param_1, int * param_2, uint param_3, undefined4 param_4, uint param_5, int param_6, undefined4 param_7)
0x00507e00;placeTunnelersguild;void placeTunnelersguild(TileMapState * this, int param_1, int * param_2, uint param_3, undefined4 param_4, uint param_5, int param_6, undefined4 param_7)
0x00508030;placeOilsmelter;void placeOilsmelter(TileMapState * this, int param_1, uint param_2, uint param_3, undefined4 param_4, uint param_5, int param_6, undefined4 param_7)
0x00508250;placeQuarry;void placeQuarry(TileMapState * this, int playerID, uint x, uint y, undefined4 buildingType, uint buildingSize, int buildingOrientation, uint heightUnk)
0x00508540;placeStockpile;void placeStockpile(TileMapState * this, int playerID, int x, int y, undefined4 buildingType, undefined4 param_5, int variation, int averageHeight)
0x00508760;clearSizeFiveBuildingFootprintAndMoats;void clearSizeFiveBuildingFootprintAndMoats(TileMapState * this, int param_1, int param_2)
0x00508870;clearDrawBridgeWater;void clearDrawBridgeWater(TileMapState * this, int x, int y)
0x00508910;floodMoatUnderRemovedBuilding;void floodMoatUnderRemovedBuilding(TileMapState * this, int param_1)
0x00508a00;renderPreviewMapperWithBrush;void renderPreviewMapperWithBrush(TileMapState * this, uint x, uint y, MappersEnum param_3)
0x00508dd0;applyTreeBrushToLogicalLayer;void applyTreeBrushToLogicalLayer(TileMapState * this, int treeID, int noVariation)
0x00508ec0;eraseAreaWithBrush;void eraseAreaWithBrush(TileMapState * this, uint param_1, uint param_2, uint param_3)
0x00509180;updateGfxLayer;void updateGfxLayer(TileMapState * this)
0x00511020;updateMacroLayer;void updateMacroLayer(TileMapState * this)
0x005110b0;createMoatData;int createMoatData(TileMapState * this, undefined4 playerID, uint x, uint y, int filled)
0x005111d0;findNearestFriendlyMoatTileForDigging;BOOLEnum findNearestFriendlyMoatTileForDigging(TileMapState * this, int playerID, int unitID, int number)
0x005113f0;removeMoat;undefined4 removeMoat(TileMapState * this, uint moatID)
0x005114c0;updatePitchDitches;void updatePitchDitches(TileMapState * this)
0x005116e0;placePitchDitch;int placePitchDitch(TileMapState * this, undefined4 playerID, uint x, uint y)
0x00511850;updateGameRelatedValue;void updateGameRelatedValue(TileMapState * this)
0x005118c0;confirmAndQueueDestructionCommand;void confirmAndQueueDestructionCommand(WallAndPitchState * this)
0x005119c0;Constructor_HoveredState;HoveredState * Constructor_HoveredState(HoveredState * this)
0x005119d0;calculateHoveredTile;void calculateHoveredTile(HoveredState * this)
0x00511d70;upgradeMapFormatLogicLayer;void upgradeMapFormatLogicLayer(TileMapState * this, PackagedFileMagicNum receivedMapVersion, PackagedFileMagicNum packagerMapVersion)
0x00511df0;setupTileMapSections;void setupTileMapSections(TileMapState * this)
0x00512100;setupAllMapSections;void setupAllMapSections(TileMapState * this)
0x00512450;prepareMap;void prepareMap(TileMapState * this)
0x005127b0;resetAreaBasedOnLogicalLayer;void resetAreaBasedOnLogicalLayer(TileMapState * this)
0x00512920;processMapOrientationChange;void processMapOrientationChange(TileMapState * this)
0x00512940;setTerrain;void setTerrain(TileMapState * this, int playerID, int tile, uint yParam, uint brushType, Logic1 flags1, Logic2 flags2)
0x00514480;planMoat;void planMoat(TileMapState * this, undefined4 playerID, int tile, uint tileY)
0x00514520;placeKillingPit;void placeKillingPit(TileMapState * this, int param_1, uint param_2, uint param_3, undefined4 param_4, uint param_5, int param_6, int param_7)
0x005146d0;placeKeep;void placeKeep(TileMapState * this, int playerID, uint x, uint y, BuildingType type, uint size, int orientation, int xyValue)
0x00514de0;placeDrawbridge;void placeDrawbridge(TileMapState * this, int playerID, uint x, uint y, undefined4 buildingType, uint width, int * orientation, undefined4 averageHeight)
0x00514f30;placeWheatfarm;void placeWheatfarm(TileMapState * this, int playerID, uint x, uint y, undefined4 buildingType, undefined4 param_5, int variation, undefined4 averageHeight)
0x005151c0;placeHopfarm;void placeHopfarm(TileMapState * this, int param_1, uint param_2, uint param_3, undefined4 param_4, undefined4 param_5, int param_6, int param_7)
0x005154d0;placeDairyfarm;void placeDairyfarm(TileMapState * this, int param_1, uint param_2, uint param_3, undefined4 param_4, undefined4 param_5, int * param_6, undefined4 param_7)
0x00515740;placeApplefarm;void placeApplefarm(TileMapState * this, int playerID, uint x, uint y, BuildingType buildingType, undefined4 param_5, int param_6, int * param_7)
0x00515a20;clearBuildingFromTerrain;void clearBuildingFromTerrain(TileMapState * this, int buildingID)
0x00515c80;createWaterForDrawBridge;void createWaterForDrawBridge(TileMapState * this, int buildingID)
0x00515da0;placeTree;void placeTree(TileMapState * this, uint x, uint y, undefined4 treeType)
0x00515f40;Constructor_TileMapState;TileMapState * Constructor_TileMapState(TileMapState * this)
0x005160c0;prepareAreaForBuildingPlacement;BOOLEnum prepareAreaForBuildingPlacement(TileMapState * this, int playerID, uint x, uint y, MappersEnum commandBuildingType, int buildingWidthOrHeight)
0x005162d0;placeBuilding;void placeBuilding(TileMapState * this, PlayerID playerID, int x, int y, MappersEnum cbt, int buildingSize, int buildingOrientation)
0x00516b80;processDamageToBuilding;uint processDamageToBuilding(TileMapState * this, int tile, uint xPosition, uint yPosition, int damageUnk, int param_5, int playerID, BOOLEnum aiBuildDelayRelated, int unitID)
0x00517790;processEntityDamageToBuildingCollateral;void processEntityDamageToBuildingCollateral(TileMapState * this, int tile, uint x_2, uint y_2, int damage, int playerID, undefined4 unused, int unitID)
0x00518130;clearAttackInfo;void clearAttackInfo(TroopValueState * this)
0x00518180;initializeAttackWaveSlot;void initializeAttackWaveSlot(TroopValueState * this, int param_1, int param_2)
0x005182a0;searchTribeWithProperties;BOOLEnum searchTribeWithProperties(TroopValueState * this, int param_1)
0x00518350;isAttackWaveComplete;undefined4 isAttackWaveComplete(TroopValueState * this)
0x00518380;sortAttackInfoTribeIDArrayBasedOn;void sortAttackInfoTribeIDArrayBasedOn(TroopValueState * this, int attackWave, int shrinkSize, int tribeSizeSumLimit, SomeTribeBehaviorType someTribeTypeIdentifier)
0x00518870;applyTribeBehaviorTypes;void applyTribeBehaviorTypes(TroopValueState * this, SomeTribeBehaviorType tribeBehaviorType, SomeTribeBehaviorType tribeBehaviorType2, int off1, int off2)
0x00518930;assignBehaviorTypeToNearbyTribes;void assignBehaviorTypeToNearbyTribes(TroopValueState * this, SomeTribeBehaviorType param_1, undefined4 param_2, short param_3, short param_4)
0x00518a10;assignBehaviorTypeAndLinkSupportTribe;void assignBehaviorTypeAndLinkSupportTribe(TroopValueState * this, int param_1, int param_2, SomeTribeBehaviorType param_3, undefined4 param_4, undefined4 param_5)
0x00518bb0;isLessThanPercentageOfTribesInAttackDying;BOOLEnum isLessThanPercentageOfTribesInAttackDying(TroopValueState * this, int attackID, int leDyingPerc)
0x00518c50;renderAttackInfoDebugOverlay;void renderAttackInfoDebugOverlay(TroopValueState * this, int x, int y, int width, int height)
0x00519310;computeAttackWaveTroopComposition;void computeAttackWaveTroopComposition(TroopValueState * this)
0x00519690;buildRallyPointsFromSiegeUnits;void buildRallyPointsFromSiegeUnits(TroopValueState * this, int tribeID)
0x00519790;setRallyPointForLaddermenTribe;void setRallyPointForLaddermenTribe(TroopValueState * this, int param_1)
0x00519850;initializeAttackZoneSearch;void initializeAttackZoneSearch(TroopValueState * this, int param_1)
0x005198c0;recomputeTargetedBuildingTilesArray;void recomputeTargetedBuildingTilesArray(TroopValueState * this, int playerID)
0x00519960;getTileInTargetedBuildingTiles;BOOLEnum getTileInTargetedBuildingTiles(TroopValueState * this, int tile)
0x00519990;computeSiegeSpotScores;void computeSiegeSpotScores(TroopValueState * this, int attackedPlayerID, int attackingPlayerID)
0x00519cc0;findEnemyWalls;undefined4 findEnemyWalls(TroopValueState * this, int unitID)
0x00519de0;setScale3;void setScale3(TroopValueState * this, int one, int playerID)
0x00519e40;findNearestAvailableScalePoint;undefined4 findNearestAvailableScalePoint(TroopValueState * this, int unitID)
0x00519f50;setTown2;void setTown2(TroopValueState * this, int param_1, int playerID)
0x00519fb0;findEnemyBuildingsClosestToUnit;undefined4 findEnemyBuildingsClosestToUnit(TroopValueState * this, int unitID)
0x0051a0c0;countAvailablePeopleValueSlots;void countAvailablePeopleValueSlots(TroopValueState * this, int param_1)
0x0051a100;countAvailableLordValueSlots;void countAvailableLordValueSlots(TroopValueState * this, int param_1)
0x0051a140;calculateTile2PeoplValueClosestToUnit;undefined4 calculateTile2PeoplValueClosestToUnit(TroopValueState * this, int unitID)
0x0051a220;findEnemyLord;int findEnemyLord(TroopValueState * this, undefined4 param_1)
0x0051a2d0;setGate2;void setGate2(TroopValueState * this, int param_1, int param_2)
0x0051a330;findEnemyTowersOrGates;undefined4 findEnemyTowersOrGates(TroopValueState * this, int unitID)
0x0051a550;setWide3;void setWide3(TroopValueState * this, int param_1, int param_2)
0x0051a5b0;getClosestWideValueBasedOnPlayer;undefined4 getClosestWideValueBasedOnPlayer(TroopValueState * this, int playerID)
0x0051a720;setMoat3;void setMoat3(TroopValueState * this, int checkAgainstNonZero, int playerID)
0x0051a780;calculateTile2MoatValueClosestToUnit;undefined4 calculateTile2MoatValueClosestToUnit(TroopValueState * this, int unitID)
0x0051a8a0;findNearestDiggableMoatPoint;int findNearestDiggableMoatPoint(TroopValueState * this, int param_1)
0x0051a920;findTribeWithMoatAttackBehavior;undefined4 findTribeWithMoatAttackBehavior(TroopValueState * this)
0x0051a9a0;countAvailableHighValueSlots;void countAvailableHighValueSlots(TroopValueState * this, int param_1)
0x0051a9f0;calculateHigh2ClostestToTribeTargetUnit;int calculateHigh2ClostestToTribeTargetUnit(TroopValueState * this, int tribeID)
0x0051ab10;countAvailableArcherValueSlots;void countAvailableArcherValueSlots(TroopValueState * this, int param_1)
0x0051ab60;calculateArch2ClosestToTribeTargetUnit;int calculateArch2ClosestToTribeTargetUnit(TroopValueState * this, int tribeID)
0x0051ac80;AttackInfoHasHigh2Building;BOOLEnum AttackInfoHasHigh2Building(int buildingID)
0x0051acb0;AttackInfoHasArch2Building;undefined4 AttackInfoHasArch2Building(int buildingID)
0x0051ace0;expandAIZoneLayerStage1;void expandAIZoneLayerStage1(TroopValueState * this)
0x0051ae00;expandAIZoneLayerStage2;void expandAIZoneLayerStage2(TroopValueState * this)
0x0051ae90;expandAIZoneLayerStage3;void expandAIZoneLayerStage3(TroopValueState * this)
0x0051af20;findOrReserveArcherPointSlot;int findOrReserveArcherPointSlot(TroopValueState * this, int param_1)
0x0051af70;pruneStaleArcherPoints;void pruneStaleArcherPoints(TroopValueState * this)
0x0051aff0;claimArcherAttackPoint;int claimArcherAttackPoint(TroopValueState * this, int param_1)
0x0051b0c0;getSupportPointIndex;int getSupportPointIndex(TroopValueState * this, int tile)
0x0051b110;pruneStaleSupportPoints;void pruneStaleSupportPoints(TroopValueState * this)
0x0051b190;AssignTribeToSupportPoint;int AssignTribeToSupportPoint(uint x, uint y, int tribeID)
0x0051b240;getSiegeIndexForTile;int getSiegeIndexForTile(TroopValueState * this, int tile)
0x0051b290;pruneStaleTentPoints;void pruneStaleTentPoints(TroopValueState * this)
0x0051b310;placeSiegeTentAtAttackAngle;int placeSiegeTentAtAttackAngle(TroopValueState * this, int tribeID, MappersEnum commandBuildingType)
0x0051b420;placeSiegeTentOrTunnelAtSuitableLocationAndAssignEngineers;BOOLEnum placeSiegeTentOrTunnelAtSuitableLocationAndAssignEngineers(TroopValueState * this, int tribeID, MappersEnum commandBuildingType, uint strategicDistance, UnitInstructionType instruction)
0x0051b570;placeTunnelEntrances;int placeTunnelEntrances(TroopValueState * this, int tribeID)
0x0051b680;clearAIInfoLayerOutsideStartZone;void clearAIInfoLayerOutsideStartZone(TroopValueState * this)
0x0051b6c0;playAttackAlarmSound;void playAttackAlarmSound(TroopValueState * this)
0x0051b710;placeSiegeTentsAndAssignEngineers;void placeSiegeTentsAndAssignEngineers(TroopValueState * this, int param_1, int param_2)
0x0051ba30;placeTunnelForEveryTunneler;void placeTunnelForEveryTunneler(TroopValueState * this, int attackWave)
0x0051bc70;addUnitToNewTribe;int addUnitToNewTribe(TroopValueState * this, undefined4 unitID, int attackWave, AITribeType tribeType, undefined4 playerID)
0x0051bd10;exitSiegeEquipmentForWave;void exitSiegeEquipmentForWave(TroopValueState * this, int wave)
0x0051bde0;getPlayerNot1AndHasKeep;undefined getPlayerNot1AndHasKeep(void)
0x0051be20;FindFirstOpponentWithKeep;int FindFirstOpponentWithKeep(void)
0x0051be60;registerSpottedEnemyTile;void registerSpottedEnemyTile(TroopValueState * this, int param_1)
0x0051bf20;shouldLightPitchBasedOnTroopValue;BOOLEnum shouldLightPitchBasedOnTroopValue(TroopValueState * this, int tile, int playerID)
0x0051bf70;giveLightPitchInstructionToUnitClosestToPitch;undefined4 giveLightPitchInstructionToUnitClosestToPitch(TroopValueState * this, int tile)
0x0051c1a0;lightPitchIfNecessary;void lightPitchIfNecessary(TroopValueState * this, int unitID, int unitID2)
0x0051c2d0;updateArcherBrazierProximityFlags;void updateArcherBrazierProximityFlags(TroopValueState * this)
0x0051c360;getValueOfTroopType;int getValueOfTroopType(TroopValueState * this, UnitType unitType)
0x0051c470;queueOilThrowForIdleArchers;void queueOilThrowForIdleArchers(TroopValueState * this)
0x0051c570;ifNecessaryThrowOilAutomatically;undefined4 ifNecessaryThrowOilAutomatically(TroopValueState * this, int param_1)
0x0051c800;commandUnitsToMoveToKeep;void commandUnitsToMoveToKeep(TroopValueState * this)
0x0051ca50;collectArcherUnitsByLocation;void collectArcherUnitsByLocation(TroopValueState * this)
0x0051cbd0;redeployArchersToDefensivePositions;void redeployArchersToDefensivePositions(TroopValueState * this)
0x0051ccb0;assignMacemenAndKnightsNotFromPlayer1ToTribes;void assignMacemenAndKnightsNotFromPlayer1ToTribes(TroopValueState * this)
0x0051cf90;trySendMacemenTribeToAttack;void trySendMacemenTribeToAttack(TroopValueState * this)
0x0051d020;trySendKnightTribeToAttack;void trySendKnightTribeToAttack(TroopValueState * this)
0x0051d0d0;sendAttackingPatrolTribeToComputedDestination;void sendAttackingPatrolTribeToComputedDestination(TroopValueState * this, int tribeID)
0x0051d1c0;moveTribeToReachableNearbyTile;void moveTribeToReachableNearbyTile(TroopValueState * this, int param_1)
0x0051d2b0;decideAndExecuteTribeAttackAction;void decideAndExecuteTribeAttackAction(TroopValueState * this, int tribeID)
0x0051d450;moveTribeToNearbyGatehouse;undefined4 moveTribeToNearbyGatehouse(TroopValueState * this, int param_1)
0x0051d510;moveTowardsParticularUnits;void moveTowardsParticularUnits(TroopValueState * this, int param_1)
0x0051d5d0;DecrementTileMap1104;void DecrementTileMap1104(void)
0x0051d680;constructTroopValueState;TroopValueState * constructTroopValueState(TroopValueState * this)
0x0051d690;advanceAttackWaveStaging;void advanceAttackWaveStaging(TroopValueState * this, int param_1)
0x0051d730;updateActiveAttackWaveState;void updateActiveAttackWaveState(TroopValueState * this, int attackWave)
0x0051d7f0;updateTribeBehaviorBasedOnBehaviorType;void updateTribeBehaviorBasedOnBehaviorType(TroopValueState * this, int tribeID)
0x0051e300;recomputeAttackInfo;void recomputeAttackInfo(TroopValueState * this, int playerID, int attackedPlayerID)
0x0051f340;scanForArcherPoints;void scanForArcherPoints(TroopValueState * this)
0x0051f4b0;scanForSupportPoints;void scanForSupportPoints(TroopValueState * this)
0x0051f5c0;scanForSiegeTentPoints;void scanForSiegeTentPoints(TroopValueState * this)
0x0051f9c0;recountTotalTroopValue;void recountTotalTroopValue(TroopValueState * this)
0x0051fa70;recomputeTotalTroopValueOfTroopsNearKeep;void recomputeTotalTroopValueOfTroopsNearKeep(TroopValueState * this)
0x0051fb80;uselessFunction;void uselessFunction(TroopValueState * this, PackagedFileMagicNum receivedMapVersion, PackagedFileMagicNum packagerMapVersion)
0x0051fb90;recountAttackTroopValue;void recountAttackTroopValue(TroopValueState * this, int param_1)
0x0051fe80;updateAttackInfoTick;void updateAttackInfoTick(TroopValueState * this)
0x0051ff90;initializeOrAdvanceAttackWave;void initializeOrAdvanceAttackWave(TroopValueState * this, int param_1)
0x005200a0;aiRecomputeAttacks2;void aiRecomputeAttacks2(TroopValueState * this, int param_1, int param_2)
0x005202b0;aiRecomputeAttacks;void aiRecomputeAttacks(TroopValueState * this, undefined4 param_1, int param_2)
0x00520450;updateInProgressAttackWave;void updateInProgressAttackWave(TroopValueState * this, int attackID)
0x005205a0;executeAttackWaveTargetAssignment;void executeAttackWaveTargetAssignment(TroopValueState * this, int param_1)
0x00520cd0;executeDelayedAttackWaveTargetAssignment;void executeDelayedAttackWaveTargetAssignment(TroopValueState * this, int param_1)
0x00520f70;aiControlNonSkirmishUnitMovement;void aiControlNonSkirmishUnitMovement(TroopValueState * this)
0x00521180;constructTribesState;TribesState * constructTribesState(TribesState * this)
0x005211b0;clearAllTribes;void clearAllTribes(TribesState * this)
0x00521210;reassignOwnerForTribesOfBehaviorType2;void reassignOwnerForTribesOfBehaviorType2(TribesState * this, int param_1, int param_2)
0x00521240;swapTribeOwnership;void swapTribeOwnership(TribesState * this, int param_1, int param_2)
0x00521280;moveUnitToBehaviorTarget;undefined4 moveUnitToBehaviorTarget(TribesState * this, int unitID, int param_2)
0x00521500;predictUnitInterceptPosition;void predictUnitInterceptPosition(TribesState * this, int targetUnitID, int unitID, int * unitCurrentX, int * unitCurrentY)
0x00521720;getMajoritySelectedUnitType;UnitType getMajoritySelectedUnitType(TribesState * this, undefined4 tribeID, int * maximumCount)
0x005217e0;playUnitSelectionSound;void playUnitSelectionSound(TribesState * this, int param_1)
0x00521a90;playUnitCombatSpeechForTarget;void playUnitCombatSpeechForTarget(TribesState * this, int selectionID, int unitID)
0x00521eb0;playUnitSelectSpeech;void playUnitSelectSpeech(TribesState * this, undefined4 param_1)
0x00521ef0;playUnitMoveSpeech;void playUnitMoveSpeech(TribesState * this, undefined4 param_1)
0x00522090;playAttackCommandFeedback;void playAttackCommandFeedback(TribesState * this, int param_1)
0x00522110;playPatrolCommandSpeech;void playPatrolCommandSpeech(TribesState * this, undefined4 param_1)
0x00522150;playTunnelerCommandSpeech;void playTunnelerCommandSpeech(TribesState * this)
0x00522160;playWorkCommandSpeech;void playWorkCommandSpeech(TribesState * this, undefined4 param_1)
0x005221a0;applyTribeBehaviorType;void applyTribeBehaviorType(TribesState * this, int attackWave, SomeTribeBehaviorType tribeBehaviorType)
0x00522210;updatePeasantSeatingAtBuilding;void updatePeasantSeatingAtBuilding(TribesState * this, int param_1, int param_2, int param_3)
0x00522360;tribeCorrespondsWithUID;uint tribeCorrespondsWithUID(TribesState * this, int tribeID, uint tribeUID)
0x00522390;getUnitIDForIndexInTribe;int getUnitIDForIndexInTribe(TribesState * this, int tribeID, int unitSelectionIndex)
0x00522410;getSpecificUnitFromTribe;int getSpecificUnitFromTribe(TribesState * this, int tribeID, int param_2)
0x005224e0;setWhetherTribeContainsAnyUnits;int setWhetherTribeContainsAnyUnits(TribesState * this, int tribeID)
0x00522520;addUnitToSelected;void addUnitToSelected(TribesState * this, uint unitID)
0x00522550;unitIsSelectedByPlayer;BOOLEnum unitIsSelectedByPlayer(TribesState * this, uint tribeID)
0x00522590;addUnitToTribe;int addUnitToTribe(TribesState * this, uint unitID, int tribeID)
0x00522630;removeUnitFromThisTribeIfInTribe;void removeUnitFromThisTribeIfInTribe(TribesState * this, uint unitID, int tribeID)
0x00522720;getAvailableTribeID;int getAvailableTribeID(TribesState * this, int playerID)
0x005227e0;createTribeForPlayer;int createTribeForPlayer(TribesState * this, int playerID)
0x00522890;createTribe;int createTribe(TribesState * this, int playerID, int setAsCurrentTribeID)
0x00522950;createPlayerTribe;int createPlayerTribe(TribesState * this, int playerID, undefined4 one, int tribeID)
0x005229c0;addUnitsToTribeAndComputeMovementSpeed;void addUnitsToTribeAndComputeMovementSpeed(TribesState * this, int playerID, int tribeID)
0x00522b00;addUnitToTribeAndUpdateTribeMovementSpeed;void addUnitToTribeAndUpdateTribeMovementSpeed(TribesState * this, int param_1, uint unitID, int tribeID)
0x00522bc0;clearTribe;void clearTribe(TribesState * this, int param_1)
0x00522bf0;queueUnitStance;void queueUnitStance(TribesState * this, undefined4 stanceID, undefined4 param_2)
0x00522c20;setUnitStance;void setUnitStance(TribesState * this, int tribeID, UnitStanceEnum unitStance)
0x00522c50;addRallyPoint;void addRallyPoint(TribesState * this, int section1016ID, short destinationX, short destinationY, int step)
0x00522ca0;snapshotSelectionTribeAndComputeStance;void snapshotSelectionTribeAndComputeStance(TribesState * this, int playerID)
0x00522dd0;importStoredInfoFromSlot0;void importStoredInfoFromSlot0(TribesState * this, undefined4 param_1, int tribeID)
0x00522ef0;trimTribeToSize;void trimTribeToSize(TribesState * this, undefined4 tribeID, int smallerSize)
0x00522f70;spawnUnitsForAITribe;void spawnUnitsForAITribe(TribesState * this, undefined4 param_1, int param_2, int param_3, int param_4, UnitType param_5, int param_6, int param_7)
0x00523030;spawnUnitsIntoNewTribe;dword spawnUnitsIntoNewTribe(TribesState * this, undefined4 counter, int tribeType, int x, int y, int playerID, UnitType unitType, UnitType unitType2, int unitType1Count, int unitType2Count)
0x00523190;createTribeWithSpawnedUnit;dword createTribeWithSpawnedUnit(TribesState * this, short someIndex, undefined4 tribeType, int x, int y, int playerID, UnitType unitType, int count)
0x00523240;spawnUnitsAroundLocation;dword spawnUnitsAroundLocation(TribesState * this, undefined4 param_1, int aroundX, int aroundY, int playerID, UnitType unitType, int count)
0x005232e0;ClearAnimalSpawnLocationsUnk;void ClearAnimalSpawnLocationsUnk(void)
0x00523340;storeDeerXAndYinMapInfo;void storeDeerXAndYinMapInfo(TribesState * this, undefined4 x, undefined4 y)
0x00523370;storeLionXAndYInMapInfo;void storeLionXAndYInMapInfo(TribesState * this, undefined4 x, undefined4 y)
0x005233a0;setRabbitSpawnXY;void setRabbitSpawnXY(TribesState * this, undefined4 x, undefined4 y)
0x005233e0;setCamelSpawnXY;void setCamelSpawnXY(TribesState * this, undefined4 x, undefined4 y)
0x00523410;findRecentOrSignpostSpawnLocation;undefined4 findRecentOrSignpostSpawnLocation(TribesState * this, uint * param_1, uint * param_2)
0x00523520;hasAvailableSpawnSlotForWildlifeOrMercs;undefined4 hasAvailableSpawnSlotForWildlifeOrMercs(TribesState * this)
0x00523590;updateAnimalHerdBehaviorState;void updateAnimalHerdBehaviorState(TribesState * this, int tribeID)
0x00523630;getNonDyingUnit;int getNonDyingUnit(TribesState * this, int tribeID)
0x005236a0;countDeerEfficiently;void countDeerEfficiently(TribesState * this)
0x00523730;markTribeAsAnimalTribe;void markTribeAsAnimalTribe(TribesState * this, int param_1)
0x00523750;flagTribesOfType;void flagTribesOfType(TribesState * this, int param_1)
0x00523790;consumeFlaggedTribesOfType;void consumeFlaggedTribesOfType(TribesState * this, int param_1, int param_2)
0x005237f0;aiAssignNewUnitToTribe;void aiAssignNewUnitToTribe(TribesState * this, int playerID, int unitType, int unitID)
0x00523920;scatterTribeUnitsRandomly;int scatterTribeUnitsRandomly(TribesState * this, int param_1)
0x00523a30;drawFlagsAndUnitDestinations;void drawFlagsAndUnitDestinations(TribesState * this, int tribeID)
0x00523e00;UpgradeMapTribesStateVersionTo_142;void UpgradeMapTribesStateVersionTo_142(void)
0x00523e30;UpgradeMapTribesStateVersionTo_Unknown1;void UpgradeMapTribesStateVersionTo_Unknown1(void)
0x00523eb0;UpgradeMapTribesStateVersionTo_Unknown2;void UpgradeMapTribesStateVersionTo_Unknown2(void)
0x00523ef0;upgradeTribeArrayLayoutForMapVersion;void upgradeTribeArrayLayoutForMapVersion(TribesState * this, PackagedFileMagicNum receivedMapVersion, PackagedFileMagicNum packagerMapVersion)
0x00523f70;updateTribeRallyFlags;undefined4 updateTribeRallyFlags(TribesState * this, int param_1)
0x00524000;unsetRallyRelatedFlagOnUnits;void unsetRallyRelatedFlagOnUnits(TribesState * this, int tribeID)
0x00524060;isTribeAllAssassins;BOOLEnum isTribeAllAssassins(TribesState * this, int tribeID)
0x005240d0;getFirstUnitInTribeThatIsOnXTerrain;int getFirstUnitInTribeThatIsOnXTerrain(TribesState * this, int selectionID)
0x00524140;tribeHasActiveLaddermanUnit;undefined4 tribeHasActiveLaddermanUnit(TribesState * this, int param_1)
0x005241c0;tribeContainsUnitThatCanClimb;undefined4 tribeContainsUnitThatCanClimb(TribesState * this, int param_1)
0x00524230;selectionContainsHorses;BOOLEnum selectionContainsHorses(TribesState * this, int param_1)
0x005242b0;getMajorityArcherTypeEuropeanOrArabian;UnitType getMajorityArcherTypeEuropeanOrArabian(TribesState * this, int selectionID)
0x00524340;applyMoveCommandOrRallyCommandToTribe;undefined4 applyMoveCommandOrRallyCommandToTribe(TribesState * this, int tribeID, undefined4 x1, undefined4 y1, undefined4 isRallying, int storeAsRallyPoint)
0x005244d0;assignAttackTargetsForTribe;undefined4 assignAttackTargetsForTribe(TribesState * this, int tribeID, SomeTribeBehaviorType targetType)
0x00524890;stopTribeMovementAndCheckIdle;undefined4 stopTribeMovementAndCheckIdle(TribesState * this, int param_1)
0x00524930;sortTribePathDestinationsByCost;void sortTribePathDestinationsByCost(TribesState * this, int tribeID, int horseAndRamCount)
0x00524b30;isTribeUnitBlockedByOtherUnit;undefined4 isTribeUnitBlockedByOtherUnit(TribesState * this, int param_1)
0x00524bf0;getTribeAliveStatus;int getTribeAliveStatus(TribesState * this, int tribeID)
0x00524ca0;isTribePathToDestinationClear;undefined4 isTribePathToDestinationClear(TribesState * this, int param_1, uint param_2, uint param_3, uint param_4, uint param_5)
0x00524e20;applyLadderDestructionToTribeUnits;void applyLadderDestructionToTribeUnits(TribesState * this, int param_1)
0x00524ef0;applyUnitTopSpeedDelayBasedOnTribeSize;void applyUnitTopSpeedDelayBasedOnTribeSize(TribesState * this, int tribeID, BOOLEnum param_2)
0x00525090;playArcherCommandSpeech;void playArcherCommandSpeech(TribesState * this, int selectionID)
0x005250b0;anyUnitsOfTribeAreOutsideCoverageOfPathFindingAlg;BOOLEnum anyUnitsOfTribeAreOutsideCoverageOfPathFindingAlg(TribesState * this, int tribeID, int algTileFlag)
0x00525130;applyMovementDistanceToUnitsInTribe;void applyMovementDistanceToUnitsInTribe(TribesState * this, int param_1)
0x005251a0;applyMovementDistanceToUnitsInTribeBasedOnUnitNumberInTribe;void applyMovementDistanceToUnitsInTribeBasedOnUnitNumberInTribe(TribesState * this, int param_1)
0x00525210;isTribeFreeOfTunnelingUnits;undefined4 isTribeFreeOfTunnelingUnits(TribesState * this, int param_1)
0x00525280;setTargetUnitForTribe;void setTargetUnitForTribe(TribesState * this, int tribeID)
0x00525300;setStateForAllTribeUnits;void setStateForAllTribeUnits(TribesState * this, int param_1, undefined4 param_2)
0x00525370;standUpAllTribeUnits;void standUpAllTribeUnits(TribesState * this, int param_1)
0x005253f0;allUnitsReachedTheirDestination;BOOLEnum allUnitsReachedTheirDestination(TribesState * this, int tribeID)
0x00525470;removeAllTribeUnits;void removeAllTribeUnits(TribesState * this, int param_1)
0x005254c0;addUnitToNewTribe;BOOLEnum addUnitToNewTribe(TribesState * this, uint unitID)
0x00525790;removeSelectedUnitsFromTheirCurrentTribes;void removeSelectedUnitsFromTheirCurrentTribes(TribesState * this, int playerID)
0x00525870;clearTribesOfUnitType;void clearTribesOfUnitType(TribesState * this, int param_1, int param_2)
0x00525970;clearTribesNotOfUnitType;void clearTribesNotOfUnitType(TribesState * this, int playerID, int unitType)
0x00525a70;removeUnitFromTribe;void removeUnitFromTribe(TribesState * this, uint unitID, int tribeID)
0x00525b70;popUnitFromTribe;int popUnitFromTribe(TribesState * this, int tribeID)
0x00525ba0;createAnimal;dword createAnimal(TribesState * this, MappersEnum animalType, uint x, uint y, int tile)
0x00525f20;spawnDeerLionOrRabbit;BOOLEnum spawnDeerLionOrRabbit(TribesState * this, int tribeID, int param_2, UnitType unitType)
0x005260b0;trySpawnAdditionalWildlifeForTribe;undefined4 trySpawnAdditionalWildlifeForTribe(TribesState * this, int param_1, int param_2, int param_3, int param_4)
0x005261b0;respawnDeer;void respawnDeer(TribesState * this)
0x005262a0;spawnWildlifeOrMercAtAvailableSlot;void spawnWildlifeOrMercAtAvailableSlot(TribesState * this)
0x00526370;upgradeMapTribesState;void upgradeMapTribesState(TribesState * this, PackagedFileMagicNum receivedMapVersion, PackagedFileMagicNum packagerMapVersion)
0x005263a0;giveTribeMoveInstruction;undefined4 giveTribeMoveInstruction(TribesState * this, int tribeID, uint x1, uint y1, int rallyBool, int storeAsRallyPoint, UnitMatchSpeedEnum speedMatching)
0x00526f00;commandUnitsToLocation;undefined4 commandUnitsToLocation(TribesState * this, int tribeID, uint destinationX, uint destinationY, undefined4 matchUnitSpeeds)
0x005270f0;computeTribePercentages;void computeTribePercentages(TribesState * this, int tribeID)
0x00527330;updateTribeUnitAssignments;void updateTribeUnitAssignments(TribesState * this)
0x00527440;spawnQueuedReinforcementWaves;void spawnQueuedReinforcementWaves(TribesState * this)
0x00527c80;giveTribeAnInstruction;undefined4 giveTribeAnInstruction(TribesState * this, int tribeID, UnitInstructionType unitInstructionType, int id|x|tile, int unitUID|Y, int param_5)
0x0052a640;moveTribeToNearbyClearTile;void moveTribeToNearbyClearTile(TribesState * this, int param_1)
0x0052a700;moveTribeToIndexedNearbyTile;int moveTribeToIndexedNearbyTile(TribesState * this, int param_1)
0x0052a7d0;updateTribeCombatStanceBehavior;void updateTribeCombatStanceBehavior(TribesState * this, int tribeID)
0x0052ad50;processDeerMoving;void processDeerMoving(TribesState * this, int tribeID)
0x0052b110;updateLionWolfTribeBehavior;void updateLionWolfTribeBehavior(TribesState * this, int param_1)
0x0052b390;updateRabbitTribeBehavior;void updateRabbitTribeBehavior(TribesState * this, int param_1)
0x0052b630;updateCamelTribeBehavior;void updateCamelTribeBehavior(TribesState * this, int param_1)
0x0052b860;updateTribes;void updateTribes(TribesState * this)
0x0052b9f0;clearWildlifeState;void clearWildlifeState(WildlifeState * this)
0x0052ba10;updateWildlifeGrid;void updateWildlifeGrid(WildlifeState * this, int _y10)
0x0052bf40;renderDebugDataMapData;void renderDebugDataMapData(WildlifeState * this, int x, int y, int width, int height)
0x0052c570;floodFillField13FromCell;undefined floodFillField13FromCell(void)
0x0052c810;floodFillField20FromCell;undefined floodFillField20FromCell(void)
0x0052cab0;findAndSetNewRallyPointForDeerAndLions;void findAndSetNewRallyPointForDeerAndLions(WildlifeState * this, int tribeID, int always2or3or5, int always0or1)
0x0052cfe0;buildRallyPointPathForTribe;undefined4 buildRallyPointPathForTribe(WildlifeState * this, int param_1)
0x0052d620;hasAdjacentCellWithField24Or25;undefined4 hasAdjacentCellWithField24Or25(WildlifeState * this, int param_1, int param_2)
0x0052d690;isSuitableWildlifeSpawnCell;undefined4 isSuitableWildlifeSpawnCell(WildlifeState * this, int param_1, int param_2)
0x0052d720;floodFillUnknownNonZero01FromCell;void floodFillUnknownNonZero01FromCell(WildlifeState * this, int param_1, int param_2, int param_3)
0x0052d9d0;floodFillCasDisFromSignpost;undefined floodFillCasDisFromSignpost(void)
0x0052dd20;getDistanceToNearestUnknownNonZero01FromSignpost;int getDistanceToNearestUnknownNonZero01FromSignpost(WildlifeState * this)
0x0052df10;Constructor_WildlifeState;WildlifeState * Constructor_WildlifeState(WildlifeState * this)
0x0052df30;updateWildlife;void updateWildlife(WildlifeState * this)
0x0052e020;updateSection1034Info;void updateSection1034Info(WildlifeState * this)
0x0052e120;updateNofFpoints;void updateNofFpoints(WildlifeState * this)
0x0052e7b0;clearAllUnits;void clearAllUnits(UnitsState * this)
0x0052e830;assignPeasantToBuilding;int assignPeasantToBuilding(UnitsState * this, UnitType unitType, int buildingID, int playerID, int workerIndex)
0x0052e960;euroRecruit;int euroRecruit(UnitsState * this, int unitType, undefined4 playersBarracksID, int playerID, int param_4)
0x0052ec10;nonEuroRecruit;int nonEuroRecruit(UnitsState * this, UnitType unitType, undefined4 recruitmentBuilding, int playerID, int param_4)
0x0052edc0;disbandUnit;int disbandUnit(UnitsState * this, int unitID)
0x0052eed0;assignNameToUnit;void assignNameToUnit(UnitsState * this, int unitID)
0x0052f010;removeUnitFromItsTribe;void removeUnitFromItsTribe(UnitsState * this, uint unitID, int unitUID)
0x0052f070;makeUnitStopWalkingByClearingPathProgressState;undefined makeUnitStopWalkingByClearingPathProgressState(void)
0x0052f0a0;checkUnitHasPropertyBasedOnUnitType;int checkUnitHasPropertyBasedOnUnitType(UnitsState * this, int unitID, int property)
0x0052f0d0;recomputeUnitStandingHeight;void recomputeUnitStandingHeight(UnitsState * this, int unitID)
0x0052f260;setMoveDelayForUnitsOnSameTiles;void setMoveDelayForUnitsOnSameTiles(UnitsState * this, int unitID, int unitIDCurrentTilePosition)
0x0052f440;setupUnitSharingTileIDs;void setupUnitSharingTileIDs(UnitsState * this, int unitID, int unitCurrentTilePosition)
0x0052f4e0;isUnitRegisteredOnItsOwnTile;undefined4 isUnitRegisteredOnItsOwnTile(UnitsState * this, int unitID)
0x0052f550;ifAnyUnitOnSameTileIsLadder;undefined ifAnyUnitOnSameTileIsLadder(void)
0x0052f5b0;ifAnyUnitOnSameTileIsLadderInRightDirection;undefined4 ifAnyUnitOnSameTileIsLadderInRightDirection(UnitsState * this, int tile, int y)
0x0052f680;triggerDesyncIfTileUnitLinkageInvalid;void triggerDesyncIfTileUnitLinkageInvalid(UnitsState * this, int tile)
0x0052f730;removeUnitsSameTileLinkageIfNoLongerApplicable;void removeUnitsSameTileLinkageIfNoLongerApplicable(UnitsState * this)
0x0052f7e0;calculateUnitMovementSpeed;void calculateUnitMovementSpeed(UnitsState * this, int unitID)
0x0052fbb0;standUpIfSeated;undefined4 standUpIfSeated(UnitsState * this, int param_1)
0x0052fbf0;sitDownIfStanding;undefined4 sitDownIfStanding(UnitsState * this, int param_1)
0x0052fc30;setFacingDirectionTowardUnit;void setFacingDirectionTowardUnit(UnitsState * this, int param_1, int param_2)
0x0052fca0;setFacingDirectionTowardCoords;void setFacingDirectionTowardCoords(UnitsState * this, int param_1, int param_2, int param_3)
0x0052fd00;setUnitFacingDirectionTowardsTarget;undefined4 setUnitFacingDirectionTowardsTarget(UnitsState * this, int unitID, int targetUnitID)
0x0052fe00;setFacingDirectionTowardUnitMicro;void setFacingDirectionTowardUnitMicro(UnitsState * this, int param_1, int param_2)
0x0052fe90;setUnitFacingDirectionForTargetXandY;bool setUnitFacingDirectionForTargetXandY(UnitsState * this, int unitID, int targetX, int targetY)
0x0052ff80;setUnitFacingDirectionBasedOnBuilding;uint setUnitFacingDirectionBasedOnBuilding(UnitsState * this, int unitID, int buildingID)
0x00530080;isComputerManagedNonPeasant;BOOLEnum isComputerManagedNonPeasant(UnitsState * this, int param_1)
0x005300b0;playHurtSFXForUnit;void playHurtSFXForUnit(UnitsState * this, int unitID)
0x005301f0;countLivingNondyingUnitsForPlayer;int countLivingNondyingUnitsForPlayer(UnitsState * this, int param_1)
0x00530240;triggerStoneTowerDeathForPlayer;void triggerStoneTowerDeathForPlayer(UnitsState * this, int param_1)
0x005302b0;killAllUnownedUnits;void killAllUnownedUnits(UnitsState * this)
0x00530310;triggerDeathAnimationForAllWildlife;void triggerDeathAnimationForAllWildlife(UnitsState * this)
0x00530390;killUnits;void killUnits(UnitsState * this, int playerID)
0x00530400;transferNonCourtUnitsToPlayer;void transferNonCourtUnitsToPlayer(UnitsState * this, int fromPlayer, int toPlayer)
0x00530500;makeCourtMemberUnitsDisappearAndSwapAllOtherUnitsOwnership;void makeCourtMemberUnitsDisappearAndSwapAllOtherUnitsOwnership(UnitsState * this, int param_1, int param_2)
0x00530650;makeUnitsDisappearThatCannotReachTheKeep;void makeUnitsDisappearThatCannotReachTheKeep(UnitsState * this, int playerID)
0x00530720;updateLogicAndClimbData;void updateLogicAndClimbData(int unitID)
0x00530760;detachLadderman;void detachLadderman(int unitID)
0x005307b0;UpdateSiegeTent;void UpdateSiegeTent(void)
0x00530880;setRandomNumberOnCows;void setRandomNumberOnCows(UnitsState * this, int playerID)
0x005308f0;setMissionNumberSpecificLord;void setMissionNumberSpecificLord(UnitsState * this, int missionNumber)
0x005309e0;UpdateBurningAnimal1;void UpdateBurningAnimal1(void)
0x00530a90;UpdateBurningAnimal2;void UpdateBurningAnimal2(void)
0x00530b40;IncrementAndOptionalUpdateAVValueRelated;void IncrementAndOptionalUpdateAVValueRelated(int unitID, BOOLEnum updateAV)
0x00530c40;ConsiderHavingABreakNowUnk;BOOLEnum ConsiderHavingABreakNowUnk(int unitID, UnitState nextUnitState)
0x00530cf0;SetStateToFreetimeWalking;undefined4 SetStateToFreetimeWalking(int unitID, int shouldFindNewGoodThing, int param_3)
0x00530d50;CheckUnitProductionPaused;bool CheckUnitProductionPaused(int param_1)
0x00530d70;ComputeGoodsProduced;int ComputeGoodsProduced(int unitID, int goodsCount, BOOLEnum boost)
0x00530e00;WarnIfPlayersGranaryIsFull;void WarnIfPlayersGranaryIsFull(void)
0x00530eb0;PlayStockpileIsFullWarning;uint PlayStockpileIsFullWarning(void)
0x00530f20;PlayArmoryIsFullWarning;void PlayArmoryIsFullWarning(void)
0x00530fd0;checkIfCitizenUnitIsAliveBasedOnState;undefined checkIfCitizenUnitIsAliveBasedOnState(void)
0x00531000;shouldUnitsEngageInMelee;bool shouldUnitsEngageInMelee(UnitsState * this, int param_1, int param_2)
0x005311f0;ComputeDamageFearFactorBonus;int ComputeDamageFearFactorBonus(UnitsState * this, int damage, int playerID)
0x00531220;processUnitAttackOtherUnit;undefined4 processUnitAttackOtherUnit(UnitsState * this, int unitID, int unit2ID)
0x00531920;processEntityDamageToUnit;BOOLEnum processEntityDamageToUnit(UnitsState * this, int unitID, int entityID, int tileDistance)
0x00532460;processFireDamageToUnit;undefined4 processFireDamageToUnit(UnitsState * this, int unitID, int playerID, int halfTheDamage)
0x00532700;shootProjectile;void shootProjectile(UnitsState * this, int unitID, EntityType projectileType, int targetX, int targetY, int targetZUnk)
0x00532ba0;recomputeTroopValuesForPlayer;void recomputeTroopValuesForPlayer(UnitsState * this, int playerID)
0x00532f60;getArmySize;int getArmySize(int playerID)
0x00532f80;computeDistanceToNearestEnemyForLegacyMissions;int computeDistanceToNearestEnemyForLegacyMissions(UnitsState * this, int param_1)
0x00533090;returnFalseStub;BOOLEnum returnFalseStub(UnitsState * this)
0x005330a0;setRandomShootLocation;void setRandomShootLocation(UnitsState * this, int unitID, int microX, int microY, int z)
0x005334a0;getRemainingRequiredEngineers;int getRemainingRequiredEngineers(UnitsState * this, int unitID)
0x00533580;checkTargetBuildingPossibilityOrState;BOOLEnum checkTargetBuildingPossibilityOrState(UnitsState * this, int unitID)
0x00533630;findClosestLaddermanWithLadderPosition;BOOLEnum findClosestLaddermanWithLadderPosition(UnitsState * this, int unitID)
0x00533810;findAndDestroyAdjacentEnemyLadder;int findAndDestroyAdjacentEnemyLadder(UnitsState * this, int param_1, int param_2)
0x00533920;getDestination2EqualsGivenCoordinates;BOOLEnum getDestination2EqualsGivenCoordinates(UnitsState * this, int unitID, int x, int y)
0x00533960;isAtSecondaryDestination;bool isAtSecondaryDestination(UnitsState * this, int param_1)
0x005339a0;hasUnitReachedDestination;BOOLEnum hasUnitReachedDestination(UnitsState * this, int unitID)
0x005339f0;hasTunnelerNotFinishedDigging;BOOLEnum hasTunnelerNotFinishedDigging(UnitsState * this, int param_1)
0x00533a10;computeLadderClimbPath;undefined4 computeLadderClimbPath(UnitsState * this, int unitID, uint param_2, int param_3, int param_4)
0x00533b30;changeDestinationByAmount;void changeDestinationByAmount(UnitsState * this, int unitID, int leftover)
0x00533c70;changeDestinationByLeftover;void changeDestinationByLeftover(UnitsState * this, int unitID)
0x00533ca0;tracePathFromLadderExitSetDestination;void tracePathFromLadderExitSetDestination(UnitsState * this, int unitID)
0x00533d50;updateUnitFadeAndVisibilityNearStructures;void updateUnitFadeAndVisibilityNearStructures(UnitsState * this, int unitID)
0x00533f90;saveUnitStateBeforeInterruption;undefined saveUnitStateBeforeInterruption(void)
0x00533fc0;despawnUnreachableUnit;void despawnUnreachableUnit(UnitsState * this, int param_1)
0x00534030;updateMicroPosition;void updateMicroPosition(UnitsState * this, int unitID)
0x005340f0;adjustUnitMapOrientationRelatedPositionBasedOnMapOrientationCorrectedFacingDirection;void adjustUnitMapOrientationRelatedPositionBasedOnMapOrientationCorrectedFacingDirection(UnitsState * this, int param_1)
0x00534130;applyTunnelDamageAlongPathPlan;void applyTunnelDamageAlongPathPlan(UnitsState * this, uint unitID)
0x00534240;stopUnitIfNextToTarget;int stopUnitIfNextToTarget(UnitsState * this, int unitID)
0x00534380;isWorkplaceBuildingOnAdjacentTile;undefined4 isWorkplaceBuildingOnAdjacentTile(UnitsState * this, int param_1)
0x005343f0;setWorkplaceBuildingEntryAsTarget;undefined4 setWorkplaceBuildingEntryAsTarget(UnitsState * this, int unitID, int entryAngleUnk)
0x00534460;unitIsInMoat;BOOLEnum unitIsInMoat(UnitsState * this, int unitID)
0x00534490;stampOccupancyFlagOnSurroundingTiles;void stampOccupancyFlagOnSurroundingTiles(UnitsState * this, int param_1)
0x00534520;writeSixToTileMap1104InAllDirections;void writeSixToTileMap1104InAllDirections(UnitsState * this, int unitID, undefined4 six)
0x005345a0;findEligibleUnitByTimeAndLocation;int findEligibleUnitByTimeAndLocation(UnitsState * this, int unitID, int playerID, int unitXPosition, int unitYPosition, int zero1, int zero2)
0x005346d0;selectNewBlessingTarget;int selectNewBlessingTarget(UnitsState * this, int unitID)
0x005347e0;applyDragBoxSelectionByPriority;void applyDragBoxSelectionByPriority(UnitsState * this)
0x00534d10;selectUnitsInDragBoxForCurrentPlayer;void selectUnitsInDragBoxForCurrentPlayer(UnitsState * this)
0x00534ee0;selectFirstUnitInDragBoxAnyPlayer;void selectFirstUnitInDragBoxAnyPlayer(UnitsState * this)
0x005350b0;selectAllUnitsOfTypeForPlayer;void selectAllUnitsOfTypeForPlayer(UnitsState * this, int param_1, int param_2)
0x00535150;deselectAllUnitsOneByOne;void deselectAllUnitsOneByOne(UnitsState * this)
0x00535190;deselectUnit;undefined deselectUnit(void)
0x005351c0;filterUnitSelectionExcludeUnitType;void filterUnitSelectionExcludeUnitType(UnitsState * this, int unitType)
0x00535200;filterUnitSelectionForUnitType;void filterUnitSelectionForUnitType(UnitsState * this, int unitType)
0x00535240;recountUnitsInSelection;void recountUnitsInSelection(UnitsState * this)
0x00535520;selectionContainsEngineersOnly;int selectionContainsEngineersOnly(UnitsState * this)
0x00535550;selectionHasEngineers;BOOLEnum selectionHasEngineers(UnitsState * this)
0x00535560;selectionHasArchers;BOOLEnum selectionHasArchers(UnitsState * this)
0x00535580;selectionHasMobileAssaultUnits;undefined4 selectionHasMobileAssaultUnits(UnitsState * this)
0x005355e0;selectionHasMixedAssaultAndInfantry;undefined4 selectionHasMixedAssaultAndInfantry(UnitsState * this)
0x00535680;getSelectedEngineerCarryingResource;uint getSelectedEngineerCarryingResource(UnitsState * this)
0x00535700;selectionContainsTunnelersOnly;int selectionContainsTunnelersOnly(UnitsState * this)
0x00535730;selectionContainsRangedOnlyUnits;BOOLEnum selectionContainsRangedOnlyUnits(UnitsState * this)
0x005357e0;selectionContainsLadermenOnly;int selectionContainsLadermenOnly(UnitsState * this)
0x00535810;selectionContainsOnlyArabAssassins;BOOLEnum selectionContainsOnlyArabAssassins(UnitsState * this)
0x00535840;selectionContainsShieldmenOnly;int selectionContainsShieldmenOnly(UnitsState * this)
0x00535870;selectionHasShieldOrSiegeMobileUnits;undefined4 selectionHasShieldOrSiegeMobileUnits(UnitsState * this)
0x005358c0;selectionHasShieldOrSiegeTower;undefined4 selectionHasShieldOrSiegeTower(UnitsState * this)
0x00535910;selectionHasNoRangedUnits;undefined4 selectionHasNoRangedUnits(UnitsState * this)
0x00535980;selectionHasFootSoldiers;undefined4 selectionHasFootSoldiers(UnitsState * this)
0x005359c0;getSelectedLordIDIfOwnedByCurrentPlayer;uint getSelectedLordIDIfOwnedByCurrentPlayer(UnitsState * this)
0x00535a30;createUnitSelection;int createUnitSelection(UnitsState * this)
0x00535b00;createTribeFromSelectedUnits;int createTribeFromSelectedUnits(UnitsState * this)
0x00535bc0;playerMakeUnitSelection;void playerMakeUnitSelection(UnitsState * this, int playerID, int tribeID)
0x00535df0;getFirstSelectedUnitID;void getFirstSelectedUnitID(UnitsState * this, undefined4 param_1)
0x00535e20;selectSiegeEngineAndPlayFeedback;void selectSiegeEngineAndPlayFeedback(UnitsState * this, int playerID, int unitID, int tribeID)
0x00535fd0;makeSelectionBasedOnShortcut;void makeSelectionBasedOnShortcut(UnitsState * this, int section1099ID)
0x005360a0;isUnitShortcutAvailable;BOOLEnum isUnitShortcutAvailable(UnitsState * this, int unitHotKeyNumber)
0x00536190;selectTribeUnitsForPlayer;void selectTribeUnitsForPlayer(UnitsState * this, int playerID, int tribeID)
0x005361f0;getUnitTypeOfFirstSelectedUnit;UnitType getUnitTypeOfFirstSelectedUnit(UnitsState * this)
0x00536260;selectionHasMovableNonSiegeUnit;undefined4 selectionHasMovableNonSiegeUnit(UnitsState * this)
0x005362f0;getFirstSelectedUnitOfEitherType;uint getFirstSelectedUnitOfEitherType(UnitsState * this, int param_1, int param_2)
0x00536370;getMaxStoneAmmoInSelectedSiegeEngines;int getMaxStoneAmmoInSelectedSiegeEngines(UnitsState * this)
0x00536400;countSelectedCatapultsAndTrebuchets;undefined4 countSelectedCatapultsAndTrebuchets(UnitsState * this)
0x005364c0;returnFirstSelectedEngineer;uint returnFirstSelectedEngineer(UnitsState * this)
0x00536530;getTunnelerIDOnlyIfFirstSelected;uint getTunnelerIDOnlyIfFirstSelected(UnitsState * this)
0x005365a0;getFirstSelectedLadderUnitID;uint getFirstSelectedLadderUnitID(UnitsState * this)
0x00536610;canAUnitClimb;undefined4 canAUnitClimb(UnitsState * this)
0x00536690;getFirstSelectedSiegeEngineID;uint getFirstSelectedSiegeEngineID(UnitsState * this)
0x00536710;getFirstSelectedCatapultOrTrebuchetID;uint getFirstSelectedCatapultOrTrebuchetID(UnitsState * this)
0x00536780;isTowerTileOvercrowdedByCurrentPlayer;BOOLEnum isTowerTileOvercrowdedByCurrentPlayer(UnitsState * this, int param_1)
0x00536970;checkAnySelectedUnitCannotClimb;undefined4 checkAnySelectedUnitCannotClimb(UnitsState * this)
0x005369f0;selectionHasUnmannedSiegeEngine;BOOLEnum selectionHasUnmannedSiegeEngine(UnitsState * this, int param_1)
0x00536a60;selectionContainsCombatUnit;int selectionContainsCombatUnit(UnitsState * this, uint unitID)
0x00536c70;queueStopCommand;void queueStopCommand(UnitsState * this)
0x00536c90;queueUnitTypeCommand;void queueUnitTypeCommand(UnitsState * this, undefined4 unitType)
0x00536cc0;queueClickNavigateMenuOrEscape;void queueClickNavigateMenuOrEscape(UnitsState * this, undefined4 param_1)
0x00536cf0;clearOrDeselectUnitFromSelection;void clearOrDeselectUnitFromSelection(UnitsState * this, int playerID, uint unitID, int unitType)
0x00536de0;clearSelectionCountsAndPlayerIDs;void clearSelectionCountsAndPlayerIDs(UnitsState * this)
0x00536e30;giveMoveCommand;void giveMoveCommand(UnitsState * this, int tribeID, int x, int y, int patrol, int matchUnitSpeeds)
0x00537070;giveTribeMoveInstructionHumans;void giveTribeMoveInstructionHumans(UnitsState * this, int tribeID, uint x, uint y, int rallyBool, MatchSpeedInstructionEnum speedMatching)
0x005370c0;extendRallyPoint;void extendRallyPoint(UnitsState * this, int tribeID, int mouseX, int mouseY, int rallyCount)
0x00537100;queueDisbandAndAttackCommand2Params;void queueDisbandAndAttackCommand2Params(UnitsState * this, undefined4 param_1, undefined4 param_2)
0x00537130;queueDisbandAndAttackCommand3Params;void queueDisbandAndAttackCommand3Params(UnitsState * this, undefined4 param_1, undefined4 param_2, undefined4 param_3)
0x00537160;queueDisbandAndAttackCommand4Params;void queueDisbandAndAttackCommand4Params(UnitsState * this, undefined4 param_1, undefined4 param_2, undefined4 param_3, undefined4 param_4)
0x005371a0;queueDisbandAndAttackCommand5Params;void queueDisbandAndAttackCommand5Params(UnitsState * this, undefined4 param_1, UnitInstructionType instruction, undefined4 param_3, undefined4 param_4, undefined4 param_5)
0x005371e0;relayTribeInstruction;void relayTribeInstruction(UnitsState * this, int tribeID, UnitInstructionType instructionType, int targetID_1, int targetID_2, int param_5)
0x005371f0;findFreeTileNearby;uint findFreeTileNearby(UnitsState * this, uint unitID, uint tile)
0x00537700;findTunnelTarget;BOOLEnum findTunnelTarget(UnitsState * this, int originBuildingID, int targetPlayer)
0x005377f0;getAliveLordForPlayer;int getAliveLordForPlayer(UnitsState * this, int playerID)
0x00537840;getRawDeerCount;int getRawDeerCount(UnitsState * this)
0x00537880;findNearestShootableDeer;void findNearestShootableDeer(UnitsState * this, int param_1)
0x00537a00;findNearestIdleCowForPlayer;int findNearestIdleCowForPlayer(UnitsState * this, int param_1, int param_2, int param_3)
0x00537aa0;findClosestAnimalStoreResult;int findClosestAnimalStoreResult(UnitsState * this, int maxDistance, BOOLEnum excludeCows, uint x, uint y)
0x00537c10;findClosestEnemyByAreaAndRange;int findClosestEnemyByAreaAndRange(UnitsState * this, int param_1, uint param_2, uint param_3, int param_4)
0x00537d60;tryAttackUnitID;undefined4 tryAttackUnitID(UnitsState * this, int unitID_1, int unitID_2)
0x00537e00;setTowerSiegeEngineToIdle;void setTowerSiegeEngineToIdle(UnitsState * this, int buildingID)
0x00537ee0;setAIControlStatusTo100000;void setAIControlStatusTo100000(UnitsState * this)
0x00537f60;clearUnitPositionCommitState;int clearUnitPositionCommitState(UnitsState * this, int unitIndex, int * param_2)
0x00539be0;getPeasantGmID;GmID getPeasantGmID(UnitsState * this, int unitID)
0x00539df0;chooseHusbandAndWife;undefined4 chooseHusbandAndWife(UnitsState * this, int * husbandID, int * wifeID)
0x0053a020;CurrentUnitHasHealer;BOOLEnum CurrentUnitHasHealer(void)
0x0053a070;isWorkerAtProductionIdleState;undefined isWorkerAtProductionIdleState(void)
0x0053a150;getWorkerBlockingStateIfStuck;int getWorkerBlockingStateIfStuck(UnitsState * this, int param_1)
0x0053a4d0;findActiveSiegeEngineForTribe;int findActiveSiegeEngineForTribe(UnitsState * this, int param_1)
0x0053a560;getLivingSelectableUnit;int getLivingSelectableUnit(UnitsState * this, int playerID)
0x0053a5b0;renderDebugDataUnitData;void renderDebugDataUnitData(UnitsState * this, int x, int y, int width, int height)
0x0053b1f0;UpgradeMapUnitsTo_117;void UpgradeMapUnitsTo_117(void)
0x0053b260;UpgradeMapUnitsTo_UnknownVersion2;void UpgradeMapUnitsTo_UnknownVersion2(void)
0x0053b310;UpgradeMapUnitsTo_114;void UpgradeMapUnitsTo_114(void)
0x0053b340;UpgradeMapUnitsTo_112;void UpgradeMapUnitsTo_112(void)
0x0053b380;UpgradeMapUnitsTo_100;void UpgradeMapUnitsTo_100(void)
0x0053b3e0;UpgradeMapUnitsTo_UnknownVersion1;void UpgradeMapUnitsTo_UnknownVersion1(void)
0x0053b4f0;UpgradeMapUnitsAttackTileLogicTo_122;void UpgradeMapUnitsAttackTileLogicTo_122(void)
0x0053b530;UpgradeMapUnitsTo_130;void UpgradeMapUnitsTo_130(void)
0x0053b570;UpgradeMapUnitsTo_149;void UpgradeMapUnitsTo_149(void)
0x0053b5a0;UpgradeMapUnitsTo_154;void UpgradeMapUnitsTo_154(void)
0x0053b5e0;UpgradeMapUnitsTo_155;void UpgradeMapUnitsTo_155(void)
0x0053b610;UpgradeMapUnitsLordHealthTo_169;void UpgradeMapUnitsLordHealthTo_169(void)
0x0053b800;UpgradeMapUnitsTo_170;void UpgradeMapUnitsTo_170(void)
0x0053b8b0;constructUnitsState;UnitsState * constructUnitsState(UnitsState * this)
0x0053b8e0;setUnitValues;void setUnitValues(UnitsState * this, int unitID, UnitType unitType)
0x0053bb10;commitPendingUnitPosition;void commitPendingUnitPosition(UnitsState * this, int unitID)
0x0053bb70;setupUnitSharingCurrentTilePosition;void setupUnitSharingCurrentTilePosition(UnitsState * this, int unitID)
0x0053bb90;teleportUnitToUnitXAndY;void teleportUnitToUnitXAndY(UnitsState * this, int unitID)
0x0053bc20;UpdateBurningMan;void UpdateBurningMan(void)
0x0053be00;UpdateCamel;void UpdateCamel(void)
0x0053c300;UpdateShield;void UpdateShield(void)
0x0053cac0;ConsiderTakingABreakUnk;BOOLEnum ConsiderTakingABreakUnk(int unitID)
0x0053cae0;getEnemyUnitIDNearby;int getEnemyUnitIDNearby(UnitsState * this, int unitID, int tileUnk, int unitHeight)
0x0053cbd0;prepareProjectileTarget;int prepareProjectileTarget(UnitsState * this, int shooterID, int targetID, int param_3)
0x0053d030;harassBuildingsWithSiegeAI;undefined4 harassBuildingsWithSiegeAI(UnitsState * this, int unitID)
0x0053d3d0;setDestinationForUnit;BOOLEnum setDestinationForUnit(UnitsState * this, int unitID, uint x, uint y, int reusePathingInfo)
0x0053d850;resumeMovementAfterInterruption;void resumeMovementAfterInterruption(UnitsState * this, int unitID)
0x0053d900;exitLadder;void exitLadder(UnitsState * this, int unitID)
0x0053d9c0;getUnitInHitBox;uint getUnitInHitBox(UnitsState * this, undefined4 param_1)
0x0053dcc0;setDestinationNearTargetedBuilding;undefined4 setDestinationNearTargetedBuilding(UnitsState * this, int unitID, int param_2)
0x0053ddd0;selectWorkerSpeechOrMoraleStateID;int selectWorkerSpeechOrMoraleStateID(UnitsState * this, int unitID)
0x0053e390;upgradeMapFormatForUnits;void upgradeMapFormatForUnits(UnitsState * this, PackagedFileMagicNum receivedMapVersion, PackagedFileMagicNum packagerMapVersion)
0x0053e440;spawnUnit;int spawnUnit(UnitsState * this, int playerID, int displayColor, int microXPosition, int microYPosition, int terrainHeight, UnitType unitType)
0x0053e6c0;changeUnitType;int changeUnitType(UnitsState * this, int unitID)
0x0053e790;deleteUnit;void deleteUnit(UnitsState * this, uint unitID)
0x0053e820;commitUnitLocation;void commitUnitLocation(UnitsState * this, int unitID)
0x0053e870;resetUnitMovementState;void resetUnitMovementState(UnitsState * this, int unitID)
0x0053e8d0;clearHiddenFlagAndUpdatePosition;void clearHiddenFlagAndUpdatePosition(UnitsState * this, int unitID)
0x0053e900;setPositionOfUnit;void setPositionOfUnit(UnitsState * this, int unitID, uint x, uint y, undefined4 height)
0x0053e9f0;commitMimmicLocation;void commitMimmicLocation(UnitsState * this, int unitID)
0x0053eaa0;UpdatePeasant;void UpdatePeasant(void)
0x0053f940;UpdateOx;void UpdateOx(void)
0x00540040;ifOnADefensiveStructureSetDestinationInDirectionOfTarget;BOOLEnum ifOnADefensiveStructureSetDestinationInDirectionOfTarget(UnitsState * this, int unitID)
0x005401d0;UpdateMiner;void UpdateMiner(void)
0x00540440;UpdateHealer;void UpdateHealer(void)
0x00540ec0;UpdateInnkeeper;void UpdateInnkeeper(void)
0x005416b0;UpdateMerchant;void UpdateMerchant(void)
0x00541a30;UpdateMerchantHorse;void UpdateMerchantHorse(void)
0x00541de0;UpdateDeer;void UpdateDeer(void)
0x00542630;UpdateRabbit;void UpdateRabbit(void)
0x00542d10;UpdateCow;void UpdateCow(void)
0x00543340;UpdateFireWatch;void UpdateFireWatch(void)
0x00543b80;UpdateGhost;void UpdateGhost(void)
0x00543dc0;UpdateLady;void UpdateLady(void)
0x00544750;UpdateSiegeTower;void UpdateSiegeTower(void)
0x005459b0;UpdateBatteringRam;void UpdateBatteringRam(void)
0x005464f0;UpdateChicken;void UpdateChicken(void)
0x00546bc0;UpdateMother;void UpdateMother(void)
0x005477c0;UpdateChild;void UpdateChild(void)
0x00549090;UpdateJuggler;void UpdateJuggler(void)
0x00549650;UpdateFireEater;void UpdateFireEater(void)
0x00549b30;SetRestingForUnit;undefined4 SetRestingForUnit(int unitID)
0x00549c70;processMeleeInitiation;void processMeleeInitiation(UnitsState * this, int unitID)
0x0054a770;resumeMovementIfNoAttackTarget;void resumeMovementIfNoAttackTarget(UnitsState * this, int param_1)
0x0054a7b0;findNearestEnemyAndHeadTowardsIt;dword findNearestEnemyAndHeadTowardsIt(UnitsState * this, int unitID)
0x0054b0d0;acquireShootTarget;BOOLEnum acquireShootTarget(UnitsState * this, short * unitID)
0x0054bfc0;updateClimbing;BOOLEnum updateClimbing(UnitsState * this, int unitID)
0x0054c1c0;unitClimbing;void unitClimbing(UnitsState * this, int param_1)
0x0054c4f0;handleUnitMovementWhenTargetingBuildings;int handleUnitMovementWhenTargetingBuildings(UnitsState * this, int unitID)
0x0054c610;moveToFreeTileNearby;BOOLEnum moveToFreeTileNearby(UnitsState * this, int unitID)
0x0054c710;UpdateWoodcutter;BOOLEnum UpdateWoodcutter(void)
0x0054d8f0;UpdateFletcher;void UpdateFletcher(void)
0x0054e6c0;UpdateTunneler;void UpdateTunneler(void)
0x0054f860;UpdateHunter;void UpdateHunter(void)
0x00550a50;UpdateQuarryMason;void UpdateQuarryMason(void)
0x00550d70;UpdateQuarryWorker;void UpdateQuarryWorker(void)
0x00551980;UpdatePitchman;void UpdatePitchman(void)
0x005521d0;UpdateWheatFarmer;void UpdateWheatFarmer(void)
0x00552f80;UpdateHopsFarmer;void UpdateHopsFarmer(void)
0x00553ae0;UpdateAppleFarmer;void UpdateAppleFarmer(void)
0x00554500;UpdateDairyFarmer;void UpdateDairyFarmer(void)
0x00554cc0;UpdateMiller;void UpdateMiller(void)
0x00555880;UpdateBaker;void UpdateBaker(void)
0x005565d0;UpdateBrewer;void UpdateBrewer(void)
0x00557230;UpdatePoleTurner;void UpdatePoleTurner(void)
0x00557f70;UpdateBlacksmith;void UpdateBlacksmith(void)
0x00558cb0;UpdateArmorer;void UpdateArmorer(void)
0x005598d0;UpdateTanner;void UpdateTanner(void)
0x0055a800;UpdateCrusaderArcher;void UpdateCrusaderArcher(void)
0x0055c7b0;UpdateCrossbowman;void UpdateCrossbowman(void)
0x0055da50;UpdateSpearman;void UpdateSpearman(void)
0x0055f110;UpdatePikeman;void UpdatePikeman(void)
0x00560700;UpdateMaceman;void UpdateMaceman(void)
0x00561c10;UpdateSwordsman;void UpdateSwordsman(void)
0x00562aa0;UpdateKnight;void UpdateKnight(void)
0x00563910;UpdateLadderman;void UpdateLadderman(void)
0x00564250;UpdateEngineer;void UpdateEngineer(void)
0x00566010;UpdateMinerIronFetcher;void UpdateMinerIronFetcher(void)
0x00566750;UpdatePriest;void UpdatePriest(void)
0x00567320;UpdateDrunkard;void UpdateDrunkard(void)
0x00567640;UpdateMonk;void UpdateMonk(void)
0x00568320;UpdateCatapult;void UpdateCatapult(void)
0x00569410;UpdateTrebuchet;void UpdateTrebuchet(void)
0x0056a3f0;UpdateMangonel;void UpdateMangonel(void)
0x0056b0e0;UpdateLion;void UpdateLion(void)
0x0056b970;UpdateHunterDog;void UpdateHunterDog(void)
0x0056c560;UpdateLord;void UpdateLord(void)
0x0056e190;UpdateJester;void UpdateJester(void)
0x0056ecd0;UpdateBallista;void UpdateBallista(void)
0x0056f9b0;UpdateCageDog;void UpdateCageDog(void)
0x00570400;UpdateArabianArcher;void UpdateArabianArcher(void)
0x00571c00;UpdateSlave;void UpdateSlave(void)
0x00572e80;UpdateSlinger;void UpdateSlinger(void)
0x005744d0;UpdateAssassin;void UpdateAssassin(void)
0x00575820;HorseArcher_DoShooting;void HorseArcher_DoShooting(short * unitID)
0x00575c40;UpdateArabianSwordsman;void UpdateArabianSwordsman(void)
0x005769f0;UpdateFireThrower;void UpdateFireThrower(void)
0x00577cc0;UpdateFireBallista;void UpdateFireBallista(void)
0x00578c40;processUnitMove;undefined4 processUnitMove(UnitsState * this, int unitID, int speedCategory)
0x00579300;updateUnits;void updateUnits(UnitsState * this)
0x0057ab50;UpdateHorseArcher;void UpdateHorseArcher(void)
0x0057b9c0;PlayJokeVideoBasedOnCurrentTimeAndPlayTime;void PlayJokeVideoBasedOnCurrentTimeAndPlayTime(void)
0x0057be10;WinMain;int WinMain(HINSTANCE hInstance, HINSTANCE hPrevInstance, LPSTR lpCmdLine, int nShowCmd)
0x0057c815;WideCharToMultiByteThunk;int WideCharToMultiByteThunk(UINT CodePage, DWORD dwFlags, LPCWSTR lpWideCharStr, int cchWideChar, LPSTR lpMultiByteStr, int cbMultiByte, LPCSTR lpDefaultChar, LPBOOL lpUsedDefaultChar)
0x0057c83a;MultiByteToWideCharThunk;int MultiByteToWideCharThunk(UINT CodePage, DWORD dwFlags, LPCSTR lpMultiByteStr, int cbMultiByte, LPWSTR lpWideCharStr, int cchWideChar)
0x0057c85f;GetProcAddress_kernel32_Thunk;FARPROC GetProcAddress_kernel32_Thunk(HMODULE hModule, LPCSTR lpProcName)
0x0057c884;SetWindowLongA_user32_Thunk;LONG SetWindowLongA_user32_Thunk(HWND hWnd, int nIndex, LONG dwNewLong)
0x0057c8a9;GetShortPathNameW_kernel32_Thunk;DWORD GetShortPathNameW_kernel32_Thunk(LPCWSTR lpszLongPath, LPWSTR lpszShortPath, DWORD cchBuffer)
0x0057c8ce;_GetOrdinal@20;undefined2 _GetOrdinal@20(byte * param_1, int param_2, int param_3, int param_4, int param_5)
0x0057c94b;_ImageEntryToDataC@12;int _ImageEntryToDataC@12(int param_1, ushort param_2, undefined4 * param_3)
0x0057c987;_strcmpiC@8;int _strcmpiC@8(PCNZCH param_1, PCNZCH param_2)
0x0057c9ae;_strncpyC@12;undefined4 * _strncpyC@12(undefined4 * param_1, char * param_2, int param_3)
0x0057c9f0;_GetProcAddressInternal@8;uint _GetProcAddressInternal@8(int param_1, byte * param_2)
0x0057ca56;_driveandpathC@12;void _driveandpathC@12(char * param_1, undefined4 * param_2, undefined4 * param_3)
0x0057caf3;checkLocationOfUnicowsDLL;void checkLocationOfUnicowsDLL(void)
0x0057ccc0;ResolveThunk;void ResolveThunk(char * dllName, char * funcName, long * ptrToFuncAddress, int param_4, void * param_5)
0x0057ce07;FUN_0057ce07;undefined4 FUN_0057ce07(void)
0x0057ce15;FUN_0057ce15;undefined4 FUN_0057ce15(void)
0x0057ce22;FID_conflict:_GodotFaillstrcatW@8;undefined4 FID_conflict:_GodotFaillstrcatW@8(void)
0x0057ce52;FUN_0057ce52;undefined4 FUN_0057ce52(void)
0x0057ce5d;FUN_0057ce5d;undefined4 FUN_0057ce5d(void)
0x0057ce6a;_GodotFailGetProcAddress@8;uint _GodotFailGetProcAddress@8(int param_1, byte * param_2)
0x0057cea9;FUN_0057cea9;undefined4 FUN_0057cea9(void)
0x0057ceb6;FID_conflict:_GodotFailIsWindowUnicode@4;undefined4 FID_conflict:_GodotFailIsWindowUnicode@4(void)
0x0057cee6;FUN_0057cee6;undefined4 FUN_0057cee6(void)
0x0057cef3;_GodotFailMultiByteToWideChar@24;undefined4 _GodotFailMultiByteToWideChar@24(void)
0x0057cf23;FID_conflict:_GodotFailWideCharToMultiByte@32;undefined4 FID_conflict:_GodotFailWideCharToMultiByte@32(void)
0x0057cf53;FUN_0057cf53;undefined4 FUN_0057cf53(void)
0x0057cf60;FID_conflict:_GodotFailFindResourceW@12;undefined4 FID_conflict:_GodotFailFindResourceW@12(void)
0x0057cf90;WSACleanup;int WSACleanup(void)
0x0057cf96;gethostbyname;hostent * gethostbyname(char * name)
0x0057cf9c;gethostname;int gethostname(char * name, int namelen)
0x0057cfa2;WSAStartup;int WSAStartup(WORD wVersionRequired, LPWSADATA lpWSAData)
0x0057cfa8;DirectDrawCreate;HRESULT DirectDrawCreate(GUID * lpGUID, IDirectDraw * * lplpDD, IUnknown * pUnkOuter)
0x0057cfae;DirectPlayCreate;int DirectPlayCreate(undefined * param_1, int * * param_2, int param_3)
0x0057cfc0;pkware_crc32;uint pkware_crc32(undefined * buf, int * length, uint * old_crc)
0x0057d000;pkware_implode;uint pkware_implode(read_buf * read_buf, write_buf * write_buf, TCmpStruct * work_buf, void * param, uint * type, uint * dsize)
0x0057d1a0;pkware_FUN_0057d1a0;void pkware_FUN_0057d1a0(uint * param_1)
0x0057d520;pkware_FUN_0057d520;int pkware_FUN_0057d520(byte * * param_1, byte * param_2)
0x0057d860;pkware_FUN_0057d860;void pkware_FUN_0057d860(int param_1, uint param_2, uint param_3)
0x0057d8f0;pkware_FUN_0057d8f0;void pkware_FUN_0057d8f0(uint * param_1, byte param_2, uint param_3)
0x0057d960;pkware_FUN_0057d960;void pkware_FUN_0057d960(int param_1)
0x0057d9e0;pkware_FUN_0057d9e0;void pkware_FUN_0057d9e0(int param_1, byte * param_2, byte * param_3)
0x0057daa0;pkware_explode;int pkware_explode(_func_3 * read_buf, _func_4 * write_buf, TDcmpStruct * work_buf, void * param)
0x0057dc20;pkware_FUN_0057dc20;uint pkware_FUN_0057dc20(int param_1)
0x0057dd20;pkware_FUN_0057dd20;uint pkware_FUN_0057dd20(int param_1)
0x0057ded0;pkware_FUN_0057ded0;int pkware_FUN_0057ded0(int param_1, int param_2)
0x0057df50;pkware_FUN_0057df50;undefined4 pkware_FUN_0057df50(int param_1, uint param_2)
0x0057dfe0;pkware_FUN_0057dfe0;void pkware_FUN_0057dfe0(int param_1, int param_2, int param_3, int param_4)
0x0057e020;pkware_FUN_0057e020;void pkware_FUN_0057e020(int param_1)
0x0057e120;pkware_FUN_0057e120;void pkware_FUN_0057e120(undefined4 * param_1, undefined4 * param_2, uint param_3)
0x0057e158;AIL_shutdown;void AIL_shutdown(void)
0x0057e160;RegisterMilesAILShutdown;int RegisterMilesAILShutdown(void)
0x0057e170;AIL_shutdown;void AIL_shutdown(void)
0x0057e180;__Tolower;int __Tolower(int param_1, _Ctypevec * param_2)
0x0057e28f;__Getctype;_Ctypevec * __Getctype(_Ctypevec * __return_storage_ptr__)
0x0057e2ea;_Init_locks;_Init_locks * _Init_locks(_Init_locks * this)
0x0057e319;_DestructorHelper_FUN_0057e319;void _DestructorHelper_FUN_0057e319(void)
0x0057e342;_Lockit;_Lockit * _Lockit(_Lockit * this, int param_1)
0x0057e363;meth_0x57e363;void meth_0x57e363(_Lockit * this)
0x0057e375;~_Fac_node;void ~_Fac_node(_Fac_node * this)
0x0057e38a;__Deletegloballocale;void __Deletegloballocale(cls_0x4676e0 * * param_1)
0x0057e3a6;_tidy_global;void _tidy_global(void)
0x0057e3d0;FUN_0057e3d0;undefined4 FUN_0057e3d0(void)
0x0057e3d6;_Setgloballocale;void _Setgloballocale(void * param_1)
0x0057e3fb;_Locimp_dtor;void _Locimp_dtor(_Locimp * param_1)
0x0057e45b;__Fac_tidy;void __Fac_tidy(void)
0x0057e49e;facet_Register;void facet_Register(facet * param_1)
0x0057e4d7;_Locinfo_dtor;void _Locinfo_dtor(_Locinfo * param_1)
0x0057e4fa;_Locimp;_Locimp * _Locimp(_Locimp * this, bool param_1)
0x0057e543;~_Locimp;void ~_Locimp(_Locimp * this)
0x0057e580;virt_meth_0x57e580;_Locimp * virt_meth_0x57e580(_Locimp * this)
0x0057e59c;_Init;_Locimp * _Init(void)
0x0057e636;_Locinfo_ctor;void _Locinfo_ctor(_Locinfo * param_1, char * param_2)
0x0057e680;_Callfns;void _Callfns(ios_base * this, event event)
0x0057e6a2;_Tidy;void _Tidy(ios_base * basePtr)
0x0057e6e8;_Ios_base_dtor;void _Ios_base_dtor(ios_base * ios_base)
0x0057e726;_Lockit;_Lockit * _Lockit(_Lockit * this)
0x0057e73e;FUN_0057e73e;undefined FUN_0057e73e(void)
0x0057e753;acquireLock;void acquireLock(LockClass1 * this)
0x0057e75c;releaseLock;void releaseLock(LockClass1 * this)
0x0057e765;logic_error;logic_error * logic_error(logic_error * this, basic_string<char,struct_std::char_traits<char>,class_std::allocator<char>_> * param_1)
0x0057e79a;virt_meth_0x57e79a;dword * virt_meth_0x57e79a(logic_error * this)
0x0057e7a8;FID_conflict:~runtime_error;void FID_conflict:~runtime_error(void * this)
0x0057e7c5;virt_meth_0x57e7c5;logic_error * virt_meth_0x57e7c5(logic_error * this)
0x0057e7e1;unwindMethod_0x57e7e1;void unwindMethod_0x57e7e1(undefined4 * param_1)
0x0057e7ec;`scalar_deleting_destructor';length_error * `scalar_deleting_destructor'(void * this)
0x0057e80e;unwindMethod_0x57e80e;void unwindMethod_0x57e80e(undefined4 * param_1)
0x0057e819;`scalar_deleting_destructor';logic_error * `scalar_deleting_destructor'(void * this)
0x0057e83b;RaiseStringTooLongException;void RaiseStringTooLongException(void)
0x0057e87a;ctor_0x57e87a;exception * ctor_0x57e87a(exception * param_1_00, exception * param_2)
0x0057e8b4;ctor_0x57e8b4;exception * ctor_0x57e8b4(exception * param_1_00, exception * param_2)
0x0057e8cc;RaiseInvalidStringException;void RaiseInvalidStringException(void)
0x0057e90b;FUN_0057e90b;exception * FUN_0057e90b(void * this, exception * param_1)
0x0057e923;__Toupper;int __Toupper(int param_1, _Ctypevec * param_2)
0x0057ea37;_Xfsopen;_iobuf * _Xfsopen(wchar_t * param_1, wchar_t * param_2, int param_3)
0x0057eaec;_Fiopen;_iobuf * _Fiopen(wchar_t * param_1, int param_2, int param_3)
0x0057eba1;_Fiopen;_iobuf * _Fiopen(char * param_1, int param_2, int param_3)
0x0057ebfc;thunk_FUN_00586363;bool thunk_FUN_00586363(void)
0x0057ec01;FUN_0057ec01;void FUN_0057ec01(LPCRITICAL_SECTION param_1)
0x0057ec0c;FUN_0057ec0c;void FUN_0057ec0c(LPCRITICAL_SECTION param_1)
0x0057ec17;EnterCriticalSection_2;void EnterCriticalSection_2(LPCRITICAL_SECTION lpCriticalSection)
0x0057ec22;LeaveCriticalSection_2;void LeaveCriticalSection_2(LPCRITICAL_SECTION lpCriticalSection)
0x0057ec2d;_Atexit;void _Atexit(FuncDef1 * param_1)
0x0057ec4d;thunk_FUN_0057ec67;void thunk_FUN_0057ec67(void)
0x0057ec67;FUN_0057ec67;void FUN_0057ec67(void)
0x0057ec72;__init_pointers_FUN_0057ec72;void __init_pointers_FUN_0057ec72(void)
0x0057ec73;__cfltcvt_init;void __cfltcvt_init(void)
0x0057ecd3;__fpmath;void __fpmath(int param_1)
0x0057ecf1;__isnan;int __isnan(double _X)
0x0057ed20;__ftol2;int __ftol2(float10 param)
0x0057ee10;_math_atan_FUN_0057ee10;float10 _math_atan_FUN_0057ee10(float10 param_1)
0x0057ee68;_math_atan_FUN_0057ee68;float10 _math_atan_FUN_0057ee68(float10 floatIn, uint eaxIn, int param_3, int param_4)
0x0057eef0;_math_sqrt_FUN_0057eef0;float10 _math_sqrt_FUN_0057eef0(float10 param_1)
0x0057ef0d;_math_sqrt_FUN_0057ef0d;float10 _math_sqrt_FUN_0057ef0d(int param_1, uint param_2, float10 param_3)
0x0057eff0;_math_tan_1_FUN_0057eff0;void _math_tan_1_FUN_0057eff0(float10 param_1)
0x0057f03f;FUN_0057f03f;uint FUN_0057f03f(undefined4 param_1, uint param_2)
0x0057f048;_math_FUN_0057f048;float10 _math_FUN_0057f048(int param_1, int param_2)
0x0057f120;_math_cos;float10 _math_cos(float10 param_1)
0x0057f16f;FUN_0057f16f;uint FUN_0057f16f(undefined4 param_1, uint param_2)
0x0057f178;FUN_0057f178;float10 FUN_0057f178(int param_1)
0x0057f250;_math_sin;float10 _math_sin(float10 param_1)
0x0057f29f;FUN_0057f29f;undefined FUN_0057f29f(void)
0x0057f2a8;FUN_0057f2a8;float10 FUN_0057f2a8(int param_1, int param_2, int param_3, float10 param_4)
0x0057f339;FUN_0057f339;errno_t FUN_0057f339(tm * param_1, __time64_t * param_2)
0x0057f5fe;_localtime;tm * _localtime(time_t * _Time)
0x0057f622;__time64;__time64_t __time64(__time64_t * _Time)
0x0057f660;_memset;void * _memset(void * _Dst, int _Val, size_t _Size)
0x0057f6da;_sprintf;int _sprintf(char * _Dest, CHAR_CONST * _Format, ...)
0x0057f755;__security_check_cookie;undefined __security_check_cookie(void)
0x0057f764;_LocaleUpdate;void _LocaleUpdate(_LocaleUpdate * this, localeinfo_struct * param_1)
0x0057f7e6;___ascii_stricmp;int ___ascii_stricmp(char * _Str1, char * _Str2)
0x0057f81b;__stricmp_l;int __stricmp_l(char * _Str1, char * _Str2, _locale_t _Locale)
0x0057f8ee;__stricmp;int __stricmp(CHAR_CONST * _Str1, CHAR_CONST * _Str2)
0x0057f93e;FUN_0057f93e;undefined4 FUN_0057f93e(undefined4 param_1)
0x0057f9f7;FUN_0057f9f7;undefined4 FUN_0057f9f7(void)
0x0057fa26;__onexit;_onexit_t __onexit(_onexit_t _Func)
0x0057fa5c;FUN_0057fa5c;void FUN_0057fa5c(void)
0x0057fa62;_atexit;int _atexit(_atexit_t * param_1)
0x0057fa74;_free_base;void _free_base(void * _Memory)
0x0057faca;FUN_0057faca;void FUN_0057faca(void)
0x0057fb02;__tolower_l;int __tolower_l(int _C, _locale_t _Locale)
0x0057fc19;__tolower;int __tolower(int _C)
0x0057fc40;FUN_0057fc40;int FUN_0057fc40(FILE * param_1)
0x0057fcb2;_fclose;int _fclose(FILE * _File)
0x0057fd26;FUN_0057fd26;void FUN_0057fd26(void)
0x0057fd2e;FUN_0057fd2e;uint FUN_0057fd2e(undefined * param_1, size_t param_2, uint param_3, uint param_4, FILE * param_5)
0x0057ff34;_fread_s;size_t _fread_s(void * _DstBuf, size_t _DstSize, size_t _ElementSize, size_t _Count, FILE * _File)
0x0057ffc0;FUN_0057ffc0;void FUN_0057ffc0(void)
0x0057ffca;_fread;void _fread(void * dstBuffer, size_t elSize, size_t count, FILE * file)
0x0057ffe5;_V6_HeapAlloc;undefined4 _V6_HeapAlloc(uint param_1)
0x0058002b;FUN_0058002b;void FUN_0058002b(void)
0x00580034;_malloc;void * _malloc(size_t _Size)
0x005800f7;FUN_005800f7;int FUN_005800f7(FILE * param_1)
0x0058028f;_ftell;long _ftell(FILE * _File)
0x005802f3;FUN_005802f3;void FUN_005802f3(void)
0x005802fd;__fseek_nolock;int __fseek_nolock(FILE * _File, long _Offset, FilePtrMoveMethodInt _Origin)
0x00580384;_fseek;int _fseek(FILE * _File, long _Offset, FilePtrMoveMethod _Origin)
0x005803ff;FUN_005803ff;void FUN_005803ff(void)
0x00580409;__fsopen;FILE * __fsopen(char * _Filename, char * _Mode, int _ShFlag)
0x005804c3;FUN_005804c3;void FUN_005804c3(void)
0x005804cd;_fopen;FILE * _fopen(CHAR_CONST * _Filename, CHAR_CONST * _Mode)
0x005804e0;__vswprintf_l;int __vswprintf_l(wchar_t * _String, size_t _Count, wchar_t * _Format, _locale_t _Plocinfo, va_list _Ap)
0x00580577;__vswprintf;int __vswprintf(wchar_t * _Dest, wchar_t * _Format, va_list _Args)
0x0058058e;FUN_0058058e;uint FUN_0058058e(undefined4 param_1_00, FILE * param_2)
0x00580735;_fgetwc;wint_t _fgetwc(FILE * _File)
0x0058079e;FUN_0058079e;void FUN_0058079e(void)
0x005807a8;FUN_005807a8;undefined4 FUN_005807a8(FILE * param_1, WCHAR * param_2)
0x00580832;FUN_00580832;void FUN_00580832(void)
0x0058083c;FUN_0058083c;uint FUN_0058083c(char * param_1, uint param_2, uint param_3, FILE * param_4)
0x0058099b;_fwrite;size_t _fwrite(void * _Str, size_t _Size, size_t _Count, FILE * _File)
0x00580a13;FUN_00580a13;void FUN_00580a13(void)
0x00580a1d;_wcsncpy;wchar_t * _wcsncpy(wchar_t * _Dest, wchar_t * _Source, size_t _Count)
0x00580a5a;__wcsicmp_l;int __wcsicmp_l(wchar_t * _Str1, wchar_t * _Str2, _locale_t _Locale)
0x00580b69;__wcsicmp;int __wcsicmp(wchar_t * _Str1, wchar_t * _Str2)
0x00580bfa;WCharStringToLong;long WCharStringToLong(wchar_t * wideStr)
0x00580c0b;WCharStringToLong;long WCharStringToLong(wchar_t * wideStr)
0x00580c10;exception;void exception(exception * this)
0x00580c21;exception;exception * exception(exception * this, char * * param_1)
0x00580c6f;exception;exception * exception(exception * this, char * * param_1, int param_2)
0x00580c87;exception;exception * exception(exception * this, exception * param_1)
0x00580cdf;~exception;void ~exception(exception * this)
0x00580cf5;virt_meth_0x580cf5;char * virt_meth_0x580cf5(exception * this)
0x00580d02;bad_cast;bad_cast * bad_cast(bad_cast * this)
0x00580d3e;virt_meth_0x580d3e;exception * virt_meth_0x580d3e(exception * this)
0x00580d5a;`scalar_deleting_destructor';bad_cast * `scalar_deleting_destructor'(void * this)
0x00580d7c;~type_info;void ~type_info(type_info * this)
0x00580d8a;destructor1_virt_meth_0x580d8a;type_info * destructor1_virt_meth_0x580d8a(type_info * this, undefined4 param_1)
0x00580da6;operator==;bool operator==(type_info * this, type_info * param_1)
0x00580dc1;_free;void _free(void * _Memory)
0x00580dc6;_memcpy_s;errno_t _memcpy_s(void * _Dst, rsize_t _DstSize, void * _Src, rsize_t _MaxCount)
0x00580e41;_memmove_s;errno_t _memmove_s(void * _Dst, rsize_t _DstSize, void * _Src, rsize_t _MaxCount)
0x00580e9c;_free_cpp;void _free_cpp(void * _Memory)
0x00580ea1;FUN_00580ea1;undefined4 FUN_00580ea1(uint param_1)
0x00580f38;_ucrt_close;int _ucrt_close(int fileDescriptor)
0x00580ffb;FUN_00580ffb;void FUN_00580ffb(void)
0x00581005;FUN_00581005;int FUN_00581005(int fileDescriptor, void * destination, size_t size)
0x005815c6;_ucrt_read;int _ucrt_read(int fileDescriptor, void * destination, size_t size)
0x005816b9;FUN_005816b9;void FUN_005816b9(void)
0x005816c3;_ucrt_open;int _ucrt_open(char * _Filename, OpenFlag _OpenFlag, int _PMode)
0x005816ee;SetRNGSeed;void SetRNGSeed(ulong param_1)
0x005816fb;_rand;int _rand(void)
0x0058171d;__freea;void __freea(void * _Memory)
0x00581738;_strlwr_s_l_stat;int _strlwr_s_l_stat(char * param_1, uint param_2, localeinfo_struct * param_3)
0x005818b9;__strlwr_s_l;errno_t __strlwr_s_l(char * _Str, size_t _Size, _locale_t _Locale)
0x005818eb;__strlwr;char * __strlwr(char * string)
0x0058194d;FUN_0058194d;void FUN_0058194d(uint param_1, WCHAR * param_2, WCHAR * param_3)
0x00581f6f;_ucrt_write;undefined4 _ucrt_write(int fileDescriptor, void * src, uint size)
0x00582041;FUN_00582041;void FUN_00582041(void)
0x00582050;_memcpy;void * _memcpy(void * _Dst, void * _Src, size_t _Size)
0x005823b5;__toupper_l;int __toupper_l(int _C, _locale_t _Locale)
0x005824cd;__toupper;int __toupper(int _C)
0x005824f4;FUN_005824f4;void FUN_005824f4(undefined4 param_1)
0x005824fe;__invoke_watson;void __invoke_watson(wchar_t * param_1, wchar_t * param_2, wchar_t * param_3, uint param_4, uintptr_t param_5)
0x005825fa;FUN_005825fa;void FUN_005825fa(wchar_t * param_1, wchar_t * param_2, wchar_t * param_3, uint param_4, uintptr_t param_5)
0x0058261e;FUN_0058261e;void FUN_0058261e(void)
0x0058262e;bad_alloc;bad_alloc * bad_alloc(bad_alloc * this)
0x00582647;operator_new;void * operator_new(uint size)
0x005826b1;__CxxThrowException@8;void __CxxThrowException@8(undefined4 param_1, byte * param_2)
0x005826fb;GetFilePtrPos;int GetFilePtrPos(HANDLE hFile)
0x0058270c;_ucrt_lseek_nolock_unknown;DWORD _ucrt_lseek_nolock_unknown(HANDLE hFile, long lDistanceToMove, FilePtrMoveMethodInt moveMethod)
0x0058277e;_ucrt_lseek;int _ucrt_lseek(int fileDescriptor, long lDistanceToMove, FilePtrMoveMethod moveMethod)
0x00582850;Unlock;void Unlock(void)
0x0058285a;_JumpToContinuation;void _JumpToContinuation(void * param_1, EHRegistrationNode * param_2)
0x0058288a;FID_conflict:CallMemberFunction1;void FID_conflict:CallMemberFunction1(undefined4 param_1, undefined * param_2)
0x00582891;_UnwindNestedFrames;void _UnwindNestedFrames(EHRegistrationNode * param_1, EHExceptionRecord * param_2)
0x005828e3;__CxxFrameHandler;EXCEPTION_DISPOSITION __CxxFrameHandler(FuncInfo * pFuncInfo, EHExceptionRecord * pExcept, EHRegistrationNode * pRN, void * pContext, DispatcherContext * pDC)
0x00582919;EH_FUN_00582919;void EH_FUN_00582919(EHExceptionRecord * param_1, EHRegistrationNode * param_2, void * param_3)
0x00582949;_CallSETranslator;int _CallSETranslator(EHExceptionRecord * param_1, EHRegistrationNode * param_2, void * param_3, void * param_4, _s_FuncInfo * param_5, int param_6, EHRegistrationNode * param_7)
0x00582a1e;TranslatorGuardHandler;_EXCEPTION_DISPOSITION TranslatorGuardHandler(EHExceptionRecord * param_1, TranslatorGuardRN * param_2, void * param_3, void * param_4)
0x00582abb;_GetRangeOfTrysToCheck;_s_TryBlockMapEntry * _GetRangeOfTrysToCheck(_s_FuncInfo * param_1, int param_2, int param_3, uint * param_4, uint * param_5)
0x00582b2e;__CreateFrameInfo;undefined4 * __CreateFrameInfo(undefined4 * param_1, undefined4 param_2)
0x00582b56;__IsExceptionObjectToBeDestroyed;undefined4 __IsExceptionObjectToBeDestroyed(int param_1)
0x00582b77;__FindAndUnlinkFrame;void __FindAndUnlinkFrame(void * param_1)
0x00582bc3;_CallCatchBlock2;void * _CallCatchBlock2(EHRegistrationNode * param_1, _s_FuncInfo * param_2, void * param_3, int param_4, ulong param_5)
0x00582c30;__alldiv;longlong __alldiv(long dividend_lowOrder, long dividend_highOrder, long divisor_lowOrder, long divisor_highOrder)
0x00582ce0;__allmul;ulonglong __allmul(ulong factor1_lowOrder, ulong factor1_highOrder, ulong factor2_lowOrder, ulong factor2_highOrder)
0x00582d14;FUN_00582d14;uint FUN_00582d14(FILE * param_1)
0x00582e43;FUN_00582e43;void FUN_00582e43(void)
0x00582e4b;FUN_00582e4b;uint FUN_00582e4b(uint param_1, FILE * param_2)
0x00582f82;FUN_00582f82;void FUN_00582f82(void)
0x00582f8a;FUN_00582f8a;uint FUN_00582f8a(uint param_1, FILE * param_2)
0x005830a8;_ungetc;int _ungetc(int _Ch, FILE * _File)
0x00583110;FUN_00583110;void FUN_00583110(void)
0x0058311a;__flush;int __flush(FILE * _File)
0x0058317c;__fflush_nolock;int __fflush_nolock(FILE * _File)
0x005831be;_flsall;int _flsall(int param_1)
0x00583260;FUN_00583260;void FUN_00583260(void)
0x0058328f;FUN_0058328f;void FUN_0058328f(void)
0x00583298;_fflush;int _fflush(FILE * _File)
0x005832e1;FUN_005832e1;void FUN_005832e1(void)
0x005832eb;FUN_005832eb;void FUN_005832eb(void)
0x005832f4;_setvbuf;int _setvbuf(FILE * _File, char * _Buf, int _Mode, size_t _Size)
0x005833e8;FUN_005833e8;void FUN_005833e8(void)
0x005833f2;_fgetpos;int _fgetpos(FILE * _File, fpos_t * _Pos)
0x0058345d;_fsetpos;int _fsetpos(FILE * _File, fpos_t * _Pos)
0x005834a0;__alloca_probe;undefined4 __alloca_probe(void)
0x005834cb;__strnicmp_l;int __strnicmp_l(char * _Str1, char * _Str2, size_t _MaxCount, _locale_t _Locale)
0x005835bb;__strnicmp;int __strnicmp(char * _Str1, char * _Str2, size_t _MaxCount)
0x00583617;_atol;long _atol(char * _Str)
0x00583628;_atol;long _atol(char * _Str)
0x00583630;FUN_00583630;uint * FUN_00583630(uint * param_1, uint * param_2, uint param_3)
0x00583760;_memmove;void * _memmove(void * _Dst, void * _Src, size_t _Size)
0x00583ac5;__amsg_exit;void __amsg_exit(int param_1)
0x00583ae9;FUN_00583ae9;void FUN_00583ae9(undefined4 param_1)
0x00583b0f;___crtExitProcess;void ___crtExitProcess(int param_1)
0x00583b24;FUN_00583b24;void FUN_00583b24(void)
0x00583b2d;FUN_00583b2d;void FUN_00583b2d(void)
0x00583b36;FUN_00583b36;void FUN_00583b36(undefined * * param_1)
0x00583b4e;__initterm_e;void __initterm_e(undefined * * param_1, undefined * * param_2)
0x00583b6e;__get_osplatform;undefined4 __get_osplatform(int * param_1)
0x00583ba5;__get_winmajor;undefined4 __get_winmajor(undefined4 * param_1)
0x00583be1;__cinit;int __cinit(int param_1)
0x00583c73;FUN_00583c73;void FUN_00583c73(int param_1, int param_2, int param_3)
0x00583d40;FUN_00583d40;void FUN_00583d40(void)
0x00583d55;_exit;void _exit(int _Code)
0x00583d66;__exit;void __exit(int param_1)
0x00583d77;__cexit;void __cexit(void)
0x00583d86;FUN_00583d86;void FUN_00583d86(void)
0x00583d95;__init_pointers;void __init_pointers(void)
0x00583de1;_fast_error_exit;void _fast_error_exit(undefined4 param_1)
0x00583e05;_check_managed_app;bool _check_managed_app(void)
0x00583e46;___tmainCRTStartup;undefined ___tmainCRTStartup(void)
0x00584026;entry;char * entry(void)
0x00584030;__crtLCMapStringA_stat;int __crtLCMapStringA_stat(localeinfo_struct * param_1, ulong param_2, ulong param_3, char * param_4, int param_5, char * param_6, int param_7, int param_8, int param_9)
0x005843d2;___crtLCMapStringA;int ___crtLCMapStringA(_locale_t _Plocinfo, LPCWSTR _LocaleName, DWORD _DwMapFlag, LPCSTR _LpSrcStr, int _CchSrc, LPSTR _LpDestStr, int _CchDest, int _Code_page, BOOL _BError)
0x00584415;___pctype_func;ushort * ___pctype_func(void)
0x0058443e;__isupper_l;int __isupper_l(int _C, _locale_t _Locale)
0x0058448d;_isupper;int _isupper(int _C)
0x005844b6;__islower_l;int __islower_l(int _C, _locale_t _Locale)
0x00584505;_islower;int _islower(int _C)
0x0058452e;__isdigit_l;int __isdigit_l(int _C, _locale_t _Locale)
0x0058457d;_isdigit;int _isdigit(int _C)
0x005845a6;___init_ctype;void ___init_ctype(pthreadlocinfo param_1)
0x0058493b;____lc_codepage_func;UINT ____lc_codepage_func(void)
0x00584961;____lc_handle_func;uint * ____lc_handle_func(void)
0x00584987;__malloc_crt;void * __malloc_crt(size_t _Size)
0x005849c7;__calloc_crt;void * __calloc_crt(size_t _Count, size_t _Size)
0x00584a0f;__realloc_crt;void * __realloc_crt(void * _Ptr, size_t _NewSize)
0x00584a5a;__recalloc_crt;void * __recalloc_crt(void * _Ptr, size_t _Count, size_t _Size)
0x00584ab0;_strlen;size_t _strlen(char * _Str)
0x00584b3b;__EH_prolog3;void __EH_prolog3(int param_1)
0x00584b6e;__EH_prolog3_catch;void __EH_prolog3_catch(int param_1)
0x00584ba4;__EH_epilog3;void __EH_epilog3(void)
0x00584bb8;___freetlocinfo;void ___freetlocinfo(void * param_1)
0x00584cf8;___addlocaleref;void ___addlocaleref(LONG * param_1)
0x00584d7e;___removelocaleref;LONG * ___removelocaleref(LONG * param_1)
0x00584e0a;__copytlocinfo_nolock;void __copytlocinfo_nolock(LONG * param_1)
0x00584e2e;__updatetlocinfoEx_nolock;LONG * __updatetlocinfoEx_nolock(void)
0x00584e6c;___updatetlocinfo;pthreadlocinfo ___updatetlocinfo(void)
0x00584ed6;FUN_00584ed6;void FUN_00584ed6(void)
0x00584ee2;_sync_legacy_variables_lk;void _sync_legacy_variables_lk(void)
0x00584f35;__strcats;void __strcats(char * param_1, rsize_t param_2, char * param_3)
0x00584f73;___lc_strtolc;undefined4 ___lc_strtolc(char * param_1, char * param_2)
0x0058509c;___lc_lctostr;void ___lc_lctostr(char * param_1, rsize_t param_2, char * param_3)
0x00585107;__setlocale_get_all;undefined4 * __setlocale_get_all(void)
0x00585278;__expandlocale;void __expandlocale(char * param_1, char * param_2, rsize_t param_3, undefined2 * param_4, undefined4 * param_5)
0x0058544c;__setlocale_set_cat;void __setlocale_set_cat(char * param_1_00, int param_2)
0x00585742;__setlocale_nolock;void __setlocale_nolock(char * param_1_00, int param_2, int param_3)
0x00585910;_setlocale;char * _setlocale(int _Category, char * _Locale)
0x00585a3e;FUN_00585a3e;void FUN_00585a3e(void)
0x00585a4a;FUN_00585a4a;void FUN_00585a4a(void)
0x00585a7b;FUN_00585a7b;void FUN_00585a7b(void)
0x00585a80;__wcstombs_l_helper;void __wcstombs_l_helper(LPSTR param_1, LPCWSTR param_2, uint param_3, localeinfo_struct * param_4)
0x00585cc6;__wcstombs_s_l;errno_t __wcstombs_s_l(size_t * _PtNumOfCharConverted, char * _Dst, size_t _DstSizeInBytes, wchar_t * _Src, size_t _MaxCountInBytes, _locale_t _Locale)
0x00585d77;_wcstombs_s;errno_t _wcstombs_s(size_t * _PtNumOfCharConverted, char * _Dst, size_t _DstSizeInBytes, wchar_t * _Src, size_t _MaxCountInBytes)
0x00585d95;__wfsopen;FILE * __wfsopen(wchar_t * _Filename, wchar_t * _Mode, int _ShFlag)
0x00585e51;FUN_00585e51;void FUN_00585e51(void)
0x00585e5b;__mbstowcs_l_helper;uint __mbstowcs_l_helper(LPWSTR param_1, byte * param_2, uint param_3, localeinfo_struct * param_4)
0x00585fe3;__mbstowcs_s_l;errno_t __mbstowcs_s_l(size_t * _PtNumOfCharConverted, wchar_t * _DstBuf, size_t _SizeInWords, char * _SrcBuf, size_t _MaxCount, _locale_t _Locale)
0x005860d9;_mbstowcs_s;errno_t _mbstowcs_s(size_t * _PtNumOfCharConverted, wchar_t * _DstBuf, size_t _SizeInWords, char * _SrcBuf, size_t _MaxCount)
0x00586102;`scalar_deleting_destructor';bad_exception * `scalar_deleting_destructor'(void * this)
0x00586124;___TypeMatch;undefined4 ___TypeMatch(byte * param_1, byte * param_2, uint * param_3)
0x00586180;FUN_00586180;undefined4 FUN_00586180(int * * param_1)
0x005861c4;__FrameUnwindToState;void __FrameUnwindToState(EHRegistrationNode * pRN, DispatcherContext * pDC, FuncInfo * pFuncInfo, __ehstate_t targetState)
0x0058628a;FUN_0058628a;void FUN_0058628a(void)
0x005862a5;FUN_005862a5;undefined4 FUN_005862a5(void)
0x005862ea;___DestructExceptionObject;void ___DestructExceptionObject(int * param_1)
0x0058633e;___AdjustPointer;int ___AdjustPointer(int param_1, int * param_2)
0x00586363;FUN_00586363;bool FUN_00586363(void)
0x00586376;IsInExceptionSpec;uchar IsInExceptionSpec(EHExceptionRecord * param_1, _s_ESTypeList * param_2)
0x005863ef;CallUnexpected;void CallUnexpected(_s_ESTypeList * param_1)
0x00586420;Catch_All@00586420;void Catch_All@00586420(void)
0x00586438;CallCatchBlock;void * CallCatchBlock(EHExceptionRecord * param_1, EHRegistrationNode * param_2, _CONTEXT * param_3, _s_FuncInfo * param_4, void * param_5, int param_6, ulong param_7)
0x0058655e;FUN_0058655e;void FUN_0058655e(void)
0x005865d4;___BuildCatchObjectHelper;char ___BuildCatchObjectHelper(int param_1, int * param_2, uint * param_3, byte * param_4)
0x00586753;___BuildCatchObject;void ___BuildCatchObject(int param_1, int * param_2, uint * param_3, byte * param_4)
0x005867e4;CatchIt;void CatchIt(EHExceptionRecord * param_1, EHRegistrationNode * param_2, _CONTEXT * param_3, void * param_4, _s_FuncInfo * param_5, _s_HandlerType * param_6, _s_CatchableType * param_7, _s_TryBlockMapEntry * param_8, int param_9, EHRegistrationNode * param_10, uchar param_11)
0x00586850;FindHandlerForForeignException;void FindHandlerForForeignException(EHExceptionRecord * param_1, EHRegistrationNode * param_2, _CONTEXT * param_3, void * param_4, _s_FuncInfo * param_5, int param_6, int param_7, EHRegistrationNode * param_8)
0x00586942;FindHandler;void FindHandler(EHExceptionRecord * param_1, EHRegistrationNode * param_2, _CONTEXT * param_3, void * param_4, _s_FuncInfo * param_5, uchar param_6, int param_7, EHRegistrationNode * param_8)
0x00586cb0;__InternalCxxFrameHandler;EXCEPTION_DISPOSITION __InternalCxxFrameHandler(EHExceptionRecord * pExcept, EHRegistrationNode * pRN, void * pContext, DispatcherContext * pDC, FuncInfo * pFuncInfo, int CatchDepth, EHRegistrationNode * pMarkerRN, BOOL recursive)
0x00586d94;_abort;void _abort(void)
0x00586e87;__forcdecpt_l;void __forcdecpt_l(char * _Buf, _locale_t _Locale)
0x00586ef8;__cropzeros_l;void __cropzeros_l(char * _Buf, _locale_t _Locale)
0x00586f78;FUN_00586f78;undefined4 FUN_00586f78(double * param_1)
0x00586f8e;__fassign_l;void __fassign_l(int flag, char * argument, char * number, _locale_t param_4)
0x00586fce;FUN_00586fce;void FUN_00586fce(int param_1, char * param_2, char * param_3)
0x00586fe5;__shift;void __shift(void)
0x00587002;FUN_00587002;void FUN_00587002(char * param_1)
0x00587010;FUN_00587010;void FUN_00587010(char * param_1)
0x0058701e;__cftoe2_l;DWORD __cftoe2_l(uint param_1, int param_2, int param_3, int * param_4, char param_5, localeinfo_struct * param_6)
0x0058718b;__cftoe_l;void __cftoe_l(double * param_1, undefined * param_2, uint param_3, int param_4, int param_5, localeinfo_struct * param_6)
0x00587259;__cftoe;errno_t __cftoe(double * _Value, char * _Buf, size_t _SizeInBytes, int _Dec, int _Caps)
0x00587277;__cftoa_l;DWORD __cftoa_l(double * param_1, undefined * param_2, uint param_3, size_t param_4, int param_5, localeinfo_struct * param_6)
0x005875e8;__cftof2_l;undefined4 __cftof2_l(undefined * param_1_00, int param_2, size_t param_3, char param_4, localeinfo_struct * param_5)
0x005876dd;__cftof_l;void __cftof_l(double * param_1, undefined * param_2, int param_3, size_t param_4, localeinfo_struct * param_5)
0x00587796;__cftog_l;void __cftog_l(double * param_1, undefined * param_2, uint param_3, size_t param_4, int param_5, localeinfo_struct * param_6)
0x0058788e;__cfltcvt_l;errno_t __cfltcvt_l(double * arg, char * buffer, size_t sizeInBytes, int format, int precision, int caps, _locale_t plocinfo)
0x00587914;__cfltcvt;errno_t __cfltcvt(double * arg, char * buffer, size_t sizeInBytes, int format, int precision, int caps)
0x00587935;__initp_misc_cfltcvt_tab;void __initp_misc_cfltcvt_tab(void)
0x00587954;__setdefaultprecision;void __setdefaultprecision(void)
0x0058797d;__ms_p5_test_fdiv;undefined4 __ms_p5_test_fdiv(void)
0x005879b9;__ms_p5_mp_test_fdiv;void __ms_p5_mp_test_fdiv(void)
0x005879e2;__set_exp;float10 __set_exp(undefined8 param_1, short param_2)
0x00587a0c;__decomp;void __decomp(uint param_1, uint param_2, int * param_3)
0x00587abb;__raise_exc_ex;void __raise_exc_ex(uint * param_1, uint * param_2, uint param_3, int param_4, undefined8 * param_5, undefined8 * param_6, int param_7)
0x00587d95;__raise_exc;void __raise_exc(uint * param_1, uint * param_2, uint param_3, int param_4, undefined8 * param_5, undefined8 * param_6)
0x00587db6;__handle_exc;bool __handle_exc(uint param_1, double * param_2, uint param_3)
0x00587f97;__set_errno_from_matherr;void __set_errno_from_matherr(int param_1)
0x00587fbf;__statfp;int __statfp(void)
0x00587fca;__clrfp;int __clrfp(void)
0x00587fd6;__ctrlfp;int __ctrlfp(void)
0x00587ffd;__set_statfp;void __set_statfp(void)
0x00588053;___set_fpsr_sse2;void ___set_fpsr_sse2(uint param_1)
0x005880c5;FUN_005880c5;undefined4 FUN_005880c5(void)
0x005880e0;FUN_005880e0;float10 FUN_005880e0(void)
0x005880fe;start;float10 start(double param_1)
0x005885b5;FUN_005885b5;void FUN_005885b5(void)
0x005885cc;FUN_005885cc;float10 FUN_005885cc(float10 param_1, uint eax)
0x005885e5;__fload_withFB;uint __fload_withFB(int param_1)
0x00588628;_math_FUN_00588628;uint _math_FUN_00588628(undefined4 param_1, uint param_2)
0x0058864b;_math_FUN_0058864b;float10 _math_FUN_0058864b(float10 param_1, char * param_2, int param_3, undefined4 param_4, undefined4 param_5, undefined4 param_6, undefined4 param_7)
0x00588730;FUN_00588730;undefined FUN_00588730(void)
0x00588747;__startOneArgErrorHandling;float10 __startOneArgErrorHandling(char * param_1_00, undefined4 param_2_00, undefined2 param_3, undefined4 param_4, undefined4 param_5, undefined4 param_6)
0x00588790;FUN_00588790;void FUN_00588790(void)
0x005887ae;_math_FUN_005887ae;float10 _math_FUN_005887ae(void)
0x005889f0;FUN_005889f0;void FUN_005889f0(void)
0x00588a0e;FUN_00588a0e;float10 FUN_00588a0e(void)
0x00588ba0;FUN_00588ba0;undefined FUN_00588ba0(void)
0x00588bbe;FUN_00588bbe;float10 FUN_00588bbe(void)
0x00588d68;FUN_00588d68;void FUN_00588d68(void)
0x00589017;FUN_00589017;void FUN_00589017(void)
0x005890b1;_cvtdate;int _cvtdate(int param_1_00, int param_2, int param_3, uint param_4, int param_5, int param_6, int param_7, int param_8, int param_9, int param_10)
0x005892a6;FUN_005892a6;bool FUN_005892a6(void)
0x0058947c;___tzset;void ___tzset(void)
0x005894c2;FUN_005894c2;void FUN_005894c2(void)
0x005894cb;__isindst;int __isindst(tm * _Time)
0x00589503;FUN_00589503;void FUN_00589503(void)
0x0058950c;__gmtime64_s;errno_t __gmtime64_s(tm * _Tm, __time64_t * _Time)
0x00589748;FUN_00589748;undefined4 FUN_00589748(undefined4 * param_1)
0x0058977c;__get_dstbias;errno_t __get_dstbias(long * _Daylight_savings_bias)
0x005897b0;FUN_005897b0;undefined4 FUN_005897b0(undefined4 * param_1)
0x005897e4;FUN_005897e4;undefined4 * FUN_005897e4(void)
0x005897ea;FUN_005897ea;undefined4 * FUN_005897ea(void)
0x005897f0;FUN_005897f0;undefined4 * FUN_005897f0(void)
0x005897f6;FUN_005897f6;undefined * * FUN_005897f6(void)
0x005897fc;FUN_005897fc;int FUN_005897fc(int param_1)
0x00589837;FUN_00589837;DWORD * FUN_00589837(void)
0x0058984a;FUN_0058984a;DWORD * FUN_0058984a(void)
0x0058985d;FUN_0058985d;void FUN_0058985d(DWORD param_1)
0x00589880;__allrem;undefined8 __allrem(uint param_1, uint param_2, uint param_3, uint param_4)
0x00589932;___getgmtimebuf;tm * ___getgmtimebuf(void)
0x00589980;__aulldiv;undefined8 __aulldiv(uint param_1, uint param_2, uint param_3, uint param_4)
0x005899e8;_fastzero_I;void _fastzero_I(undefined[16] * param_1, uint param_2)
0x00589a3f;__VEC_memzero;void * __VEC_memzero(void * _Dst, int _Val, size_t _Size)
0x00589ace;FUN_00589ace;uint FUN_00589ace(uint param_1, FILE * param_2)
0x00589c2e;_write_char;void _write_char(FILE * param_1)
0x00589c61;_write_multi_char;void _write_multi_char(undefined4 param_1, int param_2, FILE * param_3)
0x00589c85;_write_string;void _write_string(int param_1)
0x00589ccf;FUN_00589ccf;void FUN_00589ccf(FILE * param_1, byte * param_2, localeinfo_struct * param_3, int * * param_4)
0x0058a663;___report_gsfailure;void ___report_gsfailure(void)
0x0058a767;FID_conflict:_CPtoLCID;int FID_conflict:_CPtoLCID(int codepage)
0x0058a796;setSBCS;void setSBCS(threadmbcinfostructWINE * mbcinfoPtr)
0x0058a7eb;setSBUpLow;void setSBUpLow(threadmbcinfostructWINE * mbcinfoPtr)
0x0058a975;___updatetmbcinfo;pthreadmbcinfo ___updatetmbcinfo(void)
0x0058aa10;FUN_0058aa10;void FUN_0058aa10(void)
0x0058aa19;getSystemCP;int getSystemCP(int param_1)
0x0058aa93;FUN_0058aa93;void FUN_0058aa93(int param_1, threadmbcinfostructWINE * mbcinfoPtr)
0x0058ac6c;__setmbcp;int __setmbcp(int _CodePage)
0x0058adcd;FUN_0058adcd;void FUN_0058adcd(void)
0x0058ae06;___initmbctable;undefined4 ___initmbctable(void)
0x0058ae24;FUN_0058ae24;undefined4 FUN_0058ae24(void)
0x0058ae90;FUN_0058ae90;int FUN_0058ae90(int param_1)
0x0058aefe;__encoded_null;void __encoded_null(void)
0x0058af07;getNewHandler;int getNewHandler(int param_1)
0x0058af75;FUN_0058af75;void FUN_0058af75(void)
0x0058af7e;FUN_0058af7e;LPVOID FUN_0058af7e(void)
0x0058afb0;FUN_0058afb0;void FUN_0058afb0(void)
0x0058afed;FUN_0058afed;void FUN_0058afed(int param_1, int param_2)
0x0058b0a3;Unlock0xC;void Unlock0xC(void)
0x0058b0ac;FUN_0058b0ac;DWORD * FUN_0058b0ac(void)
0x0058b123;__getptd;_ptiddata __getptd(void)
0x0058b13b;FUN_0058b13b;void FUN_0058b13b(void * param_1)
0x0058b247;FUN_0058b247;void FUN_0058b247(void)
0x0058b253;FUN_0058b253;void FUN_0058b253(void)
0x0058b25c;__mtinit;int __mtinit(void)
0x0058b3e0;__msize;size_t __msize(void * _Memory)
0x0058b47a;FUN_0058b47a;void FUN_0058b47a(void)
0x0058b484;__SEH_prolog4;void __SEH_prolog4(undefined * s, int param_2)
0x0058b4c9;__SEH_epilog4;void __SEH_epilog4(void)
0x0058b4e0;FUN_0058b4e0;undefined4 FUN_0058b4e0(int * param_1, int param_2, undefined4 param_3)
0x0058b676;___heap_select;undefined4 ___heap_select(void)
0x0058b6d1;__heap_init;int __heap_init(DWORD param_1)
0x0058b72b;__mtinitlocks;int __mtinitlocks(void)
0x0058b774;__mtdeletelocks;void __mtdeletelocks(void)
0x0058b7c9;Unlock;void Unlock(int param_1)
0x0058b7de;__mtinitlocknum;int __mtinitlocknum(int _LockNum)
0x0058b898;FUN_0058b898;void FUN_0058b898(void)
0x0058b8a1;__lock;void __lock(int _File)
0x0058b8d2;___sbh_heap_init;undefined4 ___sbh_heap_init(int param_1)
0x0058b91a;___sbh_find_block;uint ___sbh_find_block(int param_1)
0x0058b93e;FUN_0058b93e;uint FUN_0058b93e(int param_1)
0x0058b945;___sbh_free_block;void ___sbh_free_block(uint * param_1, int param_2)
0x0058bc59;___sbh_alloc_new_region;undefined4 * ___sbh_alloc_new_region(void)
0x0058bd09;___sbh_alloc_new_group;int ___sbh_alloc_new_group(int param_1)
0x0058be0f;___sbh_resize_block;undefined4 ___sbh_resize_block(uint * param_1, int param_2, int param_3)
0x0058c0ee;___sbh_alloc_block;int * ___sbh_alloc_block(uint * param_1)
0x0058c3d1;__isleadbyte_l;int __isleadbyte_l(int _C, _locale_t _Locale)
0x0058c407;_isleadbyte;int _isleadbyte(int _C)
0x0058c415;__isctype_l;int __isctype_l(int _C, int _Type, _locale_t _Locale)
0x0058c4cb;__fileno;int __fileno(FILE * _File)
0x0058c4f8;__freebuf;void __freebuf(FILE * _File)
0x0058c524;FUN_0058c524;undefined * * FUN_0058c524(void)
0x0058c52a;FUN_0058c52a;undefined4 FUN_0058c52a(void)
0x0058c5db;FUN_0058c5db;void FUN_0058c5db(void)
0x0058c5fb;FUN_0058c5fb;void FUN_0058c5fb(uint param_1)
0x0058c637;FUN_0058c637;void FUN_0058c637(int param_1, int param_2)
0x0058c665;UnlockIORelatedLock;void UnlockIORelatedLock(uint param_1)
0x0058c69b;IORelatedUnlockFunction;void IORelatedUnlockFunction(int param_1, int param_2)
0x0058c6c5;FUN_0058c6c5;uint FUN_0058c6c5(FILE * param_1)
0x0058c7e5;FUN_0058c7e5;void FUN_0058c7e5(int param_1)
0x0058c985;__FF_MSGBANNER;void __FF_MSGBANNER(void)
0x0058c9be;FUN_0058c9be;void FUN_0058c9be(undefined4 param_1)
0x0058c9c8;__callnewh;int __callnewh(size_t _Size)
0x0058c9ea;__ioinit;int __ioinit(void)
0x0058cc3e;FUN_0058cc3e;FILE * FUN_0058cc3e(char * _Filename, char * _Mode, int _ShFlag, undefined4 * param_4)
0x0058cede;FUN_0058cede;undefined4 * FUN_0058cede(void)
0x0058d00b;FUN_0058d00b;void FUN_0058d00b(void)
0x0058d014;__local_unwind4;void __local_unwind4(uint * param_1, int param_2, uint param_3)
0x0058d0a4;FUN_0058d0a4;undefined4 FUN_0058d0a4(int param_1, uint param_2, undefined4 param_3, uint * param_4)
0x0058d0ea;FUN_0058d0ea;undefined FUN_0058d0ea(void)
0x0058d106;@_EH4_CallFilterFunc@8;void @_EH4_CallFilterFunc@8(undefined * param_1)
0x0058d11d;_EH4_TransferToHandler;undefined _EH4_TransferToHandler(void)
0x0058d136;FUN_0058d136;void FUN_0058d136(PVOID param_1)
0x0058d150;@_EH4_LocalUnwind@16;void @_EH4_LocalUnwind@16(int param_1_00, uint param_2_00, undefined4 param_3, uint * param_4)
0x0058d167;_write_char;void _write_char(undefined4 param_1)
0x0058d18c;_write_multi_char;void _write_multi_char(undefined4 param_1, int param_2)
0x0058d1b1;_write_string;void _write_string(ushort * param_1_00, int param_2)
0x0058d200;FUN_0058d200;void FUN_0058d200(int param_1, ushort * param_2, localeinfo_struct * param_3, wchar_t * param_4)
0x0058db10;FUN_0058db10;undefined2 FUN_0058db10(FILE * param_1)
0x0058dc42;__mbtowc_l;int __mbtowc_l(wchar_t * _DstCh, char * _SrcCh, size_t _SrcSizeInBytes, _locale_t _Locale)
0x0058dd55;_mbtowc;int _mbtowc(wchar_t * _DstCh, char * _SrcCh, size_t _SrcSizeInBytes)
0x0058dd6c;__stbuf;int __stbuf(FILE * _File)
0x0058de02;FUN_0058de02;void FUN_0058de02(int param_1, FILE * param_2)
0x0058de31;__towlower_l;wint_t __towlower_l(wint_t _C, _locale_t _Locale)
0x0058dede;wcstoxl;ulong wcstoxl(localeinfo_struct * param_1, wchar_t * param_2, wchar_t * * param_3, int param_4, int param_5)
0x0058e0d5;_wcstol;long _wcstol(wchar_t * _Str, wchar_t * * _EndPtr, int _Radix)
0x0058e0fe;_strcpy_s;errno_t _strcpy_s(char * _Dst, rsize_t _SizeInBytes, char * _Src)
0x0058e163;_Type_info_dtor;void _Type_info_dtor(type_info * param_1)
0x0058e1ca;FUN_0058e1ca;void FUN_0058e1ca(void)
0x0058e1e0;_strcmp;int _strcmp(char * _Str1, char * _Str2)
0x0058e268;FUN_0058e268;undefined4 FUN_0058e268(uint param_1, HANDLE param_2)
0x0058e2e5;FUN_0058e2e5;undefined4 FUN_0058e2e5(uint param_1)
0x0058e366;FUN_0058e366;undefined4 FUN_0058e366(uint param_1)
0x0058e3d7;___lock_fhandle;int ___lock_fhandle(int _Filehandle)
0x0058e46e;___lock_fhandle_FUN_0058e46e;void ___lock_fhandle_FUN_0058e46e(void)
0x0058e477;IORelatedUnlockFunction2;void IORelatedUnlockFunction2(uint param_1)
0x0058e499;__alloc_osfhnd;int __alloc_osfhnd(void)
0x0058e56c;__alloc_osfhnd_FUN_0058e56c;void __alloc_osfhnd_FUN_0058e56c(void)
0x0058e62a;__alloc_osfhnd_FUN_0058e62a;void __alloc_osfhnd_FUN_0058e62a(void)
0x0058e633;_io_FUN_0058e633;undefined8 _io_FUN_0058e633(uint param_1, LONG param_2, LONG param_3, FilePtrMoveMethodInt param_4)
0x0058e6b6;FUN_0058e6b6;undefined8 FUN_0058e6b6(uint param_1, LONG param_2, LONG param_3, FilePtrMoveMethodInt param_4)
0x0058e7c5;FUN_0058e7c5;void FUN_0058e7c5(void)
0x0058e7cf;__sopen_helper_2;errno_t __sopen_helper_2(undefined4 unknown, char * _Filename, int _OpenFlag, int _ShareFlag, int _PermissionMode, int * fileHandleUnk)
0x0058ef28;FID_conflict:__sopen_helper;errno_t FID_conflict:__sopen_helper(char * _Filename, OpenFlagInt _OFlag, int _ShFlag, int _PMode, int * _PFileHandle, int _BSecure)
0x0058efc6;FUN_0058efc6;void FUN_0058efc6(void)
0x0058eff4;FID_conflict:__sopen_s;errno_t FID_conflict:__sopen_s(int * _FileHandle, char * _Filename, int _OpenFlag, int _ShareFlag, int _PermissionMode)
0x0058f012;__sopen_helper_FUN_0058f012;DWORD __sopen_helper_FUN_0058f012(undefined4 * param_1, undefined4 param_2, uint param_3, int param_4, byte param_5)
0x0058f76c;FID_conflict:__sopen_helper;errno_t FID_conflict:__sopen_helper(char * _Filename, int _OFlag, int _ShFlag, int _PMode, int * _PFileHandle, int _BSecure)
0x0058f80a;__sopen_helper_FUN_0058f80a;void __sopen_helper_FUN_0058f80a(void)
0x0058f838;__wsopen_s;errno_t __wsopen_s(int * _FileHandle, wchar_t * _Filename, int _OpenFlag, int _ShareFlag, int _PermissionFlag)
0x0058f856;_strnlen;size_t _strnlen(char * _Str, size_t _MaxCount)
0x0058f870;__alloca_probe_16;uint __alloca_probe_16(void)
0x0058f886;__alloca_probe_8;undefined __alloca_probe_8(void)
0x0058f89c;__putwch_nolock;wint_t __putwch_nolock(wchar_t _WCh)
0x0058f95e;FUN_0058f95e;byte FUN_0058f95e(uint param_1)
0x0058f9bc;_fastcopy_I;void _fastcopy_I(undefined4 * param_1, undefined4 * param_2, uint param_3)
0x0058fa43;__VEC_memcpy;undefined4 * __VEC_memcpy(undefined4 * param_1, undefined4 * param_2, uint param_3)
0x0058fb26;FUN_0058fb26;void FUN_0058fb26(DWORD param_1)
0x0058fb2e;EH_FUN_0058fb2e;void EH_FUN_0058fb2e(void)
0x0058fb67;FUN_0058fb67;void FUN_0058fb67(void)
0x0058fb7a;FUN_0058fb7a;void FUN_0058fb7a(void)
0x0058fbb1;__initp_eh_hooks;void __initp_eh_hooks(void)
0x0058fbd0;__CallSettingFrame@12;void __CallSettingFrame@12(undefined4 param_1, undefined4 param_2, int param_3)
0x0058fc1c;__getbuf;void __getbuf(FILE * _File)
0x0058fc60;__fflush_nolock_FUN_0058fc60;DWORD __fflush_nolock_FUN_0058fc60(uint param_1)
0x0058fd37;FUN_0058fd37;void FUN_0058fd37(void)
0x0058fd41;FUN_0058fd41;void FUN_0058fd41(FILE * param_1)
0x0059001b;__ftelli64;longlong __ftelli64(FILE * _File)
0x0059005b;__ftelli64_FUN_0059005b;void __ftelli64_FUN_0059005b(void)
0x00590065;__fseeki64_nolock;int __fseeki64_nolock(FILE * _File, longlong _Offset, int _Origin)
0x005900fe;__fseeki64;int __fseeki64(FILE * _File, longlong _Offset, int _Origin)
0x00590143;FUN_00590143;void FUN_00590143(void)
0x00590150;___ascii_strnicmp;int ___ascii_strnicmp(char * _Str1, char * _Str2, size_t _MaxCount)
0x005901b1;strtoxl;ulong strtoxl(localeinfo_struct * param_1, char * param_2, char * * param_3, int param_4, int param_5)
0x005903dc;_strtol;long _strtol(char * _Str, char * * _EndPtr, int _Radix)
0x00590405;__RTC_Initialize;void __RTC_Initialize(void)
0x00590429;FUN_00590429;void FUN_00590429(void)
0x00590450;__ValidateImageBase;BOOL __ValidateImageBase(PBYTE pImageBase)
0x00590480;__FindPESection;PIMAGE_SECTION_HEADER __FindPESection(PBYTE pImageBase, DWORD_PTR rva)
0x005904d0;__IsNonwritableInCurrentImage;BOOL __IsNonwritableInCurrentImage(PBYTE pTarget)
0x0059058b;FUN_0059058b;DWORD * FUN_0059058b(int param_1, DWORD param_2)
0x005906e9;__initp_misc_winsig;void __initp_misc_winsig(undefined4 param_1)
0x00590702;_siglookup;uint _siglookup(undefined4 param_1_00, int param_2, uint param_3)
0x00590736;___get_sigabrt;_PHNDLR ___get_sigabrt(void)
0x00590743;_raise;int _raise(int _SigNum)
0x005908b7;_raise_FUN_005908b7;void _raise_FUN_005908b7(void)
0x005908f3;FUN_005908f3;void FUN_005908f3(undefined4 param_1)
0x005908fd;___getlocaleinfo;int ___getlocaleinfo(_locale_t _Locale, int _Lc_type, LPCWSTR _LocaleName, LCTYPE _FieldType, void * _Address)
0x00590a57;FUN_00590a57;void FUN_00590a57(undefined4 param_1)
0x00590a61;__init_pointers_FUN_00590a61;void __init_pointers_FUN_00590a61(undefined4 param_1)
0x00590a6b;___crtInitCritSecNoSpinCount@8;undefined4 ___crtInitCritSecNoSpinCount@8(LPCRITICAL_SECTION param_1)
0x00590a7b;___crtInitCritSecAndSpinCount;int ___crtInitCritSecAndSpinCount(undefined4 lock, undefined4 spinCount)
0x00590b40;EH_FUN_00590b40;undefined4 EH_FUN_00590b40(int * param_1)
0x00590b7d;FUN_00590b7d;undefined4 FUN_00590b7d(void)
0x00590b8b;__wincmdln;byte * __wincmdln(void)
0x00590be8;__setenvp;int __setenvp(void)
0x00590cc3;_parse_cmdline;void _parse_cmdline(undefined4 param_1_00, byte * param_2_00, undefined4 * param_3, byte * param_4, int * param_5)
0x00590e5b;__setargv;int __setargv(void)
0x00590f14;___crtGetEnvironmentStringsA;LPVOID ___crtGetEnvironmentStringsA(void)
0x00591049;___security_init_cookie;void ___security_init_cookie(void)
0x005910dd;___ansicp;void ___ansicp(LCID param_1)
0x00591124;___convertcp;void ___convertcp(UINT param_1, UINT param_2, char * param_3, uint * param_4, LPSTR param_5, int param_6)
0x005912d6;__crtGetStringTypeA_stat;int __crtGetStringTypeA_stat(localeinfo_struct * param_1, ulong param_2, char * param_3, int param_4, ushort * param_5, int param_6, int param_7, int param_8)
0x0059148e;___crtGetStringTypeA;BOOL ___crtGetStringTypeA(_locale_t _Plocinfo, DWORD _DWInfoType, LPCSTR _LpSrcStr, int _CchSrc, LPWORD _LpCharType, int _Code_page, BOOL _BError)
0x005914ce;__calloc_impl;int * __calloc_impl(uint param_1, uint param_2, undefined4 * param_3)
0x005915ca;FUN_005915ca;void FUN_005915ca(void)
0x005915ec;_realloc;void * _realloc(void * _Memory, size_t _NewSize)
0x00591730;_realloc_FUN_00591730;void _realloc_FUN_00591730(void)
0x00591807;FUN_00591807;void * FUN_00591807(void * param_1, uint param_2, uint param_3)
0x00591880;__get_lc_time;uint __get_lc_time(void)
0x00591c99;___free_lc_time;void ___free_lc_time(undefined4 * param_1)
0x00591e29;___init_time;undefined4 ___init_time(int param_1)
0x00591e9c;___free_lconv_num;void ___free_lconv_num(undefined4 * param_1)
0x00591edc;___init_numeric;int ___init_numeric(threadlocinfo * _LocInfo)
0x005920a4;___free_lconv_mon;void ___free_lconv_mon(int param_1)
0x0059212d;___init_monetary;int ___init_monetary(threadlocinfo * _LocInfo)
0x005923f1;___libm_error_support_FUN_005923f1;undefined4 ___libm_error_support_FUN_005923f1(void)
0x005923f4;_strcat_s;errno_t _strcat_s(char * _Dst, rsize_t _SizeInBytes, char * _Src)
0x00592470;_strcspn;size_t _strcspn(char * _Str, char * _Control)
0x005924b6;_strncpy_s;errno_t _strncpy_s(char * _Dst, rsize_t _SizeInBytes, char * _Src, rsize_t _MaxCount)
0x00592569;_TranslateName;bool _TranslateName(int param_1, int param_2, undefined4 * param_3)
0x005925c9;_ProcessCodePage;void _ProcessCodePage(CHAR * param_1)
0x00592640;_TestDefaultCountry;undefined4 _TestDefaultCountry(short param_1)
0x0059265e;_LcidFromHexString;int _LcidFromHexString(undefined4 param_1, char * param_2)
0x00592690;_GetPrimaryLen;int _GetPrimaryLen(undefined4 param_1, char * param_2)
0x005926ab;_CountryEnumProc@4;void _CountryEnumProc@4(char * param_1)
0x00592741;_TestDefaultLanguage;void _TestDefaultLanguage(void * this, uint param_1)
0x005927b3;_LangCountryEnumProc@4;void _LangCountryEnumProc@4(char * param_1)
0x00592983;_LanguageEnumProc@4;void _LanguageEnumProc@4(char * param_1)
0x00592a42;_GetLcidFromLangCountry;void _GetLcidFromLangCountry(void)
0x00592aa7;_GetLcidFromLanguage;void _GetLcidFromLanguage(void)
0x00592ae3;___get_qualified_locale;BOOL ___get_qualified_locale(LPLC_STRINGS _LpInStr, UINT * _LpCodePage, LPLC_STRINGS _LpOutStr)
0x00592cc6;_memcmp;int _memcmp(void * _Buf1, void * _Buf2, size_t _Size)
0x00594346;_strncmp;int _strncmp(char * _Str1, char * _Str2, size_t _MaxCount)
0x00594410;_strpbrk;char * _strpbrk(char * _Str, char * _Control)
0x00594450;__wcstombs_l_helper_FUN_00594450;int __wcstombs_l_helper_FUN_00594450(short * param_1)
0x00594466;__wopenfile;FILE * __wopenfile(wchar_t * _Filename, wchar_t * _Mode, int _ShFlag, FILE * _File)
0x005946f2;_ValidateRead;int _ValidateRead(void * param_1, uint param_2)
0x00594700;_strrchr;char * _strrchr(char * _Str, int _Ch)
0x0059472d;FID_conflict:__atoflt_l;int FID_conflict:__atoflt_l(_CRT_FLOAT * _Result, char * _Str, _locale_t _Locale)
0x005947d3;FID_conflict:__atoflt_l;int FID_conflict:__atoflt_l(_CRT_FLOAT * _Result, char * _Str, _locale_t _Locale)
0x00594879;__fptostr;errno_t __fptostr(char * _Buf, size_t _SizeInBytes, int _Digits, STRFLT _PtFlt)
0x00594936;___dtold;void ___dtold(uint * param_1, uint * param_2)
0x005949f1;__fltout2;STRFLT __fltout2(_CRT_DOUBLE _Dbl, STRFLT _Flt, char * _ResultStr, size_t _SizeInBytes)
0x00594a80;__alldvrm;undefined8 __alldvrm(uint param_1, uint param_2, uint param_3, uint param_4)
0x00594b60;__aullshr;ulonglong __aullshr(byte param_1, uint param_2)
0x00594b88;__controlfp_s;errno_t __controlfp_s(uint * _CurrentState, uint _NewValue, uint _Mask)
0x00594bf2;_has_osfxsr_set;undefined4 _has_osfxsr_set(void)
0x00594c42;__get_sse2_info;undefined4 __get_sse2_info(void)
0x00594ca2;FUN_00594ca2;undefined4 FUN_00594ca2(void)
0x00594caf;___libm_error_support;void ___libm_error_support(double * param_1, undefined8 * param_2, double * param_3, int param_4)
0x00594f5f;__87except;void __87except(int param_1, int * param_2, ushort * param_3)
0x0059505b;__getenv_helper_nolock;char * __getenv_helper_nolock(char * param_1)
0x005950dc;FUN_005950dc;bool FUN_005950dc(void)
0x005950f2;__wctomb_s_l;errno_t __wctomb_s_l(int * _SizeConverted, char * _MbCh, size_t _SizeInBytes, wchar_t _WCh, _locale_t _Locale)
0x00595251;_wctomb_s;errno_t _wctomb_s(int * _SizeConverted, char * _MbCh, rsize_t _SizeInBytes, wchar_t _WCh)
0x00595270;__aulldvrm;undefined8 __aulldvrm(uint param_1, uint param_2, uint param_3, uint param_4)
0x00595305;__iswctype_l;int __iswctype_l(wint_t _C, wctype_t _Type, _locale_t _Locale)
0x00595387;FUN_00595387;int FUN_00595387(void)
0x0059541d;FUN_0059541d;void FUN_0059541d(void)
0x00595426;FUN_00595426;undefined4 FUN_00595426(void * param_1, char * param_2, uint param_3)
0x005955e3;__set_error_mode;int __set_error_mode(int _Mode)
0x00595629;__mbsicmp_l;int __mbsicmp_l(uchar * _Str1, uchar * _Str2, _locale_t _Locale)
0x00595843;__mbsicmp;int __mbsicmp(uchar * _Str1, uchar * _Str2)
0x00595856;__mbsnbcmp_l;int __mbsnbcmp_l(uchar * _Str1, uchar * _Str2, size_t _MaxCount, _locale_t _Locale)
0x005959bf;__mbsnbcmp;int __mbsnbcmp(uchar * _Str1, uchar * _Str2, size_t _MaxCount)
0x005959d8;__global_unwind2;undefined __global_unwind2(void)
0x00595a3d;__local_unwind2;void __local_unwind2(int param_1, uint param_2)
0x00595ae4;__CallSettingFrame_FUN_00595ae4;undefined4 __CallSettingFrame_FUN_00595ae4(undefined4 param_1)
0x00595aed;__local_unwind_FUN_00595aed;undefined4 __local_unwind_FUN_00595aed(undefined4 param_1)
0x00595b0c;__local_unwind_FUN_00595b0c;void __local_unwind_FUN_00595b0c(void)
0x00595b0f;_write_char_FUN_00595b0f;void _write_char_FUN_00595b0f(uint param_1, FILE * param_2)
0x00595ced;__crtLCMapStringW_stat;int __crtLCMapStringW_stat(localeinfo_struct * param_1, ulong param_2, ulong param_3, wchar_t * param_4, int param_5, wchar_t * param_6, int param_7, int param_8)
0x00595f4e;___crtLCMapStringW;int ___crtLCMapStringW(LPCWSTR _LocaleName, DWORD _DWMapFlag, LPCWSTR _LpSrcStr, int _CchSrc, LPWSTR _LpDestStr, int _CchDest)
0x00595f8e;__wchartodigit;int __wchartodigit(ushort param_1)
0x00596110;__chsize_nolock;int __chsize_nolock(int _FileHandle, longlong _Size)
0x005962c4;__chsize_nolock_FUN_005962c4;int __chsize_nolock_FUN_005962c4(uint param_1, int param_2)
0x00596380;__sopen_helper_FUN_00596380;undefined4 __sopen_helper_FUN_00596380(undefined4 * param_1)
0x005963b4;___initconout;void ___initconout(void)
0x005963d3;CloseHandles_FUN_005963d3;void CloseHandles_FUN_005963d3(void)
0x00596400;__crtGetLocaleInfoW_stat;int __crtGetLocaleInfoW_stat(localeinfo_struct * param_1, ulong param_2, ulong param_3, wchar_t * param_4, int param_5, int param_6)
0x0059653b;___crtGetLocaleInfoW;void ___crtGetLocaleInfoW(localeinfo_struct * param_1, ulong param_2, ulong param_3, wchar_t * param_4, int param_5, int param_6)
0x00596576;__crtGetLocaleInfoA_stat;int __crtGetLocaleInfoA_stat(localeinfo_struct * param_1, ulong param_2, ulong param_3, char * param_4, int param_5, int param_6)
0x005966b3;___crtGetLocaleInfoA;int ___crtGetLocaleInfoA(_locale_t _Plocinfo, LPCWSTR _LocaleName, LCTYPE _LCType, LPSTR _LpLCData, int _CchData)
0x005966ee;x_ismbbtype_l;int x_ismbbtype_l(localeinfo_struct * param_1, uint param_2, int param_3, int param_4)
0x0059673f;__ismbblead;int __ismbblead(uint _C)
0x00596752;_xtoa_s@20;DWORD _xtoa_s@20(char * param_1_00, uint param_2, uint param_3, int param_4)
0x0059682d;__itoa_s;errno_t __itoa_s(int _Value, char * _DstBuf, size_t _Size, int _Radix)
0x00596855;_wcsncmp;int _wcsncmp(wchar_t * _Str1, wchar_t * _Str2, size_t _MaxCount)
0x0059688a;FID_conflict:__ld12tod;INTRNCVT_STATUS FID_conflict:__ld12tod(_LDBL12 * _Ifp, _CRT_DOUBLE * _D)
0x00596dcc;FID_conflict:__ld12tod;INTRNCVT_STATUS FID_conflict:__ld12tod(_LDBL12 * _Ifp, _CRT_DOUBLE * _D)
0x0059730e;__atoflt_1_FUN_0059730e;void __atoflt_1_FUN_0059730e(undefined2 * param_1, int * param_2, char * param_3, int param_4, int param_5, int param_6, int param_7, int * param_8)
0x005979ce;__fltout2_FUN_005979ce;void __fltout2_FUN_005979ce(int param_1, uint param_2, ushort param_3, int param_4, byte param_5, short * param_6)
0x00598294;__hw_cw;uint __hw_cw(void)
0x00598322;___hw_cw_sse2;uint ___hw_cw_sse2(undefined4 param_1, uint param_2)
0x005983c2;__control87;uint __control87(uint _NewValue, uint _Mask)
0x005986c5;__mbsnbicoll_l;int __mbsnbicoll_l(uchar * _Str1, uchar * _Str2, size_t _MaxCount, _locale_t _Locale)
0x005987b1;__mbsnbicoll;int __mbsnbicoll(uchar * _Str1, uchar * _Str2, size_t _MaxCount)
0x005987c8;___wtomb_environ;int ___wtomb_environ(void)
0x0059885d;__crtGetStringTypeW_stat;int __crtGetStringTypeW_stat(localeinfo_struct * param_1, ulong param_2, wchar_t * param_3, int param_4, ushort * param_5, int param_6, int param_7)
0x00598a81;___crtGetStringTypeW;void ___crtGetStringTypeW(localeinfo_struct * param_1, ulong param_2, wchar_t * param_3, int param_4, ushort * param_5, int param_6, int param_7)
0x00598abf;_write_char_FUN_00598abf;undefined2 _write_char_FUN_00598abf(undefined2 param_1, FILE * param_2)
0x00598c2f;___mtold12;void ___mtold12(char * param_1, int param_2, uint * param_3)
0x00598dfb;__crtCompareStringA_stat;int __crtCompareStringA_stat(localeinfo_struct * param_1, ulong param_2, ulong param_3, char * param_4, int param_5, char * param_6, int param_7, int param_8)
0x00599184;___crtCompareStringA;int ___crtCompareStringA(_locale_t _Plocinfo, LPCWSTR _LocaleName, DWORD _DwCmpFlags, LPCSTR _LpString1, int _CchCount1, LPCSTR _LpString2, int _CchCount2, int _Code_page)
0x005991c4;__strnicoll_l;int __strnicoll_l(char * _Str1, char * _Str2, size_t _MaxCount, _locale_t _Locale)
0x005992bc;_findenv;int _findenv(uchar * param_1)
0x00599309;_copy_environ;undefined4 * _copy_environ(void)
0x00599366;___wtomb_environ_FUN_00599366;undefined4 ___wtomb_environ_FUN_00599366(undefined4 * param_1, int param_2)
0x005995b2;__strdup;char * __strdup(char * _Src)
0x00599602;__mbschr_l;uchar * __mbschr_l(uchar * _Str, uint _Ch, _locale_t _Locale)
0x005996bc;__mbschr;uchar * __mbschr(uchar * _Str, uint _Ch)
0x005996e0;_strchr;char * _strchr(char * _Str, int _Val)
0x0059979e;LCMapStringWThunk;void LCMapStringWThunk(void)
0x005997c3;GetCPInfoThunk;BOOL GetCPInfoThunk(UINT CodePage, LPCPINFO lpCPInfo)
0x005997e8;IsValidCodePageThunk;void IsValidCodePageThunk(void)
0x0059980d;CreateFileWThunk;void CreateFileWThunk(void)
0x00599832;WriteConsoleWThunk;void WriteConsoleWThunk(void)
0x00599857;FreeEnvironmentStringsWThunk;void FreeEnvironmentStringsWThunk(void)
0x0059987c;GetEnvironmentStringsWThunk;void GetEnvironmentStringsWThunk(void)
0x005998a1;GetStringTypeW_kernel32_Thunk;void GetStringTypeW_kernel32_Thunk(void)
0x005998c6;GetLocaleInfoWThunk;void GetLocaleInfoWThunk(void)
0x005998eb;CompareStringWThunk;void CompareStringWThunk(void)
0x00599910;RtlUnwind;void RtlUnwind(PVOID TargetFrame, PVOID TargetIp, PEXCEPTION_RECORD ExceptionRecord, PVOID ReturnValue)
0x00599920;Unwind@00599920;void Unwind@00599920(void)
0x00599970;Unwind@00599970;void Unwind@00599970(void)
0x00599978;Unwind@00599978;void Unwind@00599978(void)
0x00599983;Unwind@00599983;void Unwind@00599983(void)
0x0059998e;Unwind@0059998e;void Unwind@0059998e(void)
0x00599999;Unwind@00599999;void Unwind@00599999(void)
0x005999a4;EH_FUN_005999a4;void EH_FUN_005999a4(EHExceptionRecord * param_1, EHRegistrationNode * param_2, void * param_3, DispatcherContext * param_4)
0x005999c0;Unwind@005999c0;void Unwind@005999c0(void)
0x005999c8;EH_FUN_005999c8;void EH_FUN_005999c8(EHExceptionRecord * param_1, EHRegistrationNode * param_2, void * param_3, DispatcherContext * param_4)
0x005999f0;Unwind@005999f0;void Unwind@005999f0(void)
0x005999f8;EH_FUN_005999f8;void EH_FUN_005999f8(EHExceptionRecord * param_1, EHRegistrationNode * param_2, void * param_3, DispatcherContext * param_4)
0x00599a20;Unwind@00599a20;void Unwind@00599a20(void)
0x00599a28;EH_FUN_00599a28;void EH_FUN_00599a28(EHExceptionRecord * param_1, EHRegistrationNode * param_2, void * param_3, DispatcherContext * param_4)
0x00599a50;Unwind@00599a50;void Unwind@00599a50(void)
0x00599a58;EH_FUN_00599a58;void EH_FUN_00599a58(EHExceptionRecord * param_1, EHRegistrationNode * param_2, void * param_3, DispatcherContext * param_4)
0x00599a80;Unwind@00599a80;void Unwind@00599a80(void)
0x00599a88;Unwind@00599a88;void Unwind@00599a88(void)
0x00599a93;Unwind@00599a93;void Unwind@00599a93(void)
0x00599a9e;Unwind@00599a9e;void Unwind@00599a9e(void)
0x00599aa9;Unwind@00599aa9;void Unwind@00599aa9(void)
0x00599ab4;Unwind@00599ab4;void Unwind@00599ab4(void)
0x00599abc;EH_FUN_00599abc;void EH_FUN_00599abc(EHExceptionRecord * param_1, EHRegistrationNode * param_2, void * param_3, DispatcherContext * param_4)
0x00599ae0;Unwind@00599ae0;void Unwind@00599ae0(void)
0x00599ae8;EH_FUN_00599ae8;void EH_FUN_00599ae8(EHExceptionRecord * param_1, EHRegistrationNode * param_2, void * param_3, DispatcherContext * param_4)
0x00599b10;Unwind@00599b10;void Unwind@00599b10(void)
0x00599b1b;EH_FUN_00599b1b;void EH_FUN_00599b1b(EHExceptionRecord * param_1, EHRegistrationNode * param_2, void * param_3, DispatcherContext * param_4)
0x00599b50;Unwind@00599b50;void Unwind@00599b50(void)
0x00599b5b;EH_FUN_00599b5b;void EH_FUN_00599b5b(EHExceptionRecord * param_1, EHRegistrationNode * param_2, void * param_3, DispatcherContext * param_4)
0x00599b80;Unwind@00599b80;void Unwind@00599b80(void)
0x00599b88;Unwind@00599b88;void Unwind@00599b88(void)
0x00599b90;Unwind@00599b90;void Unwind@00599b90(void)
0x00599b98;EH_FUN_00599b98;void EH_FUN_00599b98(EHExceptionRecord * param_1, EHRegistrationNode * param_2, void * param_3, DispatcherContext * param_4)
0x00599bc0;Unwind@00599bc0;void Unwind@00599bc0(void)
0x00599bcb;EH_FUN_00599bcb;void EH_FUN_00599bcb(EHExceptionRecord * param_1, EHRegistrationNode * param_2, void * param_3, DispatcherContext * param_4)
0x00599c00;Unwind@00599c00;void Unwind@00599c00(void)
0x00599c08;Unwind@00599c08;void Unwind@00599c08(void)
0x00599c10;CxxFrameHandlerThunk_00599c10;EXCEPTION_DISPOSITION CxxFrameHandlerThunk_00599c10(EHExceptionRecord * pExcept, EHRegistrationNode * pRN, void * pContext, DispatcherContext * pDC)
0x00599c40;Unwind@00599c40;void Unwind@00599c40(void)
0x00599c48;Unwind@00599c48;void Unwind@00599c48(void)
0x00599c50;ResourceStringLoadCxxFrameHandlerUnk;EXCEPTION_DISPOSITION ResourceStringLoadCxxFrameHandlerUnk(EHExceptionRecord * pExcept, EHRegistrationNode * pRN, void * pContext, DispatcherContext * pDC)
0x00599c80;Unwind@00599c80;void Unwind@00599c80(void)
0x00599c88;Unwind@00599c88;void Unwind@00599c88(void)
0x00599c90;EH_FUN_00599c90;void EH_FUN_00599c90(EHExceptionRecord * param_1, EHRegistrationNode * param_2, void * param_3, DispatcherContext * param_4)
0x00599cc0;Unwind@00599cc0;void Unwind@00599cc0(void)
0x00599cc8;EH_FUN_00599cc8;void EH_FUN_00599cc8(EHExceptionRecord * param_1, EHRegistrationNode * param_2, void * param_3, DispatcherContext * param_4)
0x00599cf0;Unwind@00599cf0;void Unwind@00599cf0(void)
0x00599cf8;EH_FUN_00599cf8;void EH_FUN_00599cf8(EHExceptionRecord * param_1, EHRegistrationNode * param_2, void * param_3, DispatcherContext * param_4)
0x00599d20;Unwind@00599d20;void Unwind@00599d20(void)
0x00599d2b;EH_FUN_00599d2b;void EH_FUN_00599d2b(EHExceptionRecord * param_1, EHRegistrationNode * param_2, void * param_3, DispatcherContext * param_4)
0x00599d60;Unwind@00599d60;void Unwind@00599d60(void)
0x00599d6b;EH_FUN_00599d6b;void EH_FUN_00599d6b(EHExceptionRecord * param_1, EHRegistrationNode * param_2, void * param_3, DispatcherContext * param_4)
0x00599da0;Unwind@00599da0;void Unwind@00599da0(void)
0x00599dab;EH_FUN_00599dab;void EH_FUN_00599dab(EHExceptionRecord * param_1, EHRegistrationNode * param_2, void * param_3, DispatcherContext * param_4)
0x00599dd0;Unwind@00599dd0;void Unwind@00599dd0(void)
0x00599dd8;EH_FUN_00599dd8;void EH_FUN_00599dd8(EHExceptionRecord * param_1, EHRegistrationNode * param_2, void * param_3, DispatcherContext * param_4)
0x00599e00;Unwind@00599e00;void Unwind@00599e00(void)
0x00599e0b;EH_FUN_00599e0b;void EH_FUN_00599e0b(EHExceptionRecord * param_1, EHRegistrationNode * param_2, void * param_3, DispatcherContext * param_4)
0x00599e30;Unwind@00599e30;void Unwind@00599e30(undefined4 param_1)
0x00599e38;EH_FUN_00599e38;void EH_FUN_00599e38(EHExceptionRecord * param_1, EHRegistrationNode * param_2, void * param_3, DispatcherContext * param_4)
0x00599e60;EH_FUN_00599e60;void EH_FUN_00599e60(EHExceptionRecord * param_1, EHRegistrationNode * param_2, void * param_3, DispatcherContext * param_4)
0x00599e80;Unwind@00599e80;void Unwind@00599e80(void)
0x00599e88;EH_FUN_00599e88;void EH_FUN_00599e88(EHExceptionRecord * param_1, EHRegistrationNode * param_2, void * param_3, DispatcherContext * param_4)
0x00599eb0;Unwind@00599eb0;void Unwind@00599eb0(void)
0x00599eb8;EH_FUN_00599eb8;void EH_FUN_00599eb8(EHExceptionRecord * param_1, EHRegistrationNode * param_2, void * param_3, DispatcherContext * param_4)
0x00599ee0;Unwind@00599ee0;void Unwind@00599ee0(void)
0x00599ee8;EH_FUN_00599ee8;void EH_FUN_00599ee8(EHExceptionRecord * param_1, EHRegistrationNode * param_2, void * param_3, DispatcherContext * param_4)
0x00599f10;Unwind@00599f10;void Unwind@00599f10(void)
0x00599f18;Unwind@00599f18;void Unwind@00599f18(void)
0x00599f20;EH_FUN_00599f20;void EH_FUN_00599f20(EHExceptionRecord * param_1, EHRegistrationNode * param_2, void * param_3, DispatcherContext * param_4)
0x00599f40;Unwind@00599f40;void Unwind@00599f40(void)
0x00599f5c;Unwind@00599f5c;void Unwind@00599f5c(void)
0x00599f67;Unwind@00599f67;void Unwind@00599f67(void)
0x00599f72;EH_FUN_00599f72;void EH_FUN_00599f72(EHExceptionRecord * param_1, EHRegistrationNode * param_2, void * param_3, DispatcherContext * param_4)
0x00599f90;Unwind@00599f90;void Unwind@00599f90(void)
0x00599f9b;Unwind@00599f9b;void Unwind@00599f9b(void)
0x00599fa9;Unwind@00599fa9;void Unwind@00599fa9(void)
0x00599fb4;EH_FUN_00599fb4;void EH_FUN_00599fb4(EHExceptionRecord * param_1, EHRegistrationNode * param_2, void * param_3, DispatcherContext * param_4)
0x00599ff0;Unwind@00599ff0;void Unwind@00599ff0(void)
0x00599ff8;Unwind@00599ff8;void Unwind@00599ff8(void)
0x0059a000;EH_FUN_0059a000;EXCEPTION_DISPOSITION EH_FUN_0059a000(EHExceptionRecord * param_1, EHRegistrationNode * param_2, void * param_3, DispatcherContext * param_4)
0x0059a028;Unwind@0059a028;void Unwind@0059a028(void)
0x0059a030;EH_FUN_0059a030;void EH_FUN_0059a030(EHExceptionRecord * param_1, EHRegistrationNode * param_2, void * param_3, DispatcherContext * param_4)
0x0059a04b;Unwind@0059a04b;void Unwind@0059a04b(void)
0x0059a053;EH_FUN_0059a053;void EH_FUN_0059a053(EHExceptionRecord * param_1, EHRegistrationNode * param_2, void * param_3, DispatcherContext * param_4)
0x0059a06e;Unwind@0059a06e;void Unwind@0059a06e(void)
0x0059a076;Unwind@0059a076;void Unwind@0059a076(void)
0x0059a081;EH_FUN_0059a081;void EH_FUN_0059a081(EHExceptionRecord * param_1, EHRegistrationNode * param_2, void * param_3, DispatcherContext * param_4)
0x0059a09c;Unwind@0059a09c;void Unwind@0059a09c(void)
0x0059a0a4;Unwind@0059a0a4;void Unwind@0059a0a4(void)
0x0059a0ae;EH_FUN_0059a0ae;void EH_FUN_0059a0ae(EHExceptionRecord * param_1, EHRegistrationNode * param_2, void * param_3, DispatcherContext * param_4)
0x0059a0c9;Unwind@0059a0c9;void Unwind@0059a0c9(void)
0x0059a0d1;EH_FUN_0059a0d1;void EH_FUN_0059a0d1(EHExceptionRecord * param_1, EHRegistrationNode * param_2, void * param_3, DispatcherContext * param_4)
0x0059a0ec;Unwind@0059a0ec;void Unwind@0059a0ec(void)
0x0059a0f4;EH_FUN_0059a0f4;void EH_FUN_0059a0f4(EHExceptionRecord * param_1, EHRegistrationNode * param_2, void * param_3, DispatcherContext * param_4)
0x0059a10f;Unwind@0059a10f;void Unwind@0059a10f(void)
0x0059a132;Unwind@0059a132;void Unwind@0059a132(void)
0x0059a13a;EH_FUN_0059a13a;void EH_FUN_0059a13a(EHExceptionRecord * param_1, EHRegistrationNode * param_2, void * param_3, DispatcherContext * param_4)
0x0059a155;EH_FUN_0059a155;void EH_FUN_0059a155(EHExceptionRecord * param_1, EHRegistrationNode * param_2, void * param_3, DispatcherContext * param_4)
0x0059a170;Constructor_MenuView_Reduced;void Constructor_MenuView_Reduced(void)
0x0059a190;Constructor_MenuView_IntroLogos;void Constructor_MenuView_IntroLogos(void)
0x0059a1c0;Constructor_MenuView_HistoricMissionSelect;void Constructor_MenuView_HistoricMissionSelect(void)
0x0059a1f0;Constructor_MenuView_UnusedEconomicMissionSelect;void Constructor_MenuView_UnusedEconomicMissionSelect(void)
0x0059a220;Constructor_MenuView_UnusedSomeMissionStartUnk;void Constructor_MenuView_UnusedSomeMissionStartUnk(void)
0x0059a250;Constructor_MenuView_UnusedOldTitleMenu;void Constructor_MenuView_UnusedOldTitleMenu(void)
0x0059a280;Constructor_MenuView_MpConnection;void Constructor_MenuView_MpConnection(void)
0x0059a2b0;Constructor_MenuView_Unknown21;void Constructor_MenuView_Unknown21(void)
0x0059a2e0;Constructor_MenuView_LobbyMenu;void Constructor_MenuView_LobbyMenu(void)
0x0059a310;Constructor_MenuView_Unknown33;void Constructor_MenuView_Unknown33(void)
0x0059a340;Constructor_MenuView_Unknown61ReturnToSkrimishMenuUnk;void Constructor_MenuView_Unknown61ReturnToSkrimishMenuUnk(void)
0x0059a370;Constructor_MenuView_SingleplayerMapChoice;void Constructor_MenuView_SingleplayerMapChoice(void)
0x0059a3a0;Constructor_MenuView_Unknown49DoesNothingUnk;void Constructor_MenuView_Unknown49DoesNothingUnk(void)
0x0059a3d0;Constructor_MenuView_MapEditorLandscaping;void Constructor_MenuView_MapEditorLandscaping(void)
0x0059a400;Constructor_MenuView_BuildMenu;void Constructor_MenuView_BuildMenu(void)
0x0059a430;Constructor_MenuView_BuildingAndStatusMenu;void Constructor_MenuView_BuildingAndStatusMenu(void)
0x0059a460;Constructor_MenuView_UnusedHelpTextEditor;void Constructor_MenuView_UnusedHelpTextEditor(void)
0x0059a490;Constructor_MenuView_MapEditorProperties;void Constructor_MenuView_MapEditorProperties(void)
0x0059a4c0;Constructor_MenuView_NewMapMaptype;void Constructor_MenuView_NewMapMaptype(void)
0x0059a4f0;Constructor_MenuView_NewMapMapsize;void Constructor_MenuView_NewMapMapsize(void)
0x0059a520;Constructor_MenuView_UnusedChooseAvailableKeeps;void Constructor_MenuView_UnusedChooseAvailableKeeps(void)
0x0059a550;Constructor_MenuView_UnusedChooseGameType;void Constructor_MenuView_UnusedChooseGameType(void)
0x0059a580;Constructor_MenuView_UnusedCreateSiege;void Constructor_MenuView_UnusedCreateSiege(void)
0x0059a5b0;Constructor_MenuView_Unknown26_CampaignRelatedUnk;void Constructor_MenuView_Unknown26_CampaignRelatedUnk(void)
0x0059a5e0;Constructor_MenuView_CampaignUnk;void Constructor_MenuView_CampaignUnk(void)
0x0059a610;Constructor_MenuView_ScenarioDescription;void Constructor_MenuView_ScenarioDescription(void)
0x0059a640;Constructor_MenuView_MissionFinishedTransition;void Constructor_MenuView_MissionFinishedTransition(void)
0x0059a670;Constructor_MenuView_GameLost;void Constructor_MenuView_GameLost(void)
0x0059a6a0;Constructor_MenuView_UnusedExtremeAd;void Constructor_MenuView_UnusedExtremeAd(void)
0x0059a6d0;Constructor_MenuView_EditScenario;void Constructor_MenuView_EditScenario(void)
0x0059a700;Constructor_MenuView_GameStartEnterName;void Constructor_MenuView_GameStartEnterName(void)
0x0059a730;Constructor_MenuView_MainMenu;void Constructor_MenuView_MainMenu(void)
0x0059a760;Constructor_MenuView_HistoricCampaignSelect;void Constructor_MenuView_HistoricCampaignSelect(void)
0x0059a790;Constructor_MenuView_UnusedEconomicGametypeSelect;void Constructor_MenuView_UnusedEconomicGametypeSelect(void)
0x0059a7c0;Constructor_MenuView_CustomScenarios;void Constructor_MenuView_CustomScenarios(void)
0x0059a7f0;Constructor_MenuView_Credits;void Constructor_MenuView_Credits(void)
0x0059a820;Constructor_MenuView_UnusedDemoBuyItScreen;void Constructor_MenuView_UnusedDemoBuyItScreen(void)
0x0059a850;Constructor_MenuView_IntroVideo;void Constructor_MenuView_IntroVideo(void)
0x0059a880;Constructor_MenuView_HistoricMissionPicture;void Constructor_MenuView_HistoricMissionPicture(void)
0x0059a8b0;Constructor_MenuView_HistoricMissionIntro;void Constructor_MenuView_HistoricMissionIntro(void)
0x0059a8e0;Constructor_MenuView_HistoricCampaignIntro;void Constructor_MenuView_HistoricCampaignIntro(void)
0x0059a910;Constructor_MenuView_HistoricCampaignOutro;void Constructor_MenuView_HistoricCampaignOutro(void)
0x0059a940;Constructor_MenuView_UnusedSelectRandomNumberOfEnemies;void Constructor_MenuView_UnusedSelectRandomNumberOfEnemies(void)
0x0059a970;Constructor_MenuView_SelectCrusade;void Constructor_MenuView_SelectCrusade(void)
0x0059a9a0;Constructor_MenuView_CrusadeMissionIntro;void Constructor_MenuView_CrusadeMissionIntro(void)
0x0059a9d0;Constructor_MenuView_CrusadeMap;void Constructor_MenuView_CrusadeMap(void)
0x0059aa00;Constructor_MenuView_RankingGames;void Constructor_MenuView_RankingGames(void)
0x0059aa30;Constructor_MenuView_CrusadeEndscreen;void Constructor_MenuView_CrusadeEndscreen(void)
0x0059aa60;Constructor_Menu_Unknown_ManyThings;void Constructor_Menu_Unknown_ManyThings(void)
0x0059aa70;Constructor_Menu_IntroLogos;void Constructor_Menu_IntroLogos(void)
0x0059aa80;Constructor_Menu_IntroVideo;void Constructor_Menu_IntroVideo(void)
0x0059aa90;Constructor_Menu_StartEnterName;void Constructor_Menu_StartEnterName(void)
0x0059aaa0;Constructor_Menu_MainMenu;void Constructor_Menu_MainMenu(void)
0x0059aab0;Constructor_Menu_HistoricCampaignSelect;void Constructor_Menu_HistoricCampaignSelect(void)
0x0059aac0;Constructor_Menu_UnusedEconomicGametypeSelect;void Constructor_Menu_UnusedEconomicGametypeSelect(void)
0x0059aad0;Constructor_Menu_CustomScenarios;void Constructor_Menu_CustomScenarios(void)
0x0059aae0;Constructor_Menu_UnusedSomeMissionStartUnk;void Constructor_Menu_UnusedSomeMissionStartUnk(void)
0x0059aaf0;Constructor_Menu_HistoricMissionSelect;void Constructor_Menu_HistoricMissionSelect(void)
0x0059ab00;Constructor_Menu_UnusedEconomicMissionSelect;void Constructor_Menu_UnusedEconomicMissionSelect(void)
0x0059ab10;Constructor_Menu_UnusedSetName;void Constructor_Menu_UnusedSetName(void)
0x0059ab20;Constructor_Menu_UnusedOldTitleMenu;void Constructor_Menu_UnusedOldTitleMenu(void)
0x0059ab30;Constructor_Menu_LobbyMenu;void Constructor_Menu_LobbyMenu(void)
0x0059ab40;Constructor_Menu_SkirmishConnectionOptions;void Constructor_Menu_SkirmishConnectionOptions(void)
0x0059ab50;Constructor_Menu_SkirmishPlayOptions;void Constructor_Menu_SkirmishPlayOptions(void)
0x0059ab60;Constructor_Menu_SendMapTo;void Constructor_Menu_SendMapTo(void)
0x0059ab70;Constructor_Menu_ReceiveMapFrom;void Constructor_Menu_ReceiveMapFrom(void)
0x0059ab80;Constructor_Menu_UnusedSelectRandomNumberOfEnemies;void Constructor_Menu_UnusedSelectRandomNumberOfEnemies(void)
0x0059ab90;Constructor_Menu_ChooseRandomNumberOfEnemies;void Constructor_Menu_ChooseRandomNumberOfEnemies(void)
0x0059aba0;Constructor_Menu_SelectCrusade;void Constructor_Menu_SelectCrusade(void)
0x0059abb0;Constructor_Menu_BasicAiLordSelect;void Constructor_Menu_BasicAiLordSelect(void)
0x0059abc0;Constructor_Menu_ExtendedAiLordSelect;void Constructor_Menu_ExtendedAiLordSelect(void)
0x0059abd0;Constructor_Menu_Roundtable;void Constructor_Menu_Roundtable(void)
0x0059abe0;Constructor_Menu_OverlaySlider;void Constructor_Menu_OverlaySlider(void)
0x0059abf0;Constructor_Menu_UnusedWinCondition;void Constructor_Menu_UnusedWinCondition(void)
0x0059ac00;Constructor_Menu_SingleplayerMapChoice;void Constructor_Menu_SingleplayerMapChoice(void)
0x0059ac10;Constructor_Menu_MapEditorProperties;void Constructor_Menu_MapEditorProperties(void)
0x0059ac20;Constructor_Menu_NewMapMaptype;void Constructor_Menu_NewMapMaptype(void)
0x0059ac30;Constructor_Menu_NewMapMapsize;void Constructor_Menu_NewMapMapsize(void)
0x0059ac40;Constructor_Menu_UnusedChooseAvailableKeeps;void Constructor_Menu_UnusedChooseAvailableKeeps(void)
0x0059ac50;Constructor_Menu_UnusedChooseGameType;void Constructor_Menu_UnusedChooseGameType(void)
0x0059ac60;Constructor_Menu_UnusedCreateSiege;void Constructor_Menu_UnusedCreateSiege(void)
0x0059ac70;Constructor_Menu_Unknown26CampaignRelatedUnk;void Constructor_Menu_Unknown26CampaignRelatedUnk(void)
0x0059ac80;Constructor_Menu_Unknown27CampaignUnk;void Constructor_Menu_Unknown27CampaignUnk(void)
0x0059ac90;Constructor_Menu_UnusedExtremeAd;void Constructor_Menu_UnusedExtremeAd(void)
0x0059aca0;Constructor_Menu_HistoricCampaignIntroAndMissionPicture;void Constructor_Menu_HistoricCampaignIntroAndMissionPicture(void)
0x0059acb0;Constructor_Menu_HistoricCampaignOutroAndMissionIntro;void Constructor_Menu_HistoricCampaignOutroAndMissionIntro(void)
0x0059acc0;Constructor_Menu_ScenarioDescription;void Constructor_Menu_ScenarioDescription(void)
0x0059acd0;Constructor_Menu_CrusadeMissionIntro;void Constructor_Menu_CrusadeMissionIntro(void)
0x0059ace0;Constructor_Menu_CrusadeMap;void Constructor_Menu_CrusadeMap(void)
0x0059acf0;Constructor_Menu_RankingGames;void Constructor_Menu_RankingGames(void)
0x0059ad00;Constructor_Menu_CrusadeEndscreen;void Constructor_Menu_CrusadeEndscreen(void)
0x0059ad10;Constructor_Menu_MissionFinishedTransition;void Constructor_Menu_MissionFinishedTransition(void)
0x0059ad20;Constructor_Menu_GameLostUnk;void Constructor_Menu_GameLostUnk(void)
0x0059ad30;Constructor_Menu_ChooseNetworkServiceProvider;void Constructor_Menu_ChooseNetworkServiceProvider(void)
0x0059ad40;Constructor_Menu_FindingNetworkSessions;void Constructor_Menu_FindingNetworkSessions(void)
0x0059ad50;Constructor_Menu_WaitingForHost;void Constructor_Menu_WaitingForHost(void)
0x0059ad60;Constructor_Menu_BuildMenu;void Constructor_Menu_BuildMenu(void)
0x0059ad70;Constructor_Menu_BuildingAndStatusMenu;void Constructor_Menu_BuildingAndStatusMenu(void)
0x0059ad80;Constructor_Menu_PauseMenu;void Constructor_Menu_PauseMenu(void)
0x0059ad90;Constructor_Menu_PauseMenuOptions;void Constructor_Menu_PauseMenuOptions(void)
0x0059ada0;Constructor_Menu_MainMenuOptions;void Constructor_Menu_MainMenuOptions(void)
0x0059adb0;Constructor_Menu_GameplayOptions;void Constructor_Menu_GameplayOptions(void)
0x0059adc0;Constructor_Menu_VideoOptions;void Constructor_Menu_VideoOptions(void)
0x0059add0;Constructor_Menu_SoundOptions;void Constructor_Menu_SoundOptions(void)
0x0059ade0;Constructor_Menu_IdentityOptions;void Constructor_Menu_IdentityOptions(void)
0x0059adf0;Constructor_Menu_EnterTitleOnGameStart;void Constructor_Menu_EnterTitleOnGameStart(void)
0x0059ae00;Constructor_Menu_NetworkOptions;void Constructor_Menu_NetworkOptions(void)
0x0059ae10;Constructor_Menu_LoadMap;void Constructor_Menu_LoadMap(void)
0x0059ae20;Constructor_Menu_SaveMap;void Constructor_Menu_SaveMap(void)
0x0059ae30;Constructor_Menu_YesNoDialog;void Constructor_Menu_YesNoDialog(void)
0x0059ae40;Constructor_Menu_QuitDialog;void Constructor_Menu_QuitDialog(void)
0x0059ae50;Constructor_Menu_DeleteGameRecord;void Constructor_Menu_DeleteGameRecord(void)
0x0059ae60;Constructor_Menu_TacticalPowerBar;void Constructor_Menu_TacticalPowerBar(void)
0x0059ae70;Constructor_Menu_ProgressBarBox;void Constructor_Menu_ProgressBarBox(void)
0x0059ae80;Constructor_Menu_Chat;void Constructor_Menu_Chat(void)
0x0059ae90;Constructor_Menu_Allies;void Constructor_Menu_Allies(void)
0x0059aea0;Constructor_Menu_AlliesOrder;void Constructor_Menu_AlliesOrder(void)
0x0059aeb0;Constructor_Menu_AlliesRequestGoods;void Constructor_Menu_AlliesRequestGoods(void)
0x0059aec0;Constructor_Menu_AlliesSendGoods;void Constructor_Menu_AlliesSendGoods(void)
0x0059aed0;Constructor_Menu_GreatestLord;void Constructor_Menu_GreatestLord(void)
0x0059aee0;Constructor_Menu_OnlineQuitGame;void Constructor_Menu_OnlineQuitGame(void)
0x0059aef0;Constructor_Menu_OnlineVoteQuitGame;void Constructor_Menu_OnlineVoteQuitGame(void)
0x0059af00;Constructor_Menu_DebugModals;void Constructor_Menu_DebugModals(void)
0x0059af10;Constructor_Menu_DisplayAiLordMessage;void Constructor_Menu_DisplayAiLordMessage(void)
0x0059af20;Constructor_Menu_TutorialBox;void Constructor_Menu_TutorialBox(void)
0x0059af30;Constructor_Menu_TutorialBoxWithLeave;void Constructor_Menu_TutorialBoxWithLeave(void)
0x0059af40;Constructor_Menu_UnusedHelpTextEditor;void Constructor_Menu_UnusedHelpTextEditor(void)
0x0059af50;Constructor_Menu_BuildingHelpText;void Constructor_Menu_BuildingHelpText(void)
0x0059af60;Constructor_Menu_InGameHelpText;void Constructor_Menu_InGameHelpText(void)
0x0059af70;Constructor_Menu_DisplayScenarioHelpText;void Constructor_Menu_DisplayScenarioHelpText(void)
0x0059af80;Constructor_Menu_Credits;void Constructor_Menu_Credits(void)
0x0059af90;Constructor_Menu_MapDescriptionEditor;void Constructor_Menu_MapDescriptionEditor(void)
0x0059afa0;Constructor_Menu_UnusedDemoBuyItScreen;void Constructor_Menu_UnusedDemoBuyItScreen(void)
0x0059afb0;Constructor_Menu_EditorMapTypeQuickChange;void Constructor_Menu_EditorMapTypeQuickChange(void)
0x0059afc0;Constructor_Menu_Empty10;void Constructor_Menu_Empty10(void)
0x0059afd0;Constructor_Menu_Empty11;void Constructor_Menu_Empty11(void)
0x0059afe0;Constructor_Menu_MapEditorLandscaping;void Constructor_Menu_MapEditorLandscaping(void)
0x0059aff0;Constructor_Menu_EditScenario;void Constructor_Menu_EditScenario(void)
0x0059b000;Constructor_Menu_UnusedChooseMessageBox;void Constructor_Menu_UnusedChooseMessageBox(void)
0x0059b010;Constructor_Menu_TraderSettings;void Constructor_Menu_TraderSettings(void)
0x0059b020;Constructor_Menu_StartGoods;void Constructor_Menu_StartGoods(void)
0x0059b030;Constructor_Menu_UnusedSiegeAttackingForceUnk;void Constructor_Menu_UnusedSiegeAttackingForceUnk(void)
0x0059b040;Constructor_Menu_NewInvasion;void Constructor_Menu_NewInvasion(void)
0x0059b050;Constructor_Menu_UnusedCreateTimedMessageEvent;void Constructor_Menu_UnusedCreateTimedMessageEvent(void)
0x0059b060;Constructor_Menu_NewEvent;void Constructor_Menu_NewEvent(void)
0x0059b070;Constructor_Menu_NewEventCondition;void Constructor_Menu_NewEventCondition(void)
0x0059b080;Constructor_Menu_NewEventAction;void Constructor_Menu_NewEventAction(void)
0x0059b090;Constructor_Menu_UnusedCreateMessageEvent;void Constructor_Menu_UnusedCreateMessageEvent(void)
0x0059b0a0;Constructor_Menu_BuildingAvailability;void Constructor_Menu_BuildingAvailability(void)
0x0059b0b0;Constructor_Menu_DisableEuroTroops;void Constructor_Menu_DisableEuroTroops(void)
0x0059b0c0;Constructor_Menu_DisableArabTroops;void Constructor_Menu_DisableArabTroops(void)
0x0059b0d0;Constructor_Menu_DisableWeapon;void Constructor_Menu_DisableWeapon(void)
0x0059b0e0;Constructor_Menu_TriggerInvasion;void Constructor_Menu_TriggerInvasion(void)
0x0059b0f0;Constructor_Menu_TriggerEventOrInvasion;void Constructor_Menu_TriggerEventOrInvasion(void)
0x0059b100;Constructor_Menu_TriggerEvent;void Constructor_Menu_TriggerEvent(void)
0x0059b110;Constructor_Menu_TriggerEventSlider;void Constructor_Menu_TriggerEventSlider(void)
0x0059b120;Constructor_MenuModal_OverlaySlider;void Constructor_MenuModal_OverlaySlider(void)
0x0059b160;Constructor_MenuModal_UnusedWinCondition;void Constructor_MenuModal_UnusedWinCondition(void)
0x0059b1a0;Constructor_MenuModal_DebugDataCurrentPlayerData;void Constructor_MenuModal_DebugDataCurrentPlayerData(void)
0x0059b1e0;Constructor_MenuModal_DebugDataAiInfo;void Constructor_MenuModal_DebugDataAiInfo(void)
0x0059b220;Constructor_MenuModal_DebugDataUnitData;void Constructor_MenuModal_DebugDataUnitData(void)
0x0059b260;Constructor_MenuModal_DebugDataZoneDataUnk;void Constructor_MenuModal_DebugDataZoneDataUnk(void)
0x0059b2a0;Constructor_MenuModal_DebugDataNetwork;void Constructor_MenuModal_DebugDataNetwork(void)
0x0059b2e0;Constructor_MenuModal_DebugDataMousePointing;void Constructor_MenuModal_DebugDataMousePointing(void)
0x0059b320;Constructor_MenuModal_DebugDataSplitInfo;void Constructor_MenuModal_DebugDataSplitInfo(void)
0x0059b360;Constructor_MenuModal_DebugDataMapData;void Constructor_MenuModal_DebugDataMapData(void)
0x0059b3a0;Constructor_MenuModal_PauseMenu;void Constructor_MenuModal_PauseMenu(void)
0x0059b3e0;Constructor_MenuModal_VideoOptions;void Constructor_MenuModal_VideoOptions(void)
0x0059b420;Constructor_MenuModal_SoundOptions;void Constructor_MenuModal_SoundOptions(void)
0x0059b460;Constructor_MenuModal_NetworkOptions;void Constructor_MenuModal_NetworkOptions(void)
0x0059b4a0;Constructor_MenuModal_LoadMap;void Constructor_MenuModal_LoadMap(void)
0x0059b4e0;Constructor_MenuModal_SaveMap;void Constructor_MenuModal_SaveMap(void)
0x0059b520;Constructor_MenuModal_YesNoDialog;void Constructor_MenuModal_YesNoDialog(void)
0x0059b560;Constructor_MenuModal_QuitDialog;void Constructor_MenuModal_QuitDialog(void)
0x0059b5a0;Constructor_MenuModal_PauseMenuOptions;void Constructor_MenuModal_PauseMenuOptions(void)
0x0059b5e0;Constructor_MenuModal_MainMenuOptions;void Constructor_MenuModal_MainMenuOptions(void)
0x0059b620;Constructor_MenuModal_GameplayOptions;void Constructor_MenuModal_GameplayOptions(void)
0x0059b660;Constructor_MenuModal_IdentityOptions;void Constructor_MenuModal_IdentityOptions(void)
0x0059b6a0;Constructor_MenuModal_EnterTitleOnGameStart;void Constructor_MenuModal_EnterTitleOnGameStart(void)
0x0059b6e0;Constructor_MenuModal_ProgressBarBox;void Constructor_MenuModal_ProgressBarBox(void)
0x0059b720;Constructor_MenuModal_BuildingHelpText;void Constructor_MenuModal_BuildingHelpText(void)
0x0059b760;Constructor_MenuModal_InGameHelpText;void Constructor_MenuModal_InGameHelpText(void)
0x0059b7a0;Constructor_MenuModal_MapDescriptionEditor;void Constructor_MenuModal_MapDescriptionEditor(void)
0x0059b7e0;Constructor_MenuModal_ChooseNetworkServiceProvider;void Constructor_MenuModal_ChooseNetworkServiceProvider(void)
0x0059b820;Constructor_MenuModal_FindingNetworkSessions;void Constructor_MenuModal_FindingNetworkSessions(void)
0x0059b860;Constructor_MenuModal_DisplayAiLordMessage;void Constructor_MenuModal_DisplayAiLordMessage(void)
0x0059b8a0;Constructor_MenuModal_WaitingForHost;void Constructor_MenuModal_WaitingForHost(void)
0x0059b8e0;Constructor_MenuModal_UnusedSetName;void Constructor_MenuModal_UnusedSetName(void)
0x0059b920;Constructor_MenuModal_UnusedChooseMessageBox;void Constructor_MenuModal_UnusedChooseMessageBox(void)
0x0059b960;Constructor_MenuModal_TraderSettings;void Constructor_MenuModal_TraderSettings(void)
0x0059b9a0;Constructor_MenuModal_StartGoods;void Constructor_MenuModal_StartGoods(void)
0x0059b9e0;Constructor_MenuModal_UnusedSiegeAttackingForceUnk;void Constructor_MenuModal_UnusedSiegeAttackingForceUnk(void)
0x0059ba20;Constructor_MenuModal_NewInvasion;void Constructor_MenuModal_NewInvasion(void)
0x0059ba60;Constructor_MenuModal_UnusedCreateTimedMessageEvent;void Constructor_MenuModal_UnusedCreateTimedMessageEvent(void)
0x0059baa0;Constructor_MenuModal_NewEvent;void Constructor_MenuModal_NewEvent(void)
0x0059bae0;Constructor_MenuModal_NewEventCondition;void Constructor_MenuModal_NewEventCondition(void)
0x0059bb20;Constructor_MenuModal_NewEventAction;void Constructor_MenuModal_NewEventAction(void)
0x0059bb60;Constructor_MenuModal_UnusedCreateMessageEvent;void Constructor_MenuModal_UnusedCreateMessageEvent(void)
0x0059bba0;Constructor_MenuModal_BuildingAvailability;void Constructor_MenuModal_BuildingAvailability(void)
0x0059bbe0;Constructor_MenuModal_DisableEuroTroops;void Constructor_MenuModal_DisableEuroTroops(void)
0x0059bc20;Constructor_MenuModal_DisableArabTroops;void Constructor_MenuModal_DisableArabTroops(void)
0x0059bc60;Constructor_MenuModal_DisableWeapon;void Constructor_MenuModal_DisableWeapon(void)
0x0059bca0;Constructor_MenuModal_TutorialBox;void Constructor_MenuModal_TutorialBox(void)
0x0059bce0;Constructor_MenuModal_TutorialBoxWithLeave;void Constructor_MenuModal_TutorialBoxWithLeave(void)
0x0059bd20;Constructor_MenuModal_DisplayScenarioHelpText;void Constructor_MenuModal_DisplayScenarioHelpText(void)
0x0059bd60;Constructor_MenuModal_Chat;void Constructor_MenuModal_Chat(void)
0x0059bda0;Constructor_MenuModal_CreditsScroll;void Constructor_MenuModal_CreditsScroll(void)
0x0059bde0;Constructor_MenuModal_EditorMapTypeQuickChange;void Constructor_MenuModal_EditorMapTypeQuickChange(void)
0x0059be20;Constructor_MenuModal_SkirmishConnectionOptions;void Constructor_MenuModal_SkirmishConnectionOptions(void)
0x0059be60;Constructor_MenuModal_SkirmishPlayOptions;void Constructor_MenuModal_SkirmishPlayOptions(void)
0x0059bea0;Constructor_MenuModal_OnlineQuitGame;void Constructor_MenuModal_OnlineQuitGame(void)
0x0059bee0;Constructor_MenuModal_OnlineVoteQuitGame;void Constructor_MenuModal_OnlineVoteQuitGame(void)
0x0059bf20;Constructor_MenuModal_TriggerInvasion;void Constructor_MenuModal_TriggerInvasion(void)
0x0059bf60;Constructor_MenuModal_TriggerEvent;void Constructor_MenuModal_TriggerEvent(void)
0x0059bfa0;Constructor_MenuModal_TriggerEventOrInvasion;void Constructor_MenuModal_TriggerEventOrInvasion(void)
0x0059bfe0;Constructor_MenuModal_TriggerEventSlider;void Constructor_MenuModal_TriggerEventSlider(void)
0x0059c020;Constructor_MenuModal_SendMapTo;void Constructor_MenuModal_SendMapTo(void)
0x0059c060;Constructor_MenuModal_ReceiveMapFrom;void Constructor_MenuModal_ReceiveMapFrom(void)
0x0059c0a0;Constructor_MenuModal_BasicAiLordSelect;void Constructor_MenuModal_BasicAiLordSelect(void)
0x0059c0f0;Constructor_MenuModal_ExtendedAiLordSelect;void Constructor_MenuModal_ExtendedAiLordSelect(void)
0x0059c140;Constructor_MenuModal_Roundtable;void Constructor_MenuModal_Roundtable(void)
0x0059c180;Constructor_MenuModal_Allies;void Constructor_MenuModal_Allies(void)
0x0059c1c0;Constructor_MenuModal_AlliesOrder;void Constructor_MenuModal_AlliesOrder(void)
0x0059c200;Constructor_MenuModal_AlliesRequestGoods;void Constructor_MenuModal_AlliesRequestGoods(void)
0x0059c240;Constructor_MenuModal_GreatestLord;void Constructor_MenuModal_GreatestLord(void)
0x0059c280;Constructor_MenuModal_AlliesSendGoods;void Constructor_MenuModal_AlliesSendGoods(void)
0x0059c2c0;Constructor_MenuModal_ChooseRandomNumberOfEnemies;void Constructor_MenuModal_ChooseRandomNumberOfEnemies(void)
0x0059c300;Constructor_MenuModal_DeleteGameRecord;void Constructor_MenuModal_DeleteGameRecord(void)
0x0059c340;Constructor_MenuModal_TacticalPowerBar;void Constructor_MenuModal_TacticalPowerBar(void)
0x0059c380;Constructor_MenuModal_DebugDataAivStateUnk;void Constructor_MenuModal_DebugDataAivStateUnk(void)
0x0059c3c0;CreateUnknownDisplayElement0;void CreateUnknownDisplayElement0(void)
0x0059c3e0;CreateBottomLeftDateDisplayElement;void CreateBottomLeftDateDisplayElement(void)
0x0059c400;CreateUnknownDisplayElement18;void CreateUnknownDisplayElement18(void)
0x0059c420;CreateInGameStartingGoodsCounterDisplayElement;void CreateInGameStartingGoodsCounterDisplayElement(void)
0x0059c440;CreateConnectAndPathLinkageInfoTextDisplayElement;void CreateConnectAndPathLinkageInfoTextDisplayElement(void)
0x0059c460;CreateInGameChatDisplayElementUnk;void CreateInGameChatDisplayElementUnk(void)
0x0059c480;CreateResourceMissing1DisplayElement;void CreateResourceMissing1DisplayElement(void)
0x0059c4a0;CreateResourceMissing2DisplayElement;void CreateResourceMissing2DisplayElement(void)
0x0059c4c0;CreateDebugNumbersDisplayElement;void CreateDebugNumbersDisplayElement(void)
0x0059c4e0;CreateUnknownDisplayElement7;void CreateUnknownDisplayElement7(void)
0x0059c500;CreateSomeMissionNumberUnkDisplayElement9;void CreateSomeMissionNumberUnkDisplayElement9(void)
0x0059c520;CreateNoTreeGrowthTextDisplayElement;void CreateNoTreeGrowthTextDisplayElement(void)
0x0059c540;CreateInGameWinDefeatWindowDisplayElement;void CreateInGameWinDefeatWindowDisplayElement(void)
0x0059c560;CreateMissionWinDefeatBannerDisplayElement;void CreateMissionWinDefeatBannerDisplayElement(void)
0x0059c580;CreateSomeMultiplayerInfoUnkDisplayElement19;void CreateSomeMultiplayerInfoUnkDisplayElement19(void)
0x0059c5a0;CreateKeepAndGranaryPlacementInfoDisplayElement;void CreateKeepAndGranaryPlacementInfoDisplayElement(void)
0x0059c5c0;CreatePlayerInfoOnHoverDisplayElement;void CreatePlayerInfoOnHoverDisplayElement(void)
0x0059c5e0;CreatePlayerPingUnkDisplayElement22;void CreatePlayerPingUnkDisplayElement22(void)
0x0059c600;CreateGamePausedTextDisplayElement;void CreateGamePausedTextDisplayElement(void)
0x0059c620;CreateGameSpeedTextDisplayElement;void CreateGameSpeedTextDisplayElement(void)
0x0059c640;CreateUnknownDisplayElement25;void CreateUnknownDisplayElement25(void)
0x0059c660;CreateTimeUntilVictoryDisplayElement;void CreateTimeUntilVictoryDisplayElement(void)
0x0059c680;CreateNoRushDisplayElementUnk;void CreateNoRushDisplayElementUnk(void)
0x0059c6a0;CreateTimeUntilDefeatDisplayElement;void CreateTimeUntilDefeatDisplayElement(void)
0x0059c6c0;CreateSomeMultiplayerInfoUnkDisplayElement28;void CreateSomeMultiplayerInfoUnkDisplayElement28(void)
0x0059c6e0;CreatePeopleLeftToPlaceDisplayElement;void CreatePeopleLeftToPlaceDisplayElement(void)
0x0059c700;Constructor_UnknownClass1;void Constructor_UnknownClass1(void)
0x0059c720;Constructor_WindowAndDirectDraw;void Constructor_WindowAndDirectDraw(void)
0x0059c740;Constructor_WindowInformation;void Constructor_WindowInformation(void)
0x0059c760;Constructor_MouseState;void Constructor_MouseState(void)
0x0059c780;Constructor_ModifierKeyState;void Constructor_ModifierKeyState(void)
0x0059c7a0;Constructor_ScrollingHandler;void Constructor_ScrollingHandler(void)
0x0059c7c0;Constructor_InsertKeyState;void Constructor_InsertKeyState(void)
0x0059c7e0;Constructor_PencilRenderCoreObj;void Constructor_PencilRenderCoreObj(void)
0x0059c800;Constructor_UserTextHandler;void Constructor_UserTextHandler(void)
0x0059c820;Constructor_TextManagerObj;void Constructor_TextManagerObj(void)
0x0059c840;Constructor_UnusedClass1Unk;void Constructor_UnusedClass1Unk(void)
0x0059c860;Constructor_RNGState;void Constructor_RNGState(void)
0x0059c880;Constructor_LowLevelMemory;void Constructor_LowLevelMemory(void)
0x0059c8a0;Constructor_GameCore;void Constructor_GameCore(void)
0x0059c8c0;Constructor_ResourceManager;void Constructor_ResourceManager(void)
0x0059c8e0;Constructor_BitMapState;void Constructor_BitMapState(void)
0x0059c900;Constructor_DirectionAlgorithmState;void Constructor_DirectionAlgorithmState(void)
0x0059c920;Constructor_Stopwatch_Gameloop;void Constructor_Stopwatch_Gameloop(void)
0x0059c940;Constructor_Stopwatch_Unknown;void Constructor_Stopwatch_Unknown(void)
0x0059c960;Constructor_FilePackager;void Constructor_FilePackager(void)
0x0059c980;Constructor_DecoderState;void Constructor_DecoderState(void)
0x0059c9a0;Constructor_TextureRenderingCore;void Constructor_TextureRenderingCore(void)
0x0059c9d0;Constructor_SFXState;void Constructor_SFXState(void)
0x0059c9f0;Constructor_AlphaAndButtonSurface;void Constructor_AlphaAndButtonSurface(void)
0x0059ca10;Constructor_Empty1;void Constructor_Empty1(void)
0x0059ca20;Constructor_ViewportRenderState;void Constructor_ViewportRenderState(void)
0x0059ca40;Constructor_MiniMapView;void Constructor_MiniMapView(void)
0x0059ca60;Constructor_MenuModalComposition1;void Constructor_MenuModalComposition1(void)
0x0059ca80;Constructor_MenuModalComposition2;void Constructor_MenuModalComposition2(void)
0x0059caa0;Constructor_MenuModalComposition3;void Constructor_MenuModalComposition3(void)
0x0059cac0;Constructor_TileMapState;void Constructor_TileMapState(void)
0x0059cae0;Constructor_WildlifeState;void Constructor_WildlifeState(void)
0x0059cb00;Constructor_PathFindingState;void Constructor_PathFindingState(void)
0x0059cb20;Constructor_UnitsState;void Constructor_UnitsState(void)
0x0059cb40;Constructor_EntityState;void Constructor_EntityState(void)
0x0059cb60;Constructor_TribesState;void Constructor_TribesState(void)
0x0059cb80;Constructor_TroopValueState;void Constructor_TroopValueState(void)
0x0059cba0;Constructor_BuildingsState;void Constructor_BuildingsState(void)
0x0059cbc0;Constructor_AIVState;void Constructor_AIVState(void)
0x0059cbe0;Constructor_AICState;void Constructor_AICState(void)
0x0059cc00;Constructor_LandscapeState;void Constructor_LandscapeState(void)
0x0059cc20;Constructor_GameState;void Constructor_GameState(void)
0x0059cc40;Constructor_MenuTextInputState;void Constructor_MenuTextInputState(void)
0x0059cc60;Constructor_TextEditorState;void Constructor_TextEditorState(void)
0x0059cc80;Constructor_BinkControlClass;void Constructor_BinkControlClass(void)
0x0059cc90;Constructor_Empty2;void Constructor_Empty2(void)
0x0059cca0;Constructor_HoveredState;void Constructor_HoveredState(void)
0x0059ccb0;Constructor_MapPropertiesState;void Constructor_MapPropertiesState(void)
0x0059ccd0;Constructor_GameSynchronyState;void Constructor_GameSynchronyState(void)
0x0059cce6;Constructor_Locks;void Constructor_Locks(void)
0x0059ccfc;Constructor_CreateLocaleMemoryRelated;void Constructor_CreateLocaleMemoryRelated(void)
0x0059cd08;Constructor_Locks2;void Constructor_Locks2(void)
0x0059cd1e;Constructor_CRelated;void Constructor_CRelated(void)
0x0059cd30;Destructor_0059cd30;void Destructor_0059cd30(void)
0x0059cd40;Destructor_MenuView_IntroLogos;void Destructor_MenuView_IntroLogos(void)
0x0059cd50;Destructor_MenuView_HistoricMissionSelect;void Destructor_MenuView_HistoricMissionSelect(void)
0x0059cd60;Destructor_MenuView_UnusedEconomicMissionSelect;void Destructor_MenuView_UnusedEconomicMissionSelect(void)
0x0059cd70;Destructor_MenuView_UnusedSomeMissionStartUnk;void Destructor_MenuView_UnusedSomeMissionStartUnk(void)
0x0059cd80;Destructor_MenuView_UnusedOldTitleMenu;void Destructor_MenuView_UnusedOldTitleMenu(void)
0x0059cd90;Destructor_MenuView_MpConnection;void Destructor_MenuView_MpConnection(void)
0x0059cda0;Destructor_MenuView_Unknown21;void Destructor_MenuView_Unknown21(void)
0x0059cdb0;Destructor_MenuView_LobbyMenu;void Destructor_MenuView_LobbyMenu(void)
0x0059cdc0;Destructor_MenuView_Unknown33;void Destructor_MenuView_Unknown33(void)
0x0059cdd0;Destructor_MenuView_Unknown61ReturnToSkrimishMenuUnk;void Destructor_MenuView_Unknown61ReturnToSkrimishMenuUnk(void)
0x0059cde0;Destructor_MenuView_SingleplayerMapChoice;void Destructor_MenuView_SingleplayerMapChoice(void)
0x0059cdf0;Destructor_MenuView_Unknown49DoesNothingUnk;void Destructor_MenuView_Unknown49DoesNothingUnk(void)
0x0059ce00;Destructor_MenuView_MapEditorLandscaping;void Destructor_MenuView_MapEditorLandscaping(void)
0x0059ce10;Destructor_MenuView_BuildMenu;void Destructor_MenuView_BuildMenu(void)
0x0059ce20;Destructor_MenuView_BuildingAndStatusMenu;void Destructor_MenuView_BuildingAndStatusMenu(void)
0x0059ce30;Destructor_MenuView_UnusedHelpTextEditor;void Destructor_MenuView_UnusedHelpTextEditor(void)
0x0059ce40;Destructor_MenuView_MapEditorProperties;void Destructor_MenuView_MapEditorProperties(void)
0x0059ce50;Destructor_MenuView_NewMapMaptype;void Destructor_MenuView_NewMapMaptype(void)
0x0059ce60;Destructor_MenuView_NewMapMapsize;void Destructor_MenuView_NewMapMapsize(void)
0x0059ce70;Destructor_MenuView_UnusedChooseAvailableKeeps;void Destructor_MenuView_UnusedChooseAvailableKeeps(void)
0x0059ce80;Destructor_MenuView_UnusedChooseGameType;void Destructor_MenuView_UnusedChooseGameType(void)
0x0059ce90;Destructor_MenuView_UnusedCreateSiege;void Destructor_MenuView_UnusedCreateSiege(void)
0x0059cea0;Destructor_MenuView_Unknown26_CampaignRelatedUnk;void Destructor_MenuView_Unknown26_CampaignRelatedUnk(void)
0x0059ceb0;Destructor_MenuView_CampaignUnk;void Destructor_MenuView_CampaignUnk(void)
0x0059cec0;Destructor_MenuView_ScenarioDescription;void Destructor_MenuView_ScenarioDescription(void)
0x0059ced0;Destructor_MenuView_MissionFinishedTransition;void Destructor_MenuView_MissionFinishedTransition(void)
0x0059cee0;Destructor_MenuView_GameLost;void Destructor_MenuView_GameLost(void)
0x0059cef0;Destructor_MenuView_UnusedExtremeAd;void Destructor_MenuView_UnusedExtremeAd(void)
0x0059cf00;Destructor_MenuView_EditScenario;void Destructor_MenuView_EditScenario(void)
0x0059cf10;Destructor_MenuView_GameStartEnterName;void Destructor_MenuView_GameStartEnterName(void)
0x0059cf20;Destructor_MenuView_MainMenu;void Destructor_MenuView_MainMenu(void)
0x0059cf30;Destructor_MenuView_HistoricCampaignSelect;void Destructor_MenuView_HistoricCampaignSelect(void)
0x0059cf40;Destructor_MenuView_UnusedEconomicGametypeSelect;void Destructor_MenuView_UnusedEconomicGametypeSelect(void)
0x0059cf50;Destructor_MenuView_CustomScenarios;void Destructor_MenuView_CustomScenarios(void)
0x0059cf60;Destructor_MenuView_Credits;void Destructor_MenuView_Credits(void)
0x0059cf70;Destructor_MenuView_UnusedDemoBuyItScreen;void Destructor_MenuView_UnusedDemoBuyItScreen(void)
0x0059cf80;Destructor_MenuView_IntroVideo;void Destructor_MenuView_IntroVideo(void)
0x0059cf90;Destructor_MenuView_HistoricMissionPicture;void Destructor_MenuView_HistoricMissionPicture(void)
0x0059cfa0;Destructor_MenuView_HistoricMissionIntro;void Destructor_MenuView_HistoricMissionIntro(void)
0x0059cfb0;Destructor_MenuView_HistoricCampaignIntro;void Destructor_MenuView_HistoricCampaignIntro(void)
0x0059cfc0;Destructor_MenuView_HistoricCampaignOutro;void Destructor_MenuView_HistoricCampaignOutro(void)
0x0059cfd0;Destructor_MenuView_UnusedSelectRandomNumberOfEnemies;void Destructor_MenuView_UnusedSelectRandomNumberOfEnemies(void)
0x0059cfe0;Destructor_MenuView_SelectCrusade;void Destructor_MenuView_SelectCrusade(void)
0x0059cff0;Destructor_MenuView_CrusadeMissionIntro;void Destructor_MenuView_CrusadeMissionIntro(void)
0x0059d000;Destructor_MenuView_CrusadeMap;void Destructor_MenuView_CrusadeMap(void)
0x0059d010;Destructor_MenuView_RankingGames;void Destructor_MenuView_RankingGames(void)
0x0059d020;Destructor_MenuView_CrusadeEndscreen;void Destructor_MenuView_CrusadeEndscreen(void)
0x0059d030;Destructor_MenuModal_OverlaySlider;void Destructor_MenuModal_OverlaySlider(void)
0x0059d040;Destructor_MenuModal_UnusedWinCondition;void Destructor_MenuModal_UnusedWinCondition(void)
0x0059d050;Destructor_MenuModal_DebugDataCurrentPlayerData;void Destructor_MenuModal_DebugDataCurrentPlayerData(void)
0x0059d060;Destructor_MenuModal_DebugDataAiInfo;void Destructor_MenuModal_DebugDataAiInfo(void)
0x0059d070;Destructor_MenuModal_DebugDataUnitData;void Destructor_MenuModal_DebugDataUnitData(void)
0x0059d080;Destructor_MenuModal_DebugDataZoneDataUnk;void Destructor_MenuModal_DebugDataZoneDataUnk(void)
0x0059d090;Destructor_MenuModal_DebugDataNetwork;void Destructor_MenuModal_DebugDataNetwork(void)
0x0059d0a0;Destructor_MenuModal_DebugDataMousePointing;void Destructor_MenuModal_DebugDataMousePointing(void)
0x0059d0b0;Destructor_MenuModal_DebugDataSplitInfo;void Destructor_MenuModal_DebugDataSplitInfo(void)
0x0059d0c0;Destructor_MenuModal_DebugDataMapData;void Destructor_MenuModal_DebugDataMapData(void)
0x0059d0d0;Destructor_MenuModal_PauseMenu;void Destructor_MenuModal_PauseMenu(void)
0x0059d0e0;Destructor_MenuModal_VideoOptions;void Destructor_MenuModal_VideoOptions(void)
0x0059d0f0;Destructor_MenuModal_SoundOptions;void Destructor_MenuModal_SoundOptions(void)
0x0059d100;Destructor_MenuModal_NetworkOptions;void Destructor_MenuModal_NetworkOptions(void)
0x0059d110;Destructor_MenuModal_LoadMap;void Destructor_MenuModal_LoadMap(void)
0x0059d120;Destructor_MenuModal_SaveMap;void Destructor_MenuModal_SaveMap(void)
0x0059d130;Destructor_MenuModal_YesNoDialog;void Destructor_MenuModal_YesNoDialog(void)
0x0059d140;Destructor_MenuModal_QuitDialog;void Destructor_MenuModal_QuitDialog(void)
0x0059d150;Destructor_MenuModal_PauseMenuOptions;void Destructor_MenuModal_PauseMenuOptions(void)
0x0059d160;Destructor_MenuModal_MainMenuOptions;void Destructor_MenuModal_MainMenuOptions(void)
0x0059d170;Destructor_MenuModal_GameplayOptions;void Destructor_MenuModal_GameplayOptions(void)
0x0059d180;Destructor_MenuModal_IdentityOptions;void Destructor_MenuModal_IdentityOptions(void)
0x0059d190;Destructor_MenuModal_EnterTitleOnGameStart;void Destructor_MenuModal_EnterTitleOnGameStart(void)
0x0059d1a0;Destructor_MenuModal_ProgressBarBox;void Destructor_MenuModal_ProgressBarBox(void)
0x0059d1b0;Destructor_MenuModal_BuildingHelpText;void Destructor_MenuModal_BuildingHelpText(void)
0x0059d1c0;Destructor_MenuModal_InGameHelpText;void Destructor_MenuModal_InGameHelpText(void)
0x0059d1d0;Destructor_MenuModal_MapDescriptionEditor;void Destructor_MenuModal_MapDescriptionEditor(void)
0x0059d1e0;Destructor_MenuModal_ChooseNetworkServiceProvider;void Destructor_MenuModal_ChooseNetworkServiceProvider(void)
0x0059d1f0;Destructor_MenuModal_FindingNetworkSessions;void Destructor_MenuModal_FindingNetworkSessions(void)
0x0059d200;Destructor_MenuModal_DisplayAiLordMessage;void Destructor_MenuModal_DisplayAiLordMessage(void)
0x0059d210;Destructor_MenuModal_WaitingForHost;void Destructor_MenuModal_WaitingForHost(void)
0x0059d220;Destructor_MenuModal_UnusedSetName;void Destructor_MenuModal_UnusedSetName(void)
0x0059d230;Destructor_MenuModal_UnusedChooseMessageBox;void Destructor_MenuModal_UnusedChooseMessageBox(void)
0x0059d240;Destructor_MenuModal_TraderSettings;void Destructor_MenuModal_TraderSettings(void)
0x0059d250;Destructor_MenuModal_StartGoods;void Destructor_MenuModal_StartGoods(void)
0x0059d260;Destructor_MenuModal_UnusedSiegeAttackingForceUnk;void Destructor_MenuModal_UnusedSiegeAttackingForceUnk(void)
0x0059d270;Destructor_MenuModal_NewInvasion;void Destructor_MenuModal_NewInvasion(void)
0x0059d280;Destructor_MenuModal_UnusedCreateTimedMessageEvent;void Destructor_MenuModal_UnusedCreateTimedMessageEvent(void)
0x0059d290;Destructor_MenuModal_NewEvent;void Destructor_MenuModal_NewEvent(void)
0x0059d2a0;Destructor_MenuModal_NewEventCondition;void Destructor_MenuModal_NewEventCondition(void)
0x0059d2b0;Destructor_MenuModal_NewEventAction;void Destructor_MenuModal_NewEventAction(void)
0x0059d2c0;Destructor_MenuModal_UnusedCreateMessageEvent;void Destructor_MenuModal_UnusedCreateMessageEvent(void)
0x0059d2d0;Destructor_MenuModal_BuildingAvailability;void Destructor_MenuModal_BuildingAvailability(void)
0x0059d2e0;Destructor_MenuModal_DisableEuroTroops;void Destructor_MenuModal_DisableEuroTroops(void)
0x0059d2f0;Destructor_MenuModal_DisableArabTroops;void Destructor_MenuModal_DisableArabTroops(void)
0x0059d300;Destructor_MenuModal_DisableWeapon;void Destructor_MenuModal_DisableWeapon(void)
0x0059d310;Destructor_MenuModal_TutorialBox;void Destructor_MenuModal_TutorialBox(void)
0x0059d320;Destructor_MenuModal_TutorialBoxWithLeave;void Destructor_MenuModal_TutorialBoxWithLeave(void)
0x0059d330;Destructor_MenuModal_DisplayScenarioHelpText;void Destructor_MenuModal_DisplayScenarioHelpText(void)
0x0059d340;Destructor_MenuModal_Chat;void Destructor_MenuModal_Chat(void)
0x0059d350;Destructor_MenuModal_CreditsScroll;void Destructor_MenuModal_CreditsScroll(void)
0x0059d360;Destructor_MenuModal_EditorMapTypeQuickChange;void Destructor_MenuModal_EditorMapTypeQuickChange(void)
0x0059d370;Destructor_MenuModal_SkirmishConnectionOptions;void Destructor_MenuModal_SkirmishConnectionOptions(void)
0x0059d380;Destructor_MenuModal_SkirmishPlayOptions;void Destructor_MenuModal_SkirmishPlayOptions(void)
0x0059d390;Destructor_MenuModal_OnlineQuitGame;void Destructor_MenuModal_OnlineQuitGame(void)
0x0059d3a0;Destructor_MenuModal_OnlineVoteQuitGame;void Destructor_MenuModal_OnlineVoteQuitGame(void)
0x0059d3b0;Destructor_MenuModal_TriggerInvasion;void Destructor_MenuModal_TriggerInvasion(void)
0x0059d3c0;Destructor_MenuModal_TriggerEvent;void Destructor_MenuModal_TriggerEvent(void)
0x0059d3d0;Destructor_MenuModal_TriggerEventOrInvasion;void Destructor_MenuModal_TriggerEventOrInvasion(void)
0x0059d3e0;Destructor_MenuModal_TriggerEventSlider;void Destructor_MenuModal_TriggerEventSlider(void)
0x0059d3f0;Destructor_MenuModal_SendMapTo;void Destructor_MenuModal_SendMapTo(void)
0x0059d400;Destructor_MenuModal_ReceiveMapFromUnk;void Destructor_MenuModal_ReceiveMapFromUnk(void)
0x0059d410;Destructor_MenuModal_BasicAiLordSelect;void Destructor_MenuModal_BasicAiLordSelect(void)
0x0059d420;Destructor_MenuModal_ExtendedAiLordSelect;void Destructor_MenuModal_ExtendedAiLordSelect(void)
0x0059d430;Destructor_MenuModal_Roundtable;void Destructor_MenuModal_Roundtable(void)
0x0059d440;Destructor_MenuModal_Allies;void Destructor_MenuModal_Allies(void)
0x0059d450;Destructor_MenuModal_AlliesOrder;void Destructor_MenuModal_AlliesOrder(void)
0x0059d460;Destructor_MenuModal_AlliesRequestGoods;void Destructor_MenuModal_AlliesRequestGoods(void)
0x0059d470;Destructor_MenuModal_GreatestLord;void Destructor_MenuModal_GreatestLord(void)
0x0059d480;Destructor_MenuModal_AlliesSendGoods;void Destructor_MenuModal_AlliesSendGoods(void)
0x0059d490;Destructor_MenuModal_ChooseRandomNumberOfEnemies;void Destructor_MenuModal_ChooseRandomNumberOfEnemies(void)
0x0059d4a0;Destructor_MenuModal_DeleteGameRecord;void Destructor_MenuModal_DeleteGameRecord(void)
0x0059d4b0;Destructor_MenuModal_TacticalPowerBar;void Destructor_MenuModal_TacticalPowerBar(void)
0x0059d4c0;Destructor_MenuModal_DebugDataAivStateUnk;void Destructor_MenuModal_DebugDataAivStateUnk(void)
0x0059d4d0;Destructor_0059d4d0;void Destructor_0059d4d0(void)
0x0059d4e0;Destructor_0059d4e0;void Destructor_0059d4e0(void)
0x0059d4f0;Destructor_0059d4f0;void Destructor_0059d4f0(void)
0x0059d500;Destructor_0059d500;void Destructor_0059d500(void)
0x0059d510;Destructor_0059d510;void Destructor_0059d510(void)
0x0059d520;Destructor_ScrollingHandler;void Destructor_ScrollingHandler(void)
0x0059d530;Destructor_InsertKeyState;void Destructor_InsertKeyState(void)
0x0059d540;Destructor_0059d540;void Destructor_0059d540(void)
0x0059d550;Destructor_0059d550;void Destructor_0059d550(void)
0x0059d560;Destructor_0059d560;void Destructor_0059d560(void)
0x0059d570;Destructor_0059d570;void Destructor_0059d570(void)
0x0059d580;Destructor_0059d580;void Destructor_0059d580(void)
0x0059d590;Destructor_0059d590;void Destructor_0059d590(void)
0x0059d5a0;Destructor_GameCoreAndRendering;void Destructor_GameCoreAndRendering(void)
0x0059d5b0;Destructor_0059d5b0;void Destructor_0059d5b0(void)
0x0059d5c0;Destructor_0059d5c0;void Destructor_0059d5c0(void)
0x0059d5d0;Destructor_0059d5d0;void Destructor_0059d5d0(void)
0x0059d5e0;Destructor_Stopwatch_Gameloop;void Destructor_Stopwatch_Gameloop(void)
0x0059d5f0;Destructor_Stopwatch_Unknown;void Destructor_Stopwatch_Unknown(void)
0x0059d600;Destructor_0059d600;void Destructor_0059d600(void)
0x0059d610;Destructor_Decoder;void Destructor_Decoder(void)
0x0059d620;Destructor_TextureRenderingCore;void Destructor_TextureRenderingCore(void)
0x0059d630;Destructor_0059d630;void Destructor_0059d630(void)
0x0059d640;Destructor_AlphaAndButtonSurface;void Destructor_AlphaAndButtonSurface(void)
0x0059d650;Destructor_0059d650;void Destructor_0059d650(void)
0x0059d660;Destructor_0059d660;void Destructor_0059d660(void)
0x0059d670;Destructor_0059d670;void Destructor_0059d670(void)
0x0059d680;Destructor_0059d680;void Destructor_0059d680(void)
0x0059d690;Destructor_0059d690;void Destructor_0059d690(void)
0x0059d6a0;Destructor_0059d6a0;void Destructor_0059d6a0(void)
0x0059d6b0;Destructor_0059d6b0;void Destructor_0059d6b0(void)
0x0059d6c0;Destructor_0059d6c0;void Destructor_0059d6c0(void)
0x0059d6d0;Destructor_0059d6d0;void Destructor_0059d6d0(void)
0x0059d6e0;Destructor_0059d6e0;void Destructor_0059d6e0(void)
0x0059d6f0;Destructor_0059d6f0;void Destructor_0059d6f0(void)
0x0059d700;Destructor_0059d700;void Destructor_0059d700(void)
0x0059d710;Destructor_0059d710;void Destructor_0059d710(void)
0x0059d720;Destructor_0059d720;void Destructor_0059d720(void)
0x0059d730;Destructor_0059d730;void Destructor_0059d730(void)
0x0059d740;Destructor_0059d740;void Destructor_0059d740(void)
0x0059d750;Destructor_0059d750;void Destructor_0059d750(void)
0x0059d760;Destructor_0059d760;void Destructor_0059d760(void)
0x0059d770;Destructor_0059d770;void Destructor_0059d770(void)
0x0059d780;Destructor_0059d780;void Destructor_0059d780(void)
0x0059d790;Destructor_BinkControlClass;void Destructor_BinkControlClass(void)
0x0059d7a0;Destructor_0059d7a0;void Destructor_0059d7a0(void)
0x0059d7b0;Destructor_0059d7b0;void Destructor_0059d7b0(void)
0x0059d7c0;Destructor_0059d7c0;void Destructor_0059d7c0(void)
0x0059d7ca;Destructor_0059d7ca;void Destructor_0059d7ca(void)
0x0059d7d4;Destructor_0059d7d4;void Destructor_0059d7d4(void)
0x0059d7de;Destructor_0059d7de;void Destructor_0059d7de(void)
0x0059d7e8;Destructor_0059d7e8;void Destructor_0059d7e8(void)
0x0059d7f2;Destructor_0059d7f2;void Destructor_0059d7f2(void)
